row_id,name,formula,split,target_wf,prediction_wf,residual_wf,abs_error_wf
1,MIP2D-842-Mo2N2,Mo2N2,train,5.094680998723493,5.272232566745163,0.17755156802166994,0.17755156802166994
3,MIP2D-1467-Fe2I2S2,Fe2I2S2,train,5.8315779805861006,5.924865124651871,0.0932871440657701,0.0932871440657701
4,MIP2D-1718-Te6W2,Te6W2,train,4.825641012228177,4.496709492941868,-0.3289315192863089,0.3289315192863089
6,MIP2D-1827-Ni2S2,Ni2S2,train,5.430598996126926,5.526492424597496,0.09589342847057036,0.09589342847057036
8,MIP2D-1475-Fe2Te6,Fe2Te6,train,4.915516006135838,4.726419883197373,-0.1890961229384649,0.1890961229384649
9,MIP2D-1651-O6V2,O6V2,train,7.110754922556413,6.777134899887993,-0.33362002266841984,0.33362002266841984
10,MIP2D-353-C2H2O2W3,C2H2O2W3,train,2.7973309975329457,2.9668865105440223,0.16955551301107663,0.16955551301107663
11,MIP2D-1163-Bi2I2Se2,Bi2I2Se2,train,5.494897008266666,5.735066153284127,0.240169145017461,0.240169145017461
12,MIP2D-1321-Cl2Ga2S2,Cl2Ga2S2,train,5.936793983708016,5.825016394274784,-0.11177758943323202,0.11177758943323202
13,MIP2D-892-O1Tl2,OTl2,train,4.401686988445824,4.500351533107053,0.09866454466122931,0.09866454466122931
16,MIP2D-1567-I2Ru2S2,I2Ru2S2,train,5.374017999426423,5.3125174958832755,-0.06150050354314729,0.06150050354314729
17,MIP2D-466-Cl2Zr2,Cl2Zr2,train,3.750295036314432,3.5766120784416993,-0.17368295787273258,0.17368295787273258
18,MIP2D-677-Hf2O2,Hf2O2,train,3.0923089992666895,2.7017769639122595,-0.39053203535442993,0.39053203535442993
19,MIP2D-57-As2I6,As2I6,train,5.9640749966815205,6.174729042831338,0.2106540461498172,0.2106540461498172
20,MIP2D-837-Mo1S2,MoS2,train,5.071587994344931,5.328270452371357,0.2566824580264262,0.2566824580264262
21,MIP2D-1105-Ag2Cl2S2,Ag2Cl2S2,train,7.081383993032379,6.88889691114134,-0.1924870818910387,0.1924870818910387
22,MIP2D-1184-Br2Ga2O2,Br2Ga2O2,train,6.288726014471951,6.396632934629988,0.10790692015803671,0.10790692015803671
23,MIP2D-1520-I2Mo2S2,I2Mo2S2,train,4.821104019864531,4.888802518864517,0.06769849899998537,0.06769849899998537
25,MIP2D-352-C2H2O2V3,C2H2O2V3,train,1.4725858456939536,1.345247606912317,-0.12733823878163664,0.12733823878163664
26,MIP2D-1000-Rh2S2,Rh2S2,train,4.873992998100804,5.07150583266512,0.197512834564316,0.197512834564316
27,MIP2D-1513-I2Ir2Se2,I2Ir2Se2,train,4.89687299222334,4.987134817148747,0.09026182492540702,0.09026182492540702
28,MIP2D-1716-Te6Ti2,Te6Ti2,train,4.633340014339682,4.89765047762413,0.2643104632844482,0.2643104632844482
29,MIP2D-518-Cl6W2,Cl6W2,train,4.45541901873034,4.256519014359525,-0.1989000043708149,0.1989000043708149
30,MIP2D-934-O2Zr1,O2Zr,train,7.65976593760857,7.875164251330112,0.2153983137215425,0.2153983137215425
32,MIP2D-1425-Cl4Pd2,Cl4Pd2,train,6.788375919257361,6.770372098809337,-0.0180038204480244,0.0180038204480244
33,MIP2D-1646-O6Pt2,O6Pt2,train,7.672448935132727,7.967342985526307,0.2948940503935802,0.2948940503935802
34,MIP2D-1653-O6Zr2,O6Zr2,train,7.2257160330377435,7.550096527396281,0.3243804943585378,0.3243804943585378
35,MIP2D-1825-Nd2Te6,Nd2Te6,train,4.719114001549983,4.745807883905627,0.026693882355644405,0.026693882355644405
36,MIP2D-1694-S6U2,S6U2,train,5.163957998491282,5.1599401296521075,-0.004017868839174099,0.004017868839174099
37,MIP2D-1097-Te2Zr2,Te2Zr2,train,4.540997973636337,4.509954118423865,-0.031043855212471883,0.031043855212471883
38,MIP2D-1108-Ag2I2O2,Ag2I2O2,train,5.5816650094433395,5.809626006704445,0.2279609972611052,0.2279609972611052
39,MIP2D-1160-Bi2I2O2,Bi2I2O2,train,6.016870017749296,6.244986390068262,0.22811637231896587,0.22811637231896587
41,MIP2D-1490-Hf2I2Se2,Hf2I2Se2,train,4.300905031543196,4.381277376395083,0.08037234485188716,0.08037234485188716
42,MIP2D-256-Br6V2,Br6V2,train,6.313925001670115,6.380155531766103,0.06623053009598845,0.06623053009598845
43,MIP2D-602-Fe2S2,Fe2S2,train,4.368687034468257,4.502740811025609,0.1340537765573515,0.1340537765573515
45,MIP2D-1238-Br2O2Os2,Br2O2Os2,train,4.501871036094378,4.376094601362938,-0.1257764347314394,0.1257764347314394
46,MIP2D-1270-Br2S2W2,Br2S2W2,train,4.743947003206095,4.595869366779704,-0.14807763642639138,0.14807763642639138
47,MIP2D-607-Ga1I2,GaI2,train,5.444237001156594,5.34363820480565,-0.10059879635094404,0.10059879635094404
48,MIP2D-1736-Bi2I2O2,Bi2I2O2,train,6.022286018064628,6.268842237172004,0.2465562191073758,0.2465562191073758
49,MIP2D-335-C2F2Ti3,C2F2Ti3,train,4.006102985961364,4.12218116989534,0.11607818393397551,0.11607818393397551
50,MIP2D-921-O2Ti1,O2Ti,train,7.768471046283745,7.912233974297069,0.14376292801332458,0.14376292801332458
51,MIP2D-1262-Br2Ru2Se2,Br2Ru2Se2,train,5.99826601029766,6.10249639865463,0.10423038835696996,0.10423038835696996
53,MIP2D-1460-Cu2I2Se2,Cu2I2Se2,train,5.780746989732707,5.767410359438961,-0.013336630293745877,0.013336630293745877
54,MIP2D-1746-Br2O2Sm2,Br2O2Sm2,train,6.910946990949583,6.920058314499681,0.009111323550097694,0.009111323550097694
56,MIP2D-1313-Cl2Er2S2,Cl2Er2S2,train,6.5363060006490565,6.809985742618931,0.27367974196987443,0.27367974196987443
57,MIP2D-1314-Cl2F2,Cl2F2,train,7.7473590738929135,7.84538593003133,0.09802685613841611,0.09802685613841611
58,MIP2D-699-I2Ir1,I2Ir,train,4.2887199663379745,4.427185743753002,0.13846577741502752,0.13846577741502752
59,MIP2D-853-N2Pb6,N2Pb6,train,3.74148193525759,3.874379347182744,0.13289741192515425,0.13289741192515425
60,MIP2D-135-Br2Ca1,Br2Ca,train,7.306272062120338,7.36961969343332,0.06334763131298171,0.06334763131298171
61,MIP2D-1710-Se6Zr2,Se6Zr2,train,5.021779997753389,5.103316292956921,0.08153629520353256,0.08153629520353256
63,MIP2D-730-I2Sr1,I2Sr,train,6.608864037617097,6.726970232123051,0.1181061945059545,0.1181061945059545
64,MIP2D-824-Mn1Se2,MnSe2,train,4.957084996239697,4.961318437803129,0.004233441563432194,0.004233441563432194
67,MIP2D-406-Cl2Ge1,Cl2Ge,train,6.663304041267354,6.585216441899807,-0.07808759936754672,0.07808759936754672
68,MIP2D-872-Nb2S2,Nb2S2,train,5.3995169987781955,5.409296170695453,0.009779171917257301,0.009779171917257301
69,MIP2D-962-Pb1Te2,PbTe2,train,4.537910972224966,4.535024738165848,-0.0028862340591180313,0.0028862340591180313
70,MIP2D-1512-I2Ir2S2,I2Ir2S2,train,4.7256679818048015,4.900948740305273,0.1752807585004712,0.1752807585004712
71,MIP2D-1759-Co2O2,Co2O2,train,4.805037994837089,4.536545054635151,-0.2684929402019378,0.2684929402019378
72,MIP2D-1058-Se2Sn1,Se2Sn,train,5.53511999075213,5.490969639297582,-0.044150351454548264,0.044150351454548264
73,MIP2D-1898-Se2W2,Se2W2,train,3.8327500577272415,3.8424734451178355,0.009723387390593974,0.009723387390593974
74,MIP2D-727-I2Sn1,I2Sn,train,5.587463000558646,5.627752098791898,0.04028909823325222,0.04028909823325222
75,MIP2D-1302-Cl2Co2S2,Cl2Co2S2,train,6.263538009280495,6.143030985411892,-0.12050702386860301,0.12050702386860301
76,MIP2D-1796-I2O2Tm2,I2O2Tm2,train,5.900026998059294,5.985782641250984,0.08575564319168993,0.08575564319168993
77,MIP2D-1169-Br2Co2Se2,Br2Co2Se2,train,6.416320988165949,6.283765726760881,-0.13255526140506824,0.13255526140506824
78,MIP2D-1404-Cl2S2Ti2,Cl2S2Ti2,train,5.577942007484261,5.60669446699722,0.02875245951295824,0.02875245951295824
79,MIP2D-540-Co1Se2,CoSe2,train,4.760531989061614,5.0850832739615015,0.32455128489988727,0.32455128489988727
80,MIP2D-802-In2Se2,In2Se2,train,5.642878999549456,5.755952750492862,0.1130737509434061,0.1130737509434061
81,MIP2D-868-Nb1Se2,NbSe2,train,5.514396008590864,5.250042903597963,-0.26435310499290043,0.26435310499290043
82,MIP2D-384-Ca1Cl2,CaCl2,train,7.854156079239715,8.021690903016617,0.16753482377690254,0.16753482377690254
83,MIP2D-436-Cl2Re1,Cl2Re,train,3.466581970320219,3.451066591243909,-0.015515379076310065,0.015515379076310065
84,MIP2D-855-N2Si2,N2Si2,train,5.927684002403183,5.949138694751485,0.02145469234830255,0.02145469234830255
85,MIP2D-1398-Cl2Rh2Te2,Cl2Rh2Te2,train,5.726854012038778,5.707868888280293,-0.018985123758485045,0.018985123758485045
86,MIP2D-437-Cl2Re1,Cl2Re,train,5.064985998316342,4.47808335878042,-0.5869026395359214,0.5869026395359214
87,MIP2D-484-Cl6Ir2,Cl6Ir2,train,6.4073839938038075,6.18208251317446,-0.22530148062934785,0.22530148062934785
88,MIP2D-710-I2Os1,I2Os,train,4.662481989360915,4.687662957933258,0.025180968572342977,0.025180968572342977
90,MIP2D-1336-Cl2In2O2,Cl2In2O2,train,7.433076005938607,7.396741182590873,-0.03633482334773408,0.03633482334773408
91,MIP2D-1809-Mg2O4Si1,Mg2O4Si,train,2.980337923144911,2.706858785830893,-0.2734791373140184,0.2734791373140184
92,MIP2D-1812-Mn2P2Rb2,Mn2P2Rb2,train,0.9821971078390499,-0.1452043120018729,-1.1274014198409228,1.1274014198409228
93,MIP2D-145-Br2Fe1,Br2Fe,train,6.594370961342955,6.542907894992399,-0.0514630663505562,0.0514630663505562
95,MIP2D-1675-Re2Te6,Re2Te6,train,4.249491994334307,4.418727646231504,0.16923565189719714,0.16923565189719714
96,MIP2D-248-Br6Sb2,Br6Sb2,train,6.519176022542155,6.77693266826818,0.2577566457260252,0.2577566457260252
98,MIP2D-1187-Br2Ge2N2,Br2Ge2N2,train,6.069353027804284,6.025761538468849,-0.04359148933543455,0.04359148933543455
99,MIP2D-1233-Br2Nb2S2,Br2Nb2S2,train,4.869331014231188,5.008582818607778,0.13925180437659002,0.13925180437659002
100,MIP2D-332-C2F2Nb3,C2F2Nb3,train,4.625909019164024,4.681426886435571,0.05551786727154706,0.05551786727154706
101,MIP2D-1-Ag1Bi1P2Se6,AgBiP2Se6,train,5.565308998427672,5.460064604784712,-0.1052443936429599,0.1052443936429599
102,MIP2D-1049-Sc1Se2,ScSe2,train,6.25701201280573,6.0867023206525435,-0.1703096921531868,0.1703096921531868
105,MIP2D-758-I6Nb2,I6Nb2,train,4.8572560131376346,4.908285208875048,0.0510291957374136,0.0510291957374136
106,MIP2D-1099-Ag2Br2N2,Ag2Br2N2,train,6.020995022165017,6.317246692632233,0.2962516704672167,0.2962516704672167
107,MIP2D-1273-Br2Se2Sn2,Br2Se2Sn2,train,5.645619986401344,5.743096440633221,0.09747645423187734,0.09747645423187734
108,MIP2D-236-Br6Os2,Br6Os2,train,5.446726001797169,5.521982968598816,0.07525696680164717,0.07525696680164717
109,MIP2D-643-Ge2O6Ti2,Ge2O6Ti2,train,5.327932999709696,5.159065229784413,-0.16886776992528318,0.16886776992528318
110,MIP2D-736-I2Tl1,I2Tl,train,6.054270014399457,6.175306533687754,0.12103651928829784,0.12103651928829784
112,MIP2D-1054-Sc2Te2,Sc2Te2,train,4.703579993736369,4.887505706568761,0.18392571283239167,0.18392571283239167
113,MIP2D-280-C1F2Ti2,CF2Ti2,train,4.190024997450755,3.7297668185912505,-0.4602581788595046,0.4602581788595046
114,MIP2D-632-Ge1Se1,GeSe,train,5.700899015364052,5.4485365076251915,-0.2523625077388605,0.2523625077388605
116,MIP2D-176-Br2Pb1,Br2Pb,train,6.960695969423598,6.761814919182878,-0.19888105024072011,0.19888105024072011
117,MIP2D-839-Mo1Se2,MoSe2,train,4.912198992695095,5.027131610970136,0.11493261827504053,0.11493261827504053
122,MIP2D-810-Ir1Se2,IrSe2,train,6.070197991535176,5.725268494988912,-0.34492949654626415,0.34492949654626415
123,MIP2D-1621-Mo2S6,Mo2S6,train,5.46719300500148,5.10693303383258,-0.3602599711689001,0.3602599711689001
124,MIP2D-234-Br6Ni2,Br6Ni2,train,6.49781902937945,6.6196298208147235,0.12181079143527374,0.12181079143527374
126,MIP2D-860-N2Y1,N2Y,train,4.518175980778856,4.513763817224785,-0.004412163554071036,0.004412163554071036
127,MIP2D-992-Re2S2,Re2S2,train,4.817235994405765,4.721491158587062,-0.09574483581870297,0.09574483581870297
128,MIP2D-1358-Cl2N2Ru2,Cl2N2Ru2,train,5.641629003141553,5.795034092369936,0.15340508922838314,0.15340508922838314
129,MIP2D-1624-Mo2Te4,Mo2Te4,train,4.447443966807575,4.605524828425107,0.158080861617532,0.158080861617532
130,MIP2D-451-Cl2Tb2,Cl2Tb2,train,4.229467972741295,4.224139665783228,-0.005328306958067408,0.005328306958067408
133,MIP2D-1179-Br2Fe2N2,Br2Fe2N2,train,6.209743015490855,6.292946114930938,0.08320309944008297,0.08320309944008297
134,MIP2D-1623-Mo2Se6,Mo2Se6,train,5.220172999481209,4.9745208232334015,-0.24565217624780722,0.24565217624780722
135,MIP2D-1753-Cd1Te1,CdTe,train,5.124524002008077,4.961751128867403,-0.1627728731406739,0.1627728731406739
137,MIP2D-688-Hg1S2,HgS2,train,6.295901006869028,6.259985126740134,-0.03591588012889346,0.03591588012889346
138,MIP2D-961-Pb1Te1,PbTe,train,5.359797002368459,5.249314410149319,-0.1104825922191397,0.1104825922191397
140,MIP2D-1372-Cl2Ni2Se2,Cl2Ni2Se2,train,5.922717003465791,5.9641917313454105,0.0414747278796197,0.0414747278796197
141,MIP2D-286-C1H2Mn2O2,CH2Mn2O2,train,2.2051820093482735,1.6703182593812698,-0.5348637499670037,0.5348637499670037
144,MIP2D-1185-Br2Ga2S2,Br2Ga2S2,train,6.03765602791141,5.765587183629125,-0.27206884428228495,0.27206884428228495
145,MIP2D-603-Fe2Se2,Fe2Se2,train,4.4495760217245826,4.43038394815081,-0.019192073573772284,0.019192073573772284
148,MIP2D-1140-Au2Cl2Te4,Au2Cl2Te4,train,4.374125974975378,4.875398979678053,0.501273004702675,0.501273004702675
149,MIP2D-1445-Co2Te6,Co2Te6,train,4.656022983127066,4.9027850131749595,0.24676203004789343,0.24676203004789343
150,MIP2D-1649-O6Ta2,O6Ta2,train,6.5417520184493885,6.563654939367751,0.021902920918362767,0.021902920918362767
151,MIP2D-658-H2Ni1O2,H2NiO2,train,3.395887945957326,3.5565911480802055,0.16070320212287958,0.16070320212287958
152,MIP2D-96-Ba1Br2,BaBr2,train,7.1252049656339,7.12234020749901,-0.0028647581348897333,0.0028647581348897333
153,MIP2D-213-Br6Cr2,Br6Cr2,train,6.585005994112013,6.674060062681242,0.08905406856922937,0.08905406856922937
154,MIP2D-549-Co2Te2,Co2Te2,train,4.272381994285176,3.9739290415845963,-0.2984529527005799,0.2984529527005799
156,MIP2D-1012-S1Se1Ta1,SSeTa,train,5.151541995920937,5.160876183027523,0.009334187106586178,0.009334187106586178
157,MIP2D-1018-S2Sc1,S2Sc,train,6.53804701477908,6.807085191276994,0.26903817649791417,0.26903817649791417
158,MIP2D-1070-Se2W1,Se2W,train,4.724463011624399,4.650038602953474,-0.07442440867092515,0.07442440867092515
159,MIP2D-1648-O6Ru2,O6Ru2,train,7.332341068294326,7.257912348168917,-0.07442872012540924,0.07442872012540924
160,MIP2D-1875-S1Sn1,SSn,train,3.7623500257513176,3.788963576761601,0.0266135510102834,0.0266135510102834
161,MIP2D-884-Ni2S2,Ni2S2,train,4.8216409993184275,4.673591590716683,-0.14804940860174476,0.14804940860174476
163,MIP2D-16-Ag2Cl6,Ag2Cl6,train,7.3398569909885225,7.472398911289146,0.13254192030062306,0.13254192030062306
165,MIP2D-898-O2Pd1,O2Pd,train,7.830739024315085,7.981308681433896,0.15056965711881087,0.15056965711881087
166,MIP2D-1282-Br4Ir2,Br4Ir2,train,4.796633017688776,5.088146257317462,0.2915132396286859,0.2915132396286859
167,MIP2D-425-Cl2Nb1,Cl2Nb,train,4.159884025886033,4.051025169116953,-0.10885885676907936,0.10885885676907936
168,MIP2D-478-Cl6Ga2,Cl6Ga2,train,7.34911506668751,7.425436922072892,0.07632185538538216,0.07632185538538216
169,MIP2D-507-Cl6Sc2,Cl6Sc2,train,7.9564449301590034,7.827206722868777,-0.12923820729022673,0.12923820729022673
170,MIP2D-673-Hf1Te2,HfTe2,train,5.030382000236854,5.024887722618157,-0.005494277618696586,0.005494277618696586
171,MIP2D-240-Br6Pt2,Br6Pt2,train,6.050548985134175,5.872628314917625,-0.17792067021655011,0.17792067021655011
172,MIP2D-1272-Br2Sc2Se2,Br2Sc2Se2,train,5.8956780013808405,5.982040380106069,0.08636237872522834,0.08636237872522834
173,MIP2D-431-Cl2Pb1,Cl2Pb,train,7.024448063976205,7.032540420000246,0.008092356024040903,0.008092356024040903
174,MIP2D-502-Cl6Rh2,Cl6Rh2,train,6.839757067972699,6.86335878330641,0.023601715333710693,0.023601715333710693
175,MIP2D-660-H2Si2,H2Si2,train,4.8407110099213515,4.864142666847492,0.023431656926140576,0.023431656926140576
177,MIP2D-112-Bi2F2O2,Bi2F2O2,train,6.231824007614274,6.292864604036709,0.0610405964224352,0.0610405964224352
178,MIP2D-416-Cl2Ir1,Cl2Ir,train,4.5501780364136035,4.739389063681507,0.18921102726790373,0.18921102726790373
180,MIP2D-1142-Au2I2N2,Au2I2N2,train,5.109825999455069,5.367340405500734,0.2575144060456651,0.2575144060456651
181,MIP2D-290-C1H2O2Ta2,CH2O2Ta2,train,2.58959796179682,2.805812360639024,0.21621439884220406,0.21621439884220406
182,MIP2D-428-Cl2Ni1,Cl2Ni,train,7.540048072607146,7.414481597574314,-0.1255664750328318,0.1255664750328318
183,MIP2D-465-Cl2Zr1,Cl2Zr,train,4.130059010721695,3.8927837261568987,-0.23727528456479607,0.23727528456479607
184,MIP2D-1096-Te2Zr1,Te2Zr,train,5.318704000907171,5.169906056694541,-0.14879794421262993,0.14879794421262993
185,MIP2D-1765-Cr2Se2,Cr2Se2,train,4.376556008341048,4.338977859137634,-0.03757814920341396,0.03757814920341396
186,MIP2D-738-I2Tm1,I2Tm,train,2.843386930521734,2.8724388124138662,0.029051881892132148,0.029051881892132148
188,MIP2D-633-Ge1Se2,GeSe2,train,5.589733001682129,5.660180256286895,0.07044725460476631,0.07044725460476631
189,MIP2D-118-Bi2Pb1Se4,Bi2PbSe4,train,5.703558003232524,5.205720821013528,-0.497837182218996,0.497837182218996
191,MIP2D-365-C2O2Sc3,C2O2Sc3,train,3.6411659408321504,3.590760970490809,-0.05040497034134139,0.05040497034134139
193,MIP2D-480-Cl6Hf2,Cl6Hf2,train,4.149585994825946,4.277713555171157,0.12812756034521122,0.12812756034521122
195,MIP2D-1468-Fe2I2Se2,Fe2I2Se2,train,5.548641993251688,5.862037226974844,0.31339523372315625,0.31339523372315625
196,MIP2D-201-Br2V1,Br2V,train,4.639709984971002,4.453267033504863,-0.1864429514661392,0.1864429514661392
197,MIP2D-103-Bi1Cl1Te1,BiClTe,train,6.5157289740071755,6.386259249745916,-0.12946972426125924,0.12946972426125924
198,MIP2D-1315-Cl2Fe2N2,Cl2Fe2N2,train,7.092983920650586,6.9553474881124675,-0.13763643253811875,0.13763643253811875
200,MIP2D-823-Mn1Se2,MnSe2,train,5.511474001661748,5.43916141254362,-0.07231258911812777,0.07231258911812777
203,MIP2D-857-N2Sn2,N2Sn2,train,5.75950799213096,5.849925090428981,0.0904170982980208,0.0904170982980208
204,MIP2D-863-Nb1O2,NbO2,train,6.473353965622136,6.476286405457624,0.0029324398354875214,0.0029324398354875214
205,MIP2D-899-O2Pd1,O2Pd,train,5.298703999911701,5.2155838680070135,-0.08312013190468726,0.08312013190468726
206,MIP2D-1121-Al2H2O4,H2Al2O4,train,3.482992016876297,3.1456451078723524,-0.3373469090039447,0.3373469090039447
208,MIP2D-1370-Cl2Ni2O2,Cl2Ni2O2,train,7.023842019902349,7.053197167876004,0.02935514797365446,0.02935514797365446
209,MIP2D-1279-Br2Se2Zr2,Br2Se2Zr2,train,4.799203986807192,4.766197443625601,-0.033006543181590686,0.033006543181590686
211,MIP2D-1695-S6V2,S6V2,train,4.9759910088757895,4.881833459430255,-0.09415754944553445,0.09415754944553445
212,MIP2D-676-Hf2I6,Hf2I6,train,3.363888981554096,3.684532665096972,0.3206436835428761,0.3206436835428761
213,MIP2D-1257-Br2Pt2S2,Br2Pt2S2,train,4.759090987085199,4.894359048191605,0.1352680611064061,0.1352680611064061
214,MIP2D-287-C1H2Mo2O2,CH2Mo2O2,train,3.663310059157088,3.0584297526187454,-0.6048803065383428,0.6048803065383428
215,MIP2D-672-Hf1Te2,HfTe2,train,4.599465038472124,4.556486833200153,-0.042978205271970715,0.042978205271970715
216,MIP2D-852-N2Nb1,N2Nb,train,4.713266001630059,4.738735715630611,0.0254697140005522,0.0254697140005522
217,MIP2D-926-O2V1,O2V,train,6.763036931810727,6.823475226176406,0.060438294365678935,0.060438294365678935
219,MIP2D-195-Br2Tb2,Br2Tb2,train,4.794412008517438,4.625568373585598,-0.1688436349318394,0.1688436349318394
220,MIP2D-14-Ag2Br6,Ag2Br6,train,7.0073670574844,6.873869458555633,-0.13349759892876722,0.13349759892876722
221,MIP2D-302-C1Mo2,CMo2,train,5.088289999583033,5.125041264692523,0.03675126510949056,0.03675126510949056
222,MIP2D-149-Br2Ge1,Br2Ge,train,6.472994976025099,6.350682916994778,-0.12231205903032105,0.12231205903032105
223,MIP2D-67-Au1Cl2,AuCl2,train,7.140856033504196,7.200649399357455,0.059793365853258784,0.059793365853258784
226,MIP2D-1786-Hf2Se2,Hf2Se2,train,3.917614938152659,3.808869480771359,-0.10874545738130026,0.10874545738130026
227,MIP2D-1190-Br2Ge2Se2,Br2Ge2Se2,train,5.891518993418426,5.870257136973087,-0.02126185644533951,0.02126185644533951
228,MIP2D-1597-I4W2,I4W2,train,3.9332210204695532,4.081327535506176,0.14810651503662298,0.14810651503662298
231,MIP2D-976-Pt1S2,PtS2,train,4.199579994071835,4.291658507288299,0.09207851321646476,0.09207851321646476
232,MIP2D-1768-F2I2Pb2,F2I2Pb2,train,6.265775003372707,6.480846053294367,0.2150710499216597,0.2150710499216597
233,MIP2D-538-Co1O2,CoO2,train,7.597896077657424,7.729821704011264,0.13192562635383975,0.13192562635383975
234,MIP2D-584-F2Ge2,F2Ge2,train,7.0031410186069705,7.221021591237192,0.21788057263022154,0.21788057263022154
236,MIP2D-1394-Cl2Pt2S2,Cl2Pt2S2,train,5.15392799957453,5.196749782430593,0.04282178285606264,0.04282178285606264
237,MIP2D-1457-Cu2I2N2,Cu2I2N2,train,5.839817007410834,5.943099892633543,0.10328288522270945,0.10328288522270945
238,MIP2D-1556-I2O2Zr2,I2O2Zr2,train,3.727506965655447,4.042834056380744,0.3153270907252965,0.3153270907252965
239,MIP2D-1684-Ru2Se4,Ru2Se4,train,5.16511000082637,5.2947183068269,0.12960830600052997,0.12960830600052997
240,MIP2D-590-Fe1I2,FeI2,train,5.702019017351819,5.563040197190107,-0.1389788201617117,0.1389788201617117
241,MIP2D-1224-Br2N2Sc2,Br2N2Sc2,train,6.8966990167955124,7.117030285233653,0.22033126843814088,0.22033126843814088
242,MIP2D-653-H2Mg2O3,H2Mg2O3,train,3.0917719384645954,3.358574666486056,0.26680272802146066,0.26680272802146066
243,MIP2D-449-Cl2Ta1,Cl2Ta,train,3.9131030417080446,3.8217374640973887,-0.09136557761065589,0.09136557761065589
244,MIP2D-576-Cu1Te2,CuTe2,train,5.047102003763725,4.958439504744766,-0.08866249901895884,0.08866249901895884
245,MIP2D-1239-Br2O2Pb2,Br2O2Pb2,train,6.238830039804451,6.385781247735449,0.14695120793099736,0.14695120793099736
246,MIP2D-1347-Cl2Mo2N2,Cl2Mo2N2,train,5.963586988842719,5.720949759840052,-0.24263722900266682,0.24263722900266682
247,MIP2D-1470-Fe2S4,Fe2S4,train,5.612236007918857,5.950851928471948,0.3386159205530914,0.3386159205530914
249,MIP2D-1376-Cl2O2Pd2,Cl2O2Pd2,train,5.683620007358721,5.990748541987705,0.30712853462898426,0.30712853462898426
250,MIP2D-148-Br2Ge1,Br2Ge,train,6.331586020812471,6.284530399820511,-0.04705562099195948,0.04705562099195948
251,MIP2D-1493-Hf2S6,Hf2S6,train,5.644193993167429,5.336357886829429,-0.30783610633799974,0.30783610633799974
252,MIP2D-835-Mo1S1Se1,MoSSe,train,5.714871991935349,5.360094680845642,-0.35477731108970634,0.35477731108970634
253,MIP2D-1101-Ag2Br2S2,Ag2Br2S2,train,5.834976993010259,6.116533518279917,0.28155652526965813,0.28155652526965813
254,MIP2D-1263-Br2S2Sb2,Br2S2Sb2,train,5.93386300814009,5.90649625416607,-0.027366753974019886,0.027366753974019886
255,MIP2D-1287-Br4Re2,Br4Re2,train,3.688330975150195,4.037679997262434,0.3493490221122393,0.3493490221122393
257,MIP2D-821-Mn1S2,MnS2,train,6.090383001211699,6.168620769352446,0.07823776814074712,0.07823776814074712
259,MIP2D-317-C1Tb2,CTb2,train,2.9843249610171068,3.1538755931363136,0.16955063211920685,0.16955063211920685
260,MIP2D-361-C2Mo3,C2Mo3,train,4.796640013633789,5.008273695456012,0.21163368182222264,0.21163368182222264
261,MIP2D-1073-Se2Zr1,Se2Zr,train,5.883293999157819,5.843925010053207,-0.03936898910461206,0.03936898910461206
262,MIP2D-1506-I2In2N2,I2In2N2,train,5.553248009561196,5.78485125035798,0.23160324079678407,0.23160324079678407
264,MIP2D-1379-Cl2O2Ru2,Cl2O2Ru2,train,5.557684008137232,5.503611983059872,-0.05407202507736031,0.05407202507736031
265,MIP2D-1834-O2Re2,O2Re2,train,5.323737001196449,5.273190157055955,-0.05054684414049326,0.05054684414049326
266,MIP2D-1211-Br2Mn2Se2,Br2Mn2Se2,train,6.290232013658435,6.324977862657895,0.034745848999460094,0.034745848999460094
267,MIP2D-128-Bi2Si6,Bi2Si6,train,4.507261004986403,4.484682161892245,-0.022578843094158252,0.022578843094158252
268,MIP2D-167-Br2N2Zr2,Br2N2Zr2,train,5.943165011865909,6.162311159083918,0.21914614721800962,0.21914614721800962
269,MIP2D-1696-S6W2,S6W2,train,4.845294004690872,5.026580497266865,0.18128649257599339,0.18128649257599339
270,MIP2D-322-C1Zr2,CZr2,train,3.4707279625709804,3.2453770222373506,-0.2253509403336298,0.2253509403336298
272,MIP2D-1763-Cr2O2,Cr2O2,train,3.400880935643926,3.1341523971788887,-0.2667285384650371,0.2667285384650371
273,MIP2D-104-Bi1Cu1P2Se6,BiCuP2Se6,train,5.131324996065616,5.127518866416876,-0.00380612964873972,0.00380612964873972
274,MIP2D-111-Bi2Cl6,Bi2Cl6,train,7.522790052436855,7.5128574374814345,-0.00993261495542086,0.00993261495542086
275,MIP2D-1157-Bi2Cl2S2,Bi2Cl2S2,train,6.748644971346492,6.78734881691152,0.038703845565028594,0.038703845565028594
276,MIP2D-1487-Hf2I2N2,Hf2I2N2,train,5.398656995799229,5.650973429952542,0.25231643415331284,0.25231643415331284
277,MIP2D-169-Br2Nb1,Br2Nb,train,3.365986951576212,3.6201517489751147,0.25416479739890274,0.25416479739890274
278,MIP2D-1200-Br2In2O2,Br2In2O2,train,6.803116050008322,6.638809285417832,-0.16430676459049032,0.16430676459049032
279,MIP2D-1752-Cd1Se1,CdSe,train,5.0067030041152005,5.01609469422913,0.009391690113929485,0.009391690113929485
280,MIP2D-750-I6In2,I6In2,train,6.081851039526569,6.280828650078116,0.19897761055154728,0.19897761055154728
281,MIP2D-1265-Br2S2Sn2,Br2S2Sn2,train,5.69420401800829,5.756420136563512,0.06221611855522191,0.06221611855522191
282,MIP2D-1391-Cl2Pb2Se2,Cl2Pb2Se2,train,5.9011260122120195,5.94473755387822,0.04361154166620018,0.04361154166620018
283,MIP2D-1882-S2W2,S2W2,train,4.396021981296925,4.039549622893232,-0.3564723584036926,0.3564723584036926
285,MIP2D-552-Cr1I2,CrI2,train,4.1991620270313685,4.183213224757003,-0.015948802274365903,0.015948802274365903
287,MIP2D-66-Au1Cl2,AuCl2,train,6.895230031039042,6.909796727432223,0.014566696393180756,0.014566696393180756
289,MIP2D-551-Cr1Ga2S4,CrGa2S4,train,3.818430009069891,4.436765226181629,0.6183352171117384,0.6183352171117384
290,MIP2D-1344-Cl2Mn2O2,Cl2Mn2O2,train,6.8442129968572045,7.0392461146440235,0.19503311778681898,0.19503311778681898
291,MIP2D-1869-Rh2Te2,Rh2Te2,train,3.837575958215492,3.997963529330779,0.16038757111528712,0.16038757111528712
292,MIP2D-1880-S2Ti2,S2Ti2,train,4.148513988274901,4.044827738013237,-0.10368625026166445,0.10368625026166445
294,MIP2D-854-N2Si2,N2Si2,train,5.731174008084705,5.969118828991766,0.23794482090706115,0.23794482090706115
295,MIP2D-1041-Sb2Se1Te2,Sb2SeTe2,train,4.765423984960604,4.731059048897498,-0.0343649360631062,0.0343649360631062
296,MIP2D-116-Bi2I6,Bi2I6,train,6.121584997320759,6.4183304513488215,0.29674545402806274,0.29674545402806274
297,MIP2D-1755-Cl2F2Pb2,Cl2F2Pb2,train,7.093166954095711,7.114818265038176,0.021651310942464974,0.021651310942464974
298,MIP2D-1894-Se2Ta2,Se2Ta2,train,5.315112000052177,5.320229101667358,0.005117101615181419,0.005117101615181419
299,MIP2D-973-Pd2Te2,Pd2Te2,train,4.785439017577755,4.629622564395105,-0.15581645318264936,0.15581645318264936
300,MIP2D-40-Al2Se2,Al2Se2,train,5.529899998919477,5.624863505635043,0.09496350671556542,0.09496350671556542
301,MIP2D-629-Ge1S1,GeS,train,6.215462037843115,5.945303452616446,-0.27015858522666925,0.27015858522666925
302,MIP2D-897-O2Pb1,O2Pb,train,8.244494017794116,8.454679538998512,0.21018552120439615,0.21018552120439615
303,MIP2D-212-Br6Co2,Br6Co2,train,6.705340071712023,6.51003720330119,-0.19530286841083289,0.19530286841083289
304,MIP2D-278-C1F2Si1,CF2Si,train,7.344081077509204,7.727318131874752,0.3832370543655488,0.3832370543655488
305,MIP2D-1329-Cl2Hf2S2,Cl2Hf2S2,train,4.731414987937116,4.948959714532584,0.21754472659546753,0.21754472659546753
306,MIP2D-1689-S4W2,S4W2,train,5.6389870170464285,5.241753186677455,-0.39723383036897353,0.39723383036897353
307,MIP2D-822-Mn1S2,MnS2,train,5.121757990416832,5.185800965787841,0.06404297537100945,0.06404297537100945
308,MIP2D-1082-Ta1Te2,TaTe2,train,4.1149060378667315,4.318327863162296,0.20342182529556485,0.20342182529556485
309,MIP2D-1260-Br2Rh2Se2,Br2Rh2Se2,train,5.870631989468702,6.029285298354385,0.1586533088856834,0.1586533088856834
310,MIP2D-1367-Cl2Nb2O2,Cl2Nb2O2,train,5.199393995432633,5.021136411486232,-0.1782575839464009,0.1782575839464009
311,MIP2D-359-C2Mn3,C2Mn3,train,2.66876700410636,3.624697974359215,0.9559309702528549,0.9559309702528549
312,MIP2D-563-Cr2I6,Cr2I6,train,5.570688005650039,5.6267206849915725,0.05603267934153333,0.05603267934153333
313,MIP2D-1027-S2Ti1,S2Ti,train,5.537070008739436,5.61415425943491,0.07708425069547431,0.07708425069547431
315,MIP2D-160-Br2Ir1,Br2Ir,train,5.3833909997919,5.501617996371637,0.1182269965797369,0.1182269965797369
316,MIP2D-990-Re1Te2,ReTe2,train,4.564102976874079,4.29274043831948,-0.271362538554599,0.271362538554599
317,MIP2D-998-Rh1Se2,RhSe2,train,4.500721016621611,4.51700944762193,0.016288431000318404,0.016288431000318404
320,MIP2D-1881-S2V2,S2V2,train,4.898368009403117,4.851856567180562,-0.04651144222255521,0.04651144222255521
321,MIP2D-1904-Ta2Te2,Ta2Te2,train,5.038367993492227,4.989889226453276,-0.04847876703895082,0.04847876703895082
322,MIP2D-259-Br6W2,Br6W2,train,4.279942983880971,4.274136105475051,-0.0058068784059193135,0.0058068784059193135
325,MIP2D-1232-Br2Nb2O2,Br2Nb2O2,train,4.438889959760831,4.594834455006871,0.1559444952460396,0.1559444952460396
326,MIP2D-1554-I2O2V2,I2O2V2,train,5.042537007282975,5.138252944154399,0.09571593687142332,0.09571593687142332
329,MIP2D-150-Br2H4Tb2,H4Br2Tb2,train,4.780491013444557,5.119896113201877,0.3394050997573199,0.3394050997573199
330,MIP2D-156-Br2Ho2O2,Br2Ho2O2,train,6.824467999582761,7.008859146129055,0.18439114654629396,0.18439114654629396
332,MIP2D-292-C1H2O2V2,CH2O2V2,train,1.2369910521999934,0.9140904442564359,-0.32290060794355746,0.32290060794355746
333,MIP2D-1154-Bi2Br2Se2,Bi2Br2Se2,train,6.317794979485629,6.451621062437246,0.13382608295161713,0.13382608295161713
336,MIP2D-1787-Hf2Si2Te2,Hf2Si2Te2,train,4.747918991661692,4.560078274786286,-0.1878407168754057,0.1878407168754057
337,MIP2D-1822-Nb2S2,Nb2S2,train,4.911655017296185,5.122840511222446,0.21118549392626118,0.21118549392626118
340,MIP2D-889-O1Pb1,OPb,train,5.887289985331775,5.963270544353149,0.07598055902137357,0.07598055902137357
342,MIP2D-1569-I2S2Sb2,I2S2Sb2,train,5.466083008842047,5.482997027820751,0.016914018978703815,0.016914018978703815
343,MIP2D-261-Br6Y2,Br6Y2,train,6.848750924725126,6.886648121560442,0.037897196835316116,0.037897196835316116
344,MIP2D-400-Cl2Cr1,Cl2Cr,train,4.936500017811478,4.934647231257632,-0.0018527865538464638,0.0018527865538464638
345,MIP2D-407-Cl2Ge1,Cl2Ge,train,7.101460077472003,6.991392711875915,-0.11006736559608843,0.11006736559608843
346,MIP2D-623-Ga2Te2,Ga2Te2,train,4.981948991559184,5.049129831302259,0.06718083974307465,0.06718083974307465
347,MIP2D-1183-Br2Ga2N2,Br2Ga2N2,train,6.440654023798179,6.488402161998291,0.047748138200112145,0.047748138200112145
348,MIP2D-1206-Br2Ir2Se2,Br2Ir2Se2,train,5.422693995171019,5.5356735855754335,0.11297959040441441,0.11297959040441441
349,MIP2D-1543-I2O2Os2,I2O2Os2,train,3.898023038186537,4.020120175278183,0.1220971370916466,0.1220971370916466
350,MIP2D-1852-Pb1Se1,PbSe,train,3.794116008915953,3.907262891889211,0.11314688297325803,0.11314688297325803
352,MIP2D-12-Ag1P2Sc1Se6,AgP2ScSe6,train,5.643534991416782,5.901656117743199,0.2581211263264169,0.2581211263264169
353,MIP2D-1334-Cl2Hg2Se2,Cl2Hg2Se2,train,6.424553019045669,6.474983776765723,0.05043075772005423,0.05043075772005423
354,MIP2D-1821-Nb2O2,Nb2O2,train,4.660347005908784,5.06761956487299,0.40727255896420544,0.40727255896420544
355,MIP2D-53-As2Cl6,As2Cl6,train,7.431771994327343,7.407976670282789,-0.023795324044553645,0.023795324044553645
356,MIP2D-63-As3Si1,As3Si,train,4.360776979755561,4.59371128043939,0.23293430068382914,0.23293430068382914
357,MIP2D-811-Ir1Se2,IrSe2,train,4.292064028054497,4.116675930606986,-0.17538809744751127,0.17538809744751127
358,MIP2D-99-Ba1I2,BaI2,train,6.5602000000575815,6.741436544840106,0.18123654478252416,0.18123654478252416
359,MIP2D-1688-S2Sn2,S2Sn2,train,4.6863700096768985,4.844365943775893,0.15799593409899426,0.15799593409899426
360,MIP2D-1760-Co2S2,Co2S2,train,5.260800999390895,5.777408134300846,0.5166071349099512,0.5166071349099512
361,MIP2D-767-I6Pt2,I6Pt2,train,5.329238999267545,5.239874785609816,-0.08936421365772951,0.08936421365772951
362,MIP2D-851-N2Nb1,N2Nb,train,7.237557076714329,7.380008346385793,0.14245126967146415,0.14245126967146415
363,MIP2D-939-Os1S2,OsS2,train,4.797755988885762,4.514932140042063,-0.28282384884369893,0.28282384884369893
364,MIP2D-1078-Sn1Te2,SnTe2,train,5.101044990262273,4.913911982370966,-0.18713300789130738,0.18713300789130738
365,MIP2D-1564-I2Pt2Se2,I2Pt2Se2,train,4.322532019374508,4.620001919778375,0.29746990040386656,0.29746990040386656
367,MIP2D-819-Mn1O2,MnO2,train,7.860784981184739,7.8305309356250286,-0.030254045559710008,0.030254045559710008
368,MIP2D-1074-Se2Zr2,Se2Zr2,train,4.810014999602814,4.981395945836216,0.17138094623340194,0.17138094623340194
369,MIP2D-1524-I2N2Pb2,I2N2Pb2,train,6.041823984175587,6.122967998032118,0.08114401385653114,0.08114401385653114
370,MIP2D-175-Br2Pb1,Br2Pb,train,6.757856027787133,6.7672535342972076,0.009397506510074649,0.009397506510074649
371,MIP2D-207-Br2Zn1,Br2Zn,train,6.432769024330415,6.6406049655368,0.20783594120638416,0.20783594120638416
372,MIP2D-1757-Cl2Zn1,Cl2Zn,train,7.519459006431985,7.416650340528545,-0.1028086659034404,0.1028086659034404
373,MIP2D-37-Al2Mg1Se4,Al2MgSe4,train,4.688728009213388,4.554733128751267,-0.1339948804621205,0.1339948804621205
374,MIP2D-613-Ga2I6,Ga2I6,train,5.735395003373868,5.98586952112627,0.25047451775240237,0.25047451775240237
375,MIP2D-670-Hf1Se2,HfSe2,train,5.302681999872011,5.369468433681949,0.06678643380993865,0.06678643380993865
377,MIP2D-1515-I2Mn2O2,I2Mn2O2,train,5.398883001429858,5.51596800150284,0.11708500007298195,0.11708500007298195
378,MIP2D-937-O6Sb2Tl2,O6Sb2Tl2,train,5.2521730010739605,5.317412216946893,0.06523921587293291,0.06523921587293291
379,MIP2D-10-Ag1In1P2S6,AgInP2S6,train,5.789215011734341,5.934929320317286,0.14571430858294487,0.14571430858294487
380,MIP2D-1196-Br2Hg2O2,Br2Hg2O2,train,6.575513960996057,6.537471069538421,-0.03804289145763562,0.03804289145763562
381,MIP2D-1452-Cr2S4,Cr2S4,train,6.92748394069428,6.550663876218399,-0.376820064475881,0.376820064475881
382,MIP2D-849-N1Y1,NY,train,2.803812008454308,2.919942092538501,0.11613008408419301,0.11613008408419301
383,MIP2D-1294-C16Cl4Ge2H48I4N4,C16H48Cl4Ge2I4N4,train,4.6795919964852475,5.516007740097481,0.8364157436122337,0.8364157436122337
384,MIP2D-1548-I2O2Ru2,I2O2Ru2,train,4.467058969661881,4.539557703793702,0.07249873413182062,0.07249873413182062
385,MIP2D-516-Cl6V2,Cl6V2,train,6.139155964008113,6.147281672793265,0.008125708785152064,0.008125708785152064
386,MIP2D-757-I6Mo2,I6Mo2,train,4.806647997694502,4.735912689121209,-0.07073530857329313,0.07073530857329313
387,MIP2D-1068-Se2V2,Se2V2,train,4.862703983294715,4.893093026188729,0.030389042894014118,0.030389042894014118
388,MIP2D-1166-Br2Co2N2,Br2Co2N2,train,6.0707489628791,6.1015293312787895,0.03078036839968945,0.03078036839968945
391,MIP2D-947-P1Te2Zr2,PTe2Zr2,train,3.7501069592810414,4.189682521537877,0.4395755622568358,0.4395755622568358
392,MIP2D-1165-Bi4Se6,Bi4Se6,train,5.33574499933843,5.328236774217455,-0.007508225120974821,0.007508225120974821
395,MIP2D-291-C1H2O2Ti2,CH2O2Ti2,train,1.8694778458513701,2.025907501749286,0.1564296558979157,0.1564296558979157
396,MIP2D-662-H2Sn2,H2Sn2,train,4.7459070066846865,4.944308631321476,0.1984016246367899,0.1984016246367899
397,MIP2D-726-I2Sc1,I2Sc,train,3.813773963618716,3.7178603709636078,-0.09591359265510802,0.09591359265510802
398,MIP2D-1186-Br2Ga2Se2,Br2Ga2Se2,train,5.397054995570777,5.486558858662874,0.08950386309209701,0.08950386309209701
399,MIP2D-1419-Cl4Hg2,Cl4Hg2,train,7.011487994490229,7.1759224757513165,0.16443448126108784,0.16443448126108784
400,MIP2D-15-Ag2Br6,Ag2Br6,train,6.422734968172296,6.659834052540586,0.23709908436828986,0.23709908436828986
401,MIP2D-830-Mn2Te2,Mn2Te2,train,5.660332011349953,5.466426338911002,-0.19390567243895163,0.19390567243895163
402,MIP2D-597-Fe1Te2,FeTe2,train,4.089100030416337,4.413683244483874,0.32458321406753665,0.32458321406753665
403,MIP2D-638-Ge1Te2,GeTe2,train,4.410493988387827,4.763780059904694,0.35328607151686686,0.35328607151686686
404,MIP2D-656-H2Mg5O6,H2Mg5O6,train,0.3933881139610085,3.0463772036277943,2.652989089666786,2.652989089666786
405,MIP2D-1162-Bi2I2S2,Bi2I2S2,train,5.652971992476905,5.758878723146622,0.10590673066971679,0.10590673066971679
406,MIP2D-1579-I2Sc2Se2,I2Sc2Se2,train,5.6944479812535915,5.780936815752351,0.0864888344987591,0.0864888344987591
407,MIP2D-1714-Te4W2,Te4W2,train,4.453074970409779,4.328899874952685,-0.12417509545709393,0.12417509545709393
409,MIP2D-370-C2O2Y3,C2O2Y3,train,2.464101934303312,2.660497471707439,0.1963955374041273,0.1963955374041273
410,MIP2D-95-Ba1Br2,BaBr2,train,7.024306030022789,7.067664294075036,0.043358264052247186,0.043358264052247186
411,MIP2D-975-Pt1S2,PtS2,train,6.137296018812857,6.035658685610015,-0.1016373332028424,0.1016373332028424
413,MIP2D-600-Fe2O2,Fe2O2,train,4.847790987623359,4.724139327145221,-0.12365166047813769,0.12365166047813769
414,MIP2D-769-I6Re2,I6Re2,train,4.748372019775425,4.935774554583203,0.18740253480777813,0.18740253480777813
415,MIP2D-867-Nb1Se2,NbSe2,train,4.580257996829951,4.786585701774411,0.20632770494446007,0.20632770494446007
416,MIP2D-977-Pt1Se2,PtSe2,train,5.318998000920533,5.278427903132785,-0.04057009778774745,0.04057009778774745
417,MIP2D-1132-Au1K1Se2,AuKSe2,train,5.042373009316144,5.361067605291725,0.3186945959755816,0.3186945959755816
418,MIP2D-229-Br6Mo2,Br6Mo2,train,5.931759018351335,5.707231118409282,-0.22452789994205347,0.22452789994205347
419,MIP2D-362-C2Mo3O2,C2Mo3O2,train,6.28511797785346,6.307834706142945,0.022716728289484678,0.022716728289484678
420,MIP2D-413-Cl2Hg1,Cl2Hg,train,7.64847204191061,7.605770908600459,-0.04270113331015146,0.04270113331015146
421,MIP2D-514-Cl6Tl2,Cl6Tl2,train,7.652960998163436,7.609570194832055,-0.04339080333138057,0.04339080333138057
422,MIP2D-1328-Cl2Hf2O2,Cl2Hf2O2,train,4.1202510212053545,4.279974465633533,0.15972344442817832,0.15972344442817832
423,MIP2D-1561-I2Pd2S2,I2Pd2S2,train,4.869435017902117,5.023321647787573,0.15388662988545576,0.15388662988545576
424,MIP2D-506-Cl6Sb2,Cl6Sb2,train,7.256190044124395,7.401044827649035,0.14485478352464032,0.14485478352464032
425,MIP2D-965-Pd1S2,PdS2,train,5.950268987286277,5.994500483568164,0.044231496281886606,0.044231496281886606
426,MIP2D-1009-Ru2S2,Ru2S2,train,4.902529986574752,4.848482365956742,-0.05404762061801005,0.05404762061801005
427,MIP2D-1031-S2V1,S2V,train,5.513430995257019,5.58348875469056,0.0700577594335412,0.0700577594335412
428,MIP2D-1353-Cl2N2Os2,Cl2N2Os2,train,5.51768400106203,5.3930171557490345,-0.1246668453129951,0.1246668453129951
429,MIP2D-387-Ca1I2,CaI2,train,6.356996025235813,6.749772620064854,0.3927765948290407,0.3927765948290407
431,MIP2D-968-Pd1Se2,PdSe2,train,3.566287039779932,3.866536892822447,0.30024985304251484,0.30024985304251484
432,MIP2D-740-I2V1,I2V,train,4.411401996972041,4.8957291145395105,0.48432711756746993,0.48432711756746993
435,MIP2D-1151-Bi2Br2O2,Bi2Br2O2,train,6.652217014036484,6.826260588470211,0.17404357443372653,0.17404357443372653
437,MIP2D-1739-Br2Ca2H2,H2Br2Ca2,train,6.445295996011129,6.556331974598816,0.11103597858768666,0.11103597858768666
440,MIP2D-1703-Se4Ti1Zr1,Se4TiZr,train,5.2305360023300524,5.404974954426559,0.17443895209650684,0.17443895209650684
442,MIP2D-402-Cl2Cu1,Cl2Cu,train,7.084548926017273,7.004639452411056,-0.07990947360621714,0.07990947360621714
443,MIP2D-531-Co1Ga2Se4,CoGa2Se4,train,2.8985639488443598,3.597068709750787,0.6985047609064274,0.6985047609064274
444,MIP2D-728-I2Sn1,I2Sn,train,5.724520986399024,5.778300768075669,0.05377978167664477,0.05377978167664477
445,MIP2D-1454-Cr2Se4,Cr2Se4,train,6.163659993552189,5.768727142717285,-0.3949328508349037,0.3949328508349037
447,MIP2D-233-Br6Ni2,Br6Ni2,train,6.99612197070514,6.714590663376811,-0.2815313073283292,0.2815313073283292
449,MIP2D-955-Pb1S1,PbS,train,6.731983070769922,6.793151383862955,0.06116831309303272,0.06116831309303272
451,MIP2D-1576-I2S2V2,I2S2V2,train,5.524443995627861,5.438493299794817,-0.08595069583304404,0.08595069583304404
453,MIP2D-1818-Mo2Se2,Mo2Se2,train,4.177273016654835,4.159447674152856,-0.01782534250197898,0.01782534250197898
454,MIP2D-1872-Ru2Te2,Ru2Te2,train,4.415055019143933,4.48181008241955,0.06675506327561642,0.06675506327561642
455,MIP2D-326-C2Cr3H2O2,C2H2Cr3O2,train,1.704659889185697,1.6883424168787524,-0.01631747230694458,0.01631747230694458
456,MIP2D-503-Cl6Ru2,Cl6Ru2,train,6.207246032558368,6.337710482582731,0.13046445002436258,0.13046445002436258
457,MIP2D-1476-Ga2,Ga2,train,4.496061961287117,4.574901299350839,0.07883933806372223,0.07883933806372223
459,MIP2D-795-In1P1,InP,train,5.1219969914220655,5.127697852789159,0.005700861367093246,0.005700861367093246
460,MIP2D-970-Pd1Te2,PdTe2,train,3.7647860788836276,4.113156726220528,0.3483706473369006,0.3483706473369006
462,MIP2D-929-O2W1,O2W,train,5.964281010992533,5.914034059525482,-0.050246951467050494,0.050246951467050494
463,MIP2D-1024-S2Ta1,S2Ta,train,5.561223996988236,5.452888432838767,-0.10833556414946877,0.10833556414946877
464,MIP2D-1130-As4O6,As4O6,train,5.854998004719951,6.252358001059502,0.3973599963395511,0.3973599963395511
465,MIP2D-1299-Ca2Sn2,Ca2Sn2,train,2.326675868204789,2.1304584833539164,-0.1962173848508728,0.1962173848508728
466,MIP2D-1735-Bi2Cl2O2,Bi2Cl2O2,train,7.141582961000033,7.411756595643301,0.2701736346432684,0.2701736346432684
468,MIP2D-1341-Cl2Ir2S2,Cl2Ir2S2,train,5.809860980973886,5.765141720897792,-0.044719260076093725,0.044719260076093725
471,MIP2D-801-In2Se2,In2Se2,train,5.6393150129800915,5.757672166676361,0.11835715369626953,0.11835715369626953
473,MIP2D-615-Ga2Ni1S4,Ga2NiS4,train,4.69120001824914,4.574421914421008,-0.11677810382813192,0.11677810382813192
474,MIP2D-1158-Bi2Cl2Se2,Bi2Cl2Se2,train,6.528601024743097,6.558700590075122,0.030099565332025513,0.030099565332025513
475,MIP2D-1837-O2Sc2,O2Sc2,train,2.5297509061329917,2.3201357984918,-0.20961510764119184,0.20961510764119184
476,MIP2D-264-Br7Nb3S1,Br7Nb3S,train,4.690418994201744,4.961369544808417,0.27095055060667317,0.27095055060667317
478,MIP2D-311-C1O2W2,CO2W2,train,5.863571006570888,5.9849249872012305,0.1213539806303423,0.1213539806303423
479,MIP2D-661-H2Si6,H2Si6,train,4.332011036778812,4.299460775638867,-0.03255026113994486,0.03255026113994486
480,MIP2D-1835-O2Rh2,O2Rh2,train,5.491979007736295,5.511591997222705,0.019612989486410548,0.019612989486410548
481,MIP2D-560-Cr1Te2,CrTe2,train,5.175805997438782,4.96493251452531,-0.2108734829134722,0.2108734829134722
482,MIP2D-657-H2Mn1O2,H2MnO2,train,2.70166096138215,2.9193627306735337,0.21770176929138385,0.21770176929138385
483,MIP2D-1051-Sc1Te2,ScTe2,train,5.3889290020669325,5.302799640170135,-0.08612936189679754,0.08612936189679754
484,MIP2D-1194-Br2Hf2Se2,Br2Hf2Se2,train,4.448675985263757,4.526083025608233,0.07740704034447532,0.07740704034447532
486,MIP2D-1627-Na2O4Pd3,Na2O4Pd3,train,3.5543799413667063,3.594831634310377,0.0404516929436709,0.0404516929436709
487,MIP2D-1699-S8Ti3Zr1,S8Ti3Zr,train,6.4454050025962255,6.435191573661885,-0.01021342893434074,0.01021342893434074
489,MIP2D-78-Au1Te2,AuTe2,train,4.211938005545649,4.261963486544099,0.05002548099844972,0.05002548099844972
490,MIP2D-876-Ni1O2,NiO2,train,7.763672966879152,7.970057574887997,0.20638460800884495,0.20638460800884495
492,MIP2D-125-Bi2Se2,Bi2Se2,train,4.534580983746668,4.540330999762303,0.005750016015634962,0.005750016015634962
493,MIP2D-1401-Cl2S2Sc2,Cl2S2Sc2,train,6.275606990607408,6.436198013565476,0.1605910229580676,0.1605910229580676
495,MIP2D-1632-Nb2Te6,Nb2Te6,train,4.484050981225258,4.6744615283443105,0.19041054711905225,0.19041054711905225
496,MIP2D-513-Cl6Tl2,Cl6Tl2,train,7.907336975483913,7.7635994281083125,-0.14373754737560063,0.14373754737560063
497,MIP2D-56-As2I6,As2I6,train,6.190285014658366,6.275869663938211,0.08558464927984488,0.08558464927984488
499,MIP2D-91-B1I3,BI3,train,5.961600994614921,6.152182901712709,0.19058190709778788,0.19058190709778788
500,MIP2D-1502-Hg2I2O2,Hg2I2O2,train,5.711970993178324,5.763299102868674,0.05132810969035084,0.05132810969035084
501,MIP2D-1644-O6Pb2,O6Pb2,train,4.7078979967514485,4.678551797079556,-0.02934619967189267,0.02934619967189267
503,MIP2D-202-Br2W1,Br2W,train,3.2611299380513334,3.265487272920065,0.004357334868731577,0.004357334868731577
504,MIP2D-74-Au1S2,AuS2,train,5.393965004613136,5.512870140107059,0.11890513549392256,0.11890513549392256
505,MIP2D-84-Au2I6,Au2I6,train,5.961921018425197,5.949788951570864,-0.01213206685433299,0.01213206685433299
507,MIP2D-1611-Mn2S4,Mn2S4,train,6.078095030536219,6.0762353293855575,-0.0018597011506615857,0.0018597011506615857
509,MIP2D-210-Br4Nb2Se4,Br4Nb2Se4,train,5.01817899775401,5.195693740463373,0.17751474270936285,0.17751474270936285
511,MIP2D-1615-Mn2Te4,Mn2Te4,train,5.051802994094203,5.022978765133706,-0.028824228960496967,0.028824228960496967
513,MIP2D-296-C1H2Si1,CH2Si,train,6.086312988177714,6.806672105128397,0.7203591169506831,0.7203591169506831
514,MIP2D-1055-Se1Sn1,SeSn,train,5.04989299942023,5.088016506941918,0.03812350752168836,0.03812350752168836
516,MIP2D-24-Al1Cl2,AlCl2,train,4.945567006593757,4.8599483537672175,-0.08561865282653969,0.08561865282653969
517,MIP2D-454-Cl2Tl1,Cl2Tl,train,6.479280019137882,6.564780066291981,0.08550004715409898,0.08550004715409898
518,MIP2D-647-Ge2Se2,Ge2Se2,train,4.5308340044062785,4.604601607727899,0.07376760332162036,0.07376760332162036
519,MIP2D-1293-Br6Sr1Th1,Br6SrTh,train,6.739216064432053,6.802923417475853,0.06370735304379949,0.06370735304379949
520,MIP2D-1010-Ru2Se2,Ru2Se2,train,4.9981700052405476,4.796593319768233,-0.20157668547231467,0.20157668547231467
521,MIP2D-1516-I2Mn2S2,I2Mn2S2,train,6.11471603684393,6.068574281506428,-0.04614175533750231,0.04614175533750231
522,MIP2D-749-I3P1,I3P,train,6.0448079987685,6.345567986359627,0.30075998759112643,0.30075998759112643
523,MIP2D-1091-Te2V2,Te2V2,train,4.901858009786552,4.978501109205177,0.07664309941862513,0.07664309941862513
524,MIP2D-152-Br2Hf1,Br2Hf,train,3.0863009467675284,3.3629647033303165,0.2766637565627881,0.2766637565627881
525,MIP2D-1557-I2Os2S2,I2Os2S2,train,5.030413990415651,5.007419295334171,-0.02299469508148011,0.02299469508148011
526,MIP2D-1784-Hf2O2,Hf2O2,train,2.586871007509059,2.2067344583557205,-0.3801365491533386,0.3801365491533386
527,MIP2D-1093-Te2W1,Te2W,train,4.410794000541436,4.2972551819510185,-0.11353881859041781,0.11353881859041781
528,MIP2D-873-Nb2Se2,Nb2Se2,train,4.98136200330067,5.179014553394763,0.19765255009409355,0.19765255009409355
529,MIP2D-1201-Br2In2S2,Br2In2S2,train,6.291041021485885,6.27049230401685,-0.020548717469035083,0.020548717469035083
530,MIP2D-1365-Cl2N2W2,Cl2N2W2,train,4.914343005797184,5.008882017279407,0.09453901148222332,0.09453901148222332
531,MIP2D-421-Cl2Mo1,Cl2Mo,train,4.265558995540124,4.04512457758713,-0.220434417952994,0.220434417952994
532,MIP2D-1791-Ho2I2O2,Ho2I2O2,train,5.967638007072511,6.306752124326182,0.33911411725367113,0.33911411725367113
533,MIP2D-300-C1Mn2,CMn2,train,5.720470008843331,5.285662910162813,-0.43480709868051814,0.43480709868051814
534,MIP2D-526-Co1Ga2S4,CoGa2S4,train,2.5321070753350297,3.3199720180791314,0.7878649427441018,0.7878649427441018
535,MIP2D-729-I2Sr1,I2Sr,train,6.567011040617553,6.6860255691005115,0.11901452848295868,0.11901452848295868
536,MIP2D-294-C1H2O2Y2,CH2O2Y2,train,1.3982570211554823,1.0156295901844938,-0.3826274309709885,0.3826274309709885
537,MIP2D-619-Ga2S4Ti1,Ga2S4Ti,train,4.152501026147097,4.4451414060679095,0.2926403799208126,0.2926403799208126
538,MIP2D-1177-Br2Cu2Se2,Br2Cu2Se2,train,6.376161986038081,6.378058375225967,0.0018963891878858163,0.0018963891878858163
541,MIP2D-1766-Cr2Te2,Cr2Te2,train,4.539867965820237,4.494520168893586,-0.04534779692665136,0.04534779692665136
545,MIP2D-59-As2S6Sn1Tl2,As2S6SnTl2,train,4.71616598353461,4.734303052330686,0.018137068796075795,0.018137068796075795
546,MIP2D-1120-Al2Cl4,Al2Cl4,train,5.6338809940389405,5.627196653297094,-0.006684340741846206,0.006684340741846206
548,MIP2D-1276-Br2Se2Tl2,Br2Se2Tl2,train,5.587251007155094,5.647239344301508,0.059988337146414494,0.059988337146414494
550,MIP2D-252-Br6Ta2,Br6Ta2,train,4.632258001960304,4.246776347446045,-0.3854816545142592,0.3854816545142592
551,MIP2D-295-C1H2O2Zr2,CH2O2Zr2,train,1.8468051269369132,2.297437698939619,0.4506325720027058,0.4506325720027058
552,MIP2D-50-As2C6,C6As2,train,4.122393976780872,4.005833967471131,-0.1165600093097412,0.1165600093097412
554,MIP2D-13-Ag1P2Se6Tm1,AgP2Se6Tm,train,5.720431002382471,5.619149730241543,-0.10128127214092775,0.10128127214092775
555,MIP2D-1431-Cl4V2,Cl4V2,train,4.061929976384677,3.7471096035836835,-0.31482037280099373,0.31482037280099373
556,MIP2D-171-Br2Ni1,Br2Ni,train,6.389373014714374,6.489899294231211,0.10052627951683757,0.10052627951683757
557,MIP2D-23-Al1Cl2,AlCl2,train,4.467453020332185,4.338412814555484,-0.1290402057767004,0.1290402057767004
558,MIP2D-1042-Sb2Se2Te1,Sb2Se2Te,train,5.340755997482325,5.051105433297784,-0.2896505641845408,0.2896505641845408
559,MIP2D-1098-Ag2Bi2O4,Ag2Bi2O4,train,4.791615013431342,4.82387498352732,0.032259970095977586,0.032259970095977586
560,MIP2D-637-Ge1Te2,GeTe2,train,4.789788014256209,4.812277130288157,0.02248911603194781,0.02248911603194781
561,MIP2D-913-O2Sc1,O2Sc,train,7.619475964882191,8.003163688263736,0.3836877233815459,0.3836877233815459
562,MIP2D-1418-Cl4Hf2,Cl4Hf2,train,4.129964972205,3.762584308561077,-0.3673806636439232,0.3673806636439232
563,MIP2D-227-Br6Mn2,Br6Mn2,train,6.701211976064784,6.577797242212836,-0.12341473385194845,0.12341473385194845
565,MIP2D-22-Al1Br2,AlBr2,train,4.4326539696113425,4.272241668643915,-0.16041230096742787,0.16041230096742787
566,MIP2D-709-I2Ni1,I2Ni,train,5.229744997875635,5.626842381895531,0.39709738401989636,0.39709738401989636
567,MIP2D-1035-S2W1,S2W,train,5.437139004828767,5.4319782853267595,-0.00516071950200736,0.00516071950200736
568,MIP2D-1188-Br2Ge2O2,Br2Ge2O2,train,5.368766002162185,5.535226129813252,0.16646012765106732,0.16646012765106732
569,MIP2D-1322-Cl2Ga2Se2,Cl2Ga2Se2,train,5.3029340000650445,5.381016852638141,0.07808285257309677,0.07808285257309677
572,MIP2D-1388-Cl2Os2S2,Cl2Os2S2,train,5.964735991463013,5.766888510749862,-0.1978474807131514,0.1978474807131514
573,MIP2D-467-Cl6Co2,Cl6Co2,train,7.710522982950132,7.197123768463369,-0.5133992144867632,0.5133992144867632
574,MIP2D-70-Au1Mg3,AuMg3,train,3.0566080410764713,2.9161281636312943,-0.14047987744517698,0.14047987744517698
575,MIP2D-1608-K2O2Tl2,K2O2Tl2,train,3.180741974345462,2.4739518994897343,-0.7067900748557276,0.7067900748557276
576,MIP2D-1715-Te6Th2,Te6Th2,train,5.270596001159025,5.40752471200239,0.13692871084336478,0.13692871084336478
577,MIP2D-279-C1F2Ta2,CF2Ta2,train,3.9030220476397766,3.9951457904542362,0.09212374281445967,0.09212374281445967
578,MIP2D-566-Cr3O8,Cr3O8,train,7.750544994712849,7.8671355095967765,0.11659051488392791,0.11659051488392791
579,MIP2D-1549-I2O2Sc2,I2O2Sc2,train,5.5517799999831,5.942970630347187,0.3911906303640871,0.3911906303640871
580,MIP2D-270-C1Cr2F2,CCr2F2,train,5.831428991361769,5.791184248233385,-0.04024474312838411,0.04024474312838411
581,MIP2D-1202-Br2In2Se2,Br2In2Se2,train,5.767279998951933,5.946518550647479,0.17923855169554592,0.17923855169554592
582,MIP2D-221-Br6Hf2,Br6Hf2,train,3.9741599891182444,4.123509341921361,0.14934935280311645,0.14934935280311645
583,MIP2D-26-Al1I2,AlI2,train,4.615129000031777,4.643219102180928,0.028090102149151086,0.028090102149151086
584,MIP2D-786-I6W2,I6W2,train,3.978437033315715,4.140512254143247,0.162075220827532,0.162075220827532
586,MIP2D-542-Co1Te2,CoTe2,train,4.998403006816192,5.27232914739304,0.2739261405768483,0.2739261405768483
587,MIP2D-120-Bi2Pb2Se5,Bi2Pb2Se5,train,3.201760070915994,4.899968006432197,1.6982079355162032,1.6982079355162032
588,MIP2D-1215-Br2Mo2Se2,Br2Mo2Se2,train,5.32383599941108,5.045541338588297,-0.278294660822783,0.278294660822783
589,MIP2D-328-C2F2,C2F2,train,7.6105340082799815,7.8204613303044574,0.20992732202447595,0.20992732202447595
590,MIP2D-555-Cr1S1Se1,CrSSe,train,5.433002001553866,5.466403073326422,0.03340107177255636,0.03340107177255636
591,MIP2D-1139-Au2Cl2Se2,Au2Cl2Se2,train,5.824467009220719,5.980347930850151,0.15588092162943212,0.15588092162943212
592,MIP2D-1456-Cr2Te6,Cr2Te6,train,4.743848002449333,4.916573980122757,0.1727259776734238,0.1727259776734238
594,MIP2D-1079-Sn1Te2,SnTe2,train,4.569880976669768,4.653975611684002,0.08409463501423442,0.08409463501423442
595,MIP2D-1230-Br2N2W2,Br2N2W2,train,4.5318200259122134,4.589685114084036,0.05786508817182234,0.05786508817182234
596,MIP2D-1555-I2O2W2,I2O2W2,train,3.496289030597699,3.7520269394462984,0.25573790884859937,0.25573790884859937
597,MIP2D-377-C2W3,C2W3,train,5.128630997966503,5.021537722483192,-0.10709327548331071,0.10709327548331071
598,MIP2D-1643-O6Os2,O6Os2,train,7.041126071495946,6.952246820203861,-0.08887925129208529,0.08887925129208529
599,MIP2D-565-Cr2Si2Te6,Cr2Si2Te6,train,4.956109000899145,5.027035274366852,0.0709262734677063,0.0709262734677063
600,MIP2D-671-Hf1Se2,HfSe2,train,6.044337968881421,6.061869481692827,0.017531512811405747,0.017531512811405747
603,MIP2D-1838-O2Sn2,O2Sn2,train,5.0802359992342705,4.786592616371226,-0.2936433828630447,0.2936433828630447
604,MIP2D-188-Br2Sc1,Br2Sc,train,4.096061971883289,3.8770802700471987,-0.21898170183609045,0.21898170183609045
605,MIP2D-47-As2,As2,train,5.127783004015241,4.857415496279486,-0.27036750773575413,0.27036750773575413
606,MIP2D-1767-F2Hg2,F2Hg2,train,9.945628007312276,9.56940007636842,-0.3762279309438554,0.3762279309438554
607,MIP2D-1878-S2Sm2,S2Sm2,train,2.942962981739684,2.4728426354640822,-0.4701203462756016,0.4701203462756016
609,MIP2D-493-Cl6Os2,Cl6Os2,train,4.753500006796328,5.2336839335416,0.4801839267452719,0.4801839267452719
610,MIP2D-523-Cl7Nb3Te1,Cl7Nb3Te,train,5.060877995673968,4.805554840612021,-0.255323155061947,0.255323155061947
611,MIP2D-1026-S2Ta2,S2Ta2,train,5.232157998962384,5.161816385161028,-0.07034161380135551,0.07034161380135551
613,MIP2D-1730-Ba4O1Sb2,Ba4OSb2,train,2.318919154845008,2.3783690686070154,0.059449913762007256,0.059449913762007256
614,MIP2D-289-C1H2O2Sc2,CH2O2Sc2,train,1.2539238422753476,1.4599654862821274,0.20604164400677982,0.20604164400677982
615,MIP2D-1486-Hf1Se8Zr3,HfSe8Zr3,train,6.033510035660649,5.963463258233816,-0.07004677742683363,0.07004677742683363
616,MIP2D-392-Cd1I2,CdI2,train,6.15164600360701,6.230795278304477,0.07914927469746669,0.07914927469746669
617,MIP2D-741-I2W1,I2W,train,3.311615931197716,3.172083597560899,-0.13953233363681683,0.13953233363681683
618,MIP2D-911-O2Ru1,O2Ru,train,7.328121049183537,7.341803002577086,0.013681953393549051,0.013681953393549051
619,MIP2D-941-Os1Se2,OsSe2,train,3.9499020378726137,4.062956834685925,0.11305479681331088,0.11305479681331088
620,MIP2D-1633-Ni2S6,Ni2S6,train,5.321216000208551,5.302712922991245,-0.018503077217306263,0.018503077217306263
621,MIP2D-1774-Fe2Se2,Fe2Se2,train,5.5709409985453,5.499992679715981,-0.07094831882931896,0.07094831882931896
622,MIP2D-1850-P1Ta1,PTa,train,4.431037011483014,4.636458009414426,0.20542099793141144,0.20542099793141144
623,MIP2D-263-Br6Zr2,Br6Zr2,train,4.4040070390480235,4.547518031692659,0.14351099264463585,0.14351099264463585
624,MIP2D-369-C2O2W3,C2O2W3,train,6.156088998128061,6.0544973826124,-0.10159161551566065,0.10159161551566065
625,MIP2D-495-Cl6Pd2,Cl6Pd2,train,6.700850952762801,7.012176688333083,0.3113257355702821,0.3113257355702821
626,MIP2D-725-I2Sc1,I2Sc,train,3.4845900208745304,3.3699432398296265,-0.11464678104490389,0.11464678104490389
627,MIP2D-935-O2Zr2,O2Zr2,train,3.225583053347811,3.069567622473261,-0.15601543087454983,0.15601543087454983
628,MIP2D-4-Ag1Br2,AgBr2,train,6.97707396478973,7.061797462047314,0.08472349725758388,0.08472349725758388
629,MIP2D-1679-Rh2Se6,Rh2Se6,train,5.32633800051052,5.105167818613701,-0.22117018189681925,0.22117018189681925
631,MIP2D-1541-I2Ni2S2,I2Ni2S2,train,5.457966004314064,5.365511596328199,-0.09245440798586468,0.09245440798586468
632,MIP2D-1820-Na2P2Zn2,Na2P2Zn2,train,1.9884681325713744,1.7711509775593455,-0.21731715501202897,0.21731715501202897
633,MIP2D-797-In2O2,In2O2,train,6.135620978071276,6.248671300733705,0.11305032266242954,0.11305032266242954
634,MIP2D-959-Pb1Se2,PbSe2,train,5.944879018394252,6.159468527658839,0.21458950926458709,0.21458950926458709
635,MIP2D-1053-Sc2Se2,Sc2Se2,train,4.944908981021485,5.229948831038093,0.2850398500166076,0.2850398500166076
636,MIP2D-1669-Rb4Te2,Rb4Te2,train,1.533404036143513,1.2329047695264412,-0.3004992666170718,0.3004992666170718
637,MIP2D-1862-Pt2Se2,Pt2Se2,train,4.4982250098674985,4.5207583793190675,0.02253336945156903,0.02253336945156903
638,MIP2D-1909-Te2Zr2,Te2Zr2,train,4.1677709777105445,4.191966616236636,0.0241956385260913,0.0241956385260913
640,MIP2D-1362-Cl2N2Ti2,Cl2N2Ti2,train,6.076395992076278,6.351075747442114,0.27467975536583644,0.27467975536583644
641,MIP2D-1536-I2Nb2O2,I2Nb2O2,train,3.9903429928541705,4.031272606460111,0.040929613605940496,0.040929613605940496
642,MIP2D-1593-I4Rh2,I4Rh2,train,4.64864299327145,4.803246951565398,0.15460395829394802,0.15460395829394802
644,MIP2D-1586-I2Se2Zr2,I2Se2Zr2,train,4.691827009483938,4.690521777649707,-0.0013052318342312574,0.0013052318342312574
646,MIP2D-1728-Ba2F2I2,Ba2F2I2,train,6.557007978122809,6.600324103808578,0.04331612568576926,0.04331612568576926
648,MIP2D-890-O1Sn1,OSn,train,5.246995000164177,5.388636107880634,0.141641107716457,0.141641107716457
649,MIP2D-1234-Br2Nb2Se2,Br2Nb2Se2,train,4.822363005248294,4.8281373037009825,0.005774298452688065,0.005774298452688065
650,MIP2D-1899-Se2Zn2,Se2Zn2,train,5.826772010406319,5.8675428323300896,0.04077082192377013,0.04077082192377013
651,MIP2D-909-O2Rh2,O2Rh2,train,6.9207569328226715,6.963541041294612,0.04278410847194092,0.04278410847194092
652,MIP2D-1103-Ag2Cl2N2,Ag2Cl2N2,train,6.4878860076830405,6.711838328451326,0.22395232076828542,0.22395232076828542
653,MIP2D-1500-Hf3Se8Zr1,Hf3Se8Zr,train,5.987168977238456,6.090102838018362,0.10293386077990618,0.10293386077990618
654,MIP2D-83-Au2I6,Au2I6,train,5.573601003266244,5.849593433826415,0.2759924305601711,0.2759924305601711
655,MIP2D-875-Ni1O2,NiO2,train,8.271294018873832,8.196980487796553,-0.07431353107727823,0.07431353107727823
656,MIP2D-906-O2Re2,O2Re2,train,7.271576079566151,7.35033854358292,0.07876246401676923,0.07876246401676923
657,MIP2D-1153-Bi2Br2S2,Bi2Br2S2,train,6.535906011560311,6.652461465370973,0.1165554538106619,0.1165554538106619
658,MIP2D-1244-Br2O2Sc2,Br2O2Sc2,train,6.914621977134891,7.189051424095995,0.27442944696110416,0.27442944696110416
659,MIP2D-1783-H2I2Sr2,H2I2Sr2,train,6.15667202066193,6.380944365240492,0.22427234457856127,0.22427234457856127
660,MIP2D-379-C2Zr3,C2Zr3,train,3.214069029426515,3.2023734363276555,-0.01169559309885937,0.01169559309885937
661,MIP2D-1748-C4,C4,train,4.855173987362295,4.336426047519807,-0.5187479398424877,0.5187479398424877
662,MIP2D-778-I6Ta2,I6Ta2,train,4.411573967062259,4.397521391279384,-0.01405257578287511,0.01405257578287511
663,MIP2D-132-Bi2Te3,Bi2Te3,train,5.127046996026821,5.1846124686175,0.0575654725906789,0.0575654725906789
666,MIP2D-907-O2Rh1,O2Rh,train,7.4317920059840095,7.399704534741537,-0.032087471242472354,0.032087471242472354
667,MIP2D-452-Cl2Ti1,Cl2Ti,train,4.259390036305648,3.9545534464765124,-0.30483658982913564,0.30483658982913564
668,MIP2D-561-Cr1Te2,CrTe2,train,4.668500983192684,4.681086484901739,0.012585501709055258,0.012585501709055258
669,MIP2D-650-Ge6P2,Ge6P2,train,4.529573025991668,4.653867703299577,0.12429467730790922,0.12429467730790922
670,MIP2D-841-Mo1Te2,MoTe2,train,4.589816979512723,4.529115523727055,-0.060701455785668657,0.060701455785668657
671,MIP2D-11-Ag1P2S6Sc1,AgP2S6Sc,train,6.010357036986186,6.1610975253204465,0.1507404883342609,0.1507404883342609
672,MIP2D-557-Cr1S2,CrS2,train,5.38307999546306,5.640991355292838,0.2579113598297784,0.2579113598297784
673,MIP2D-604-Fe2Te2,Fe2Te2,train,5.0331470051441505,4.852195789165526,-0.18095121597862462,0.18095121597862462
674,MIP2D-1654-O8Ti4,O8Ti4,train,7.869109016876207,8.120225534605908,0.25111651772970056,0.25111651772970056
675,MIP2D-1102-Ag2Br2Se2,Ag2Br2Se2,train,6.390236037745185,6.3320236741168126,-0.05821236362837201,0.05821236362837201
676,MIP2D-239-Br6Pt2,Br6Pt2,train,5.517804009990883,5.85852729628294,0.3407232862920573,0.3407232862920573
678,MIP2D-1087-Te2Ti1,Te2Ti,train,5.089202990744363,5.256654915623411,0.1674519248790478,0.1674519248790478
679,MIP2D-517-Cl6W2,Cl6W2,train,4.883853985968033,4.023529315552972,-0.8603246704150607,0.8603246704150607
680,MIP2D-1113-Al2Br2O2,Al2Br2O2,train,6.024929021012225,6.120265773596499,0.09533675258427365,0.09533675258427365
681,MIP2D-1410-Cl2Se2Sn2,Cl2Se2Sn2,train,5.978455039634773,5.902380970859991,-0.07607406877478251,0.07607406877478251
682,MIP2D-1451-Cr2O6,Cr2O6,train,6.641067023300492,6.692598015396238,0.05153099209574652,0.05153099209574652
683,MIP2D-1823-Nb2Se2,Nb2Se2,train,5.645132995415016,5.478587691116555,-0.16654530429846037,0.16654530429846037
684,MIP2D-930-O2W1,O2W,train,9.10637687226457,8.869317811209616,-0.23705906105495522,0.23705906105495522
685,MIP2D-129-Bi2Sn6,Bi2Sn6,train,4.44799298579475,4.441612683942306,-0.0063803018524444255,0.0063803018524444255
686,MIP2D-826-Mn1Te2,MnTe2,train,4.956717993845173,4.718130867905071,-0.23858712594010179,0.23858712594010179
687,MIP2D-902-O2Pt1,O2Pt,train,7.501198939160787,7.5809133397886,0.07971440062781276,0.07971440062781276
688,MIP2D-397-Cl2Co1,Cl2Co,train,7.8125009210573015,7.53873657696168,-0.2737643440956212,0.2737643440956212
689,MIP2D-438-Cl2Rh1,Cl2Rh,train,5.349960002051066,5.375350091418727,0.02539008936766063,0.02539008936766063
691,MIP2D-785-I6W2,I6W2,train,5.220304000585294,5.1343360487657845,-0.08596795181950956,0.08596795181950956
692,MIP2D-877-Ni1S2,NiS2,train,5.385197000963468,5.267917248220612,-0.1172797527428564,0.1172797527428564
694,MIP2D-1455-Cr2Se6,Cr2Se6,train,4.945080991785803,5.040850415097301,0.09576942331149851,0.09576942331149851
696,MIP2D-747-I2Zr1,I2Zr,train,3.6158209336188762,3.5781484205059755,-0.03767251311290076,0.03767251311290076
698,MIP2D-214-Br6Cr2,Br6Cr2,train,6.037786022331548,6.541880141860975,0.5040941195294275,0.5040941195294275
699,MIP2D-430-Cl2Os1,Cl2Os,train,5.3730500016305704,5.4890543163166505,0.11600431468608008,0.11600431468608008
700,MIP2D-54-As2Ge6,As2Ge6,train,4.522847970476806,4.385712317444548,-0.13713565303225828,0.13713565303225828
701,MIP2D-1531-I2N2Ta2,I2N2Ta2,train,3.708697960745271,3.8810271219096646,0.17232916116439378,0.17232916116439378
702,MIP2D-1578-I2S2Zr2,I2S2Zr2,train,4.7334879840624975,4.7180672536143655,-0.01542073044813197,0.01542073044813197
703,MIP2D-1580-I2Se2Sn2,I2Se2Sn2,train,5.353743999905733,5.418585341743063,0.06484134183733037,0.06484134183733037
704,MIP2D-999-Rh1Te2,RhTe2,train,4.013014003456473,4.049844481373604,0.0368304779171309,0.0368304779171309
706,MIP2D-1340-Cl2Ir2O2,Cl2Ir2O2,train,5.231095998239673,5.122629677030712,-0.10846632120896071,0.10846632120896071
707,MIP2D-174-Br2Os1,Br2Os,train,5.504092994953659,5.468222751163751,-0.03587024378990833,0.03587024378990833
708,MIP2D-972-Pd2Se2,Pd2Se2,train,5.227885001837755,5.282435705132477,0.05455070329472189,0.05455070329472189
709,MIP2D-1060-Se2Ta1,Se2Ta,train,4.984501006547505,4.976234585717151,-0.00826642083035356,0.00826642083035356
710,MIP2D-1076-Si2,Si2,train,4.539886025120156,4.382832509893058,-0.15705351522709776,0.15705351522709776
711,MIP2D-840-Mo1Te2,MoTe2,train,4.088278006877234,4.199848280428288,0.1115702735510542,0.1115702735510542
712,MIP2D-1326-Cl2Ge2Se2,Cl2Ge2Se2,train,6.203491975924766,6.0944102250936245,-0.10908175083114191,0.10908175083114191
713,MIP2D-1664-Pb2Te6,Pb2Te6,train,4.681690983359836,4.575123135886329,-0.10656784747350656,0.10656784747350656
714,MIP2D-1806-K2Mn2P2,K2Mn2P2,train,1.1823029365463444,0.5650438747437398,-0.6172590618026046,0.6172590618026046
715,MIP2D-663-Hf1I2,HfI2,train,3.197007058413002,3.2308459563548206,0.03383889794181849,0.03383889794181849
716,MIP2D-81-Au2Cl6,Au2Cl6,train,7.141496081124747,7.125178934210594,-0.016317146914152758,0.016317146914152758
717,MIP2D-1297-Ca1I4Pb1,CaI4Pb,train,6.102372993438517,6.284728970771422,0.18235597733290465,0.18235597733290465
718,MIP2D-1335-Cl2In2N2,Cl2In2N2,train,6.661681958202562,6.909047673226576,0.2473657150240136,0.2473657150240136
719,MIP2D-1338-Cl2In2Se2,Cl2In2Se2,train,5.874777005541089,5.929433192027089,0.05465618648599957,0.05465618648599957
720,MIP2D-707-I2Nb1,I2Nb,train,3.3461939588650464,3.4765611164448,0.13036715757975337,0.13036715757975337
721,MIP2D-458-Cl2W1,Cl2W,train,3.8853009935274194,3.5051701387479293,-0.38013085477949016,0.38013085477949016
722,MIP2D-114-Bi2Ge6,Bi2Ge6,train,4.6083639618776795,4.452216258833453,-0.1561477030442262,0.1561477030442262
723,MIP2D-1309-Cl2Cu2O2,Cl2Cu2O2,train,6.952803079180644,7.108322448744808,0.15551936956416412,0.15551936956416412
724,MIP2D-1481-Ge2I2N2,Ge2I2N2,train,5.151494000484216,5.195157066065219,0.0436630655810033,0.0436630655810033
725,MIP2D-1492-Hf2O6,Hf2O6,train,7.325719975776296,7.740028299696986,0.4143083239206904,0.4143083239206904
727,MIP2D-1141-Au2Cl4,Au2Cl4,train,6.270846005981029,6.539768098600635,0.2689220926196061,0.2689220926196061
729,MIP2D-1461-Dy2I2S2,Dy2I2S2,train,6.2987769910552185,6.362491340044032,0.0637143489888139,0.0637143489888139
730,MIP2D-318-C1Ti2,CTi2,train,2.777257028146465,2.7073016454198964,-0.06995538272656843,0.06995538272656843
731,MIP2D-433-Cl2Pd1,Cl2Pd,train,6.854716025375831,7.057380905690559,0.20266488031472818,0.20266488031472818
732,MIP2D-1638-O4Ru2,O4Ru2,train,6.894400930206727,6.864384909473877,-0.030016020732849924,0.030016020732849924
733,MIP2D-1863-Pt2Te2,Pt2Te2,train,4.516775978294148,4.436175695791933,-0.08060028250221496,0.08060028250221496
734,MIP2D-1199-Br2In2N2,Br2In2N2,train,6.414575011795857,6.433308118837456,0.018733107041598807,0.018733107041598807
735,MIP2D-1350-Cl2Mo2Se2,Cl2Mo2Se2,train,5.60434999159862,5.491423745274935,-0.11292624632368486,0.11292624632368486
737,MIP2D-1738-Bi2O2Se1,Bi2O2Se,train,2.109255889070699,2.0905145658611195,-0.01874132320957944,0.01874132320957944
738,MIP2D-901-O2Pt1,O2Pt,train,7.225342970202481,7.379672378328742,0.1543294081262605,0.1543294081262605
739,MIP2D-1745-Br2O2Pu2,Br2O2Pu2,train,4.715615988369061,4.680398889259554,-0.035217099109506655,0.035217099109506655
740,MIP2D-182-Br2Re1,Br2Re,train,4.962262992065218,4.708010257264458,-0.25425273480075994,0.25425273480075994
743,MIP2D-94-B1Sb1,BSb,train,4.320300963700738,4.338193093073137,0.017892129372398813,0.017892129372398813
745,MIP2D-1764-Cr2S2,Cr2S2,train,4.977335999641713,4.980746014409628,0.00341001476791547,0.00341001476791547
746,MIP2D-444-Cl2Sc2,Cl2Sc2,train,4.168763995161493,3.7115791512161236,-0.4571848439453694,0.4571848439453694
747,MIP2D-482-Cl6In2,Cl6In2,train,7.854282982428336,7.814016437982932,-0.04026654444540334,0.04026654444540334
749,MIP2D-412-Cl2Hg1,Cl2Hg,train,7.4234359191025945,7.584642178480873,0.16120625937827882,0.16120625937827882
750,MIP2D-85-Au2O2,Au2O2,train,5.93134397984599,6.140756652496875,0.2094126726508847,0.2094126726508847
751,MIP2D-1135-Au2Br2S2,Au2Br2S2,train,5.8390640078175915,5.849766420769107,0.01070241295151586,0.01070241295151586
752,MIP2D-1740-Br2Co1O2Sr2,Br2CoO2Sr2,train,2.812509920463018,2.6581598498945076,-0.15435007056851058,0.15435007056851058
753,MIP2D-1855-Pb2S2,Pb2S2,train,4.165707987413498,3.9005658201544042,-0.2651421672590937,0.2651421672590937
754,MIP2D-257-Br6V2,Br6V2,train,5.8853970127682,6.058619051752009,0.17322203898380906,0.17322203898380906
755,MIP2D-331-C2F2Mo3,C2F2Mo3,train,6.952227947421964,6.1733581630014545,-0.7788697844205092,0.7788697844205092
756,MIP2D-20-Ag2I6,Ag2I6,train,5.63353599633193,5.802182727950914,0.1686467316189839,0.1686467316189839
757,MIP2D-349-C2H2O2Sc3,C2H2O2Sc3,train,1.7171579009079823,1.62285646683753,-0.09430143407045222,0.09430143407045222
758,MIP2D-512-Cl6Ti2,Cl6Ti2,train,7.386955970569926,6.622259645354272,-0.7646963252156542,0.7646963252156542
760,MIP2D-1064-Se2Ti2,Se2Ti2,train,5.230431998659123,5.200815443335994,-0.02961655532312868,0.02961655532312868
761,MIP2D-1433-Cl4Y2,Cl4Y2,train,3.6466169208725505,3.3121930153131443,-0.33442390555940626,0.33442390555940626
762,MIP2D-1750-Ca2Mn2Si2,Ca2Mn2Si2,train,2.2456569678765246,1.9736822841332318,-0.2719746837432928,0.2719746837432928
763,MIP2D-1773-Fe2S2,Fe2S2,train,5.877097991647564,5.739368578119322,-0.13772941352824208,0.13772941352824208
764,MIP2D-916-O2Sn1,O2Sn,train,8.143766076094849,8.204487624885383,0.06072154879053393,0.06072154879053393
767,MIP2D-1420-Cl4I4Ta2,Cl4I4Ta2,train,5.347030999176937,5.356992213108159,0.009961213931221735,0.009961213931221735
768,MIP2D-1508-I2In2S2,I2In2S2,train,6.0112409665038395,5.992541781660738,-0.018699184843101513,0.018699184843101513
769,MIP2D-646-Ge2S2,Ge2S2,train,4.748442996078034,4.671365415934782,-0.07707758014325172,0.07707758014325172
770,MIP2D-1518-I2Mo2N2,I2Mo2N2,train,4.567284016802144,4.694329117352889,0.12704510055074536,0.12704510055074536
771,MIP2D-225-Br6Ir2,Br6Ir2,train,5.925520018318526,5.904379085969266,-0.021140932349259955,0.021140932349259955
772,MIP2D-635-Ge1Te1,GeTe,train,4.989164007269594,4.801514478996146,-0.1876495282734485,0.1876495282734485
773,MIP2D-960-Pb1Se2,PbSe2,train,4.792744980573343,4.686884455679995,-0.10586052489334818,0.10586052489334818
774,MIP2D-1491-Hf2I4,Hf2I4,train,3.7651179795307863,3.3793879282944443,-0.38573005123634196,0.38573005123634196
775,MIP2D-1522-I2N2Nb2,I2N2Nb2,train,4.047641002738899,4.051017685082753,0.0033766823438536875,0.0033766823438536875
780,MIP2D-1464-Er2Te6,Er2Te6,train,5.507174993450863,5.350027515971005,-0.15714747747985758,0.15714747747985758
781,MIP2D-275-C1F2Mo2,CF2Mo2,train,5.7154129981250374,6.2297739516806825,0.514360953555645,0.514360953555645
783,MIP2D-1366-Cl2N2Zr2,Cl2N2Zr2,train,6.196832975146545,6.45273960015745,0.2559066250109048,0.2559066250109048
784,MIP2D-499-Cl6Re2,Cl6Re2,train,5.06540500254633,5.005523678954165,-0.05988132359216536,0.05988132359216536
785,MIP2D-733-I2Th1,I2Th,train,2.2828109675764376,2.3182540519795247,0.03544308440308708,0.03544308440308708
786,MIP2D-378-C2Y3,C2Y3,train,3.145466955319098,3.235949742286869,0.09048278696777112,0.09048278696777112
787,MIP2D-648-Ge2Te2,Ge2Te2,train,4.24545997090871,4.594451630387868,0.3489916594791582,0.3489916594791582
788,MIP2D-701-I2Mg1,I2Mg,train,5.8939700146191365,5.966113745215614,0.07214373059647716,0.07214373059647716
790,MIP2D-932-O2W2,O2W2,train,6.454460033193422,6.47206695578422,0.017606922590797325,0.017606922590797325
791,MIP2D-147-Br2Ga1,Br2Ga,train,5.597472997987255,5.619040520285952,0.02156752229869685,0.02156752229869685
792,MIP2D-165-Br2Mo1,Br2Mo,train,3.6293279883870833,3.6710923158509887,0.04176432746390546,0.04176432746390546
793,MIP2D-687-Hg1S1,HgS,train,5.363131002329762,5.4785825661800915,0.11545156385032929,0.11545156385032929
794,MIP2D-908-O2Rh1,O2Rh,train,7.569380931174594,7.531594367888331,-0.03778656328626351,0.03778656328626351
795,MIP2D-952-P2Sn2,P2Sn2,train,5.315917000209819,5.477172232474259,0.16125523226444027,0.16125523226444027
796,MIP2D-963-Pb1Te2,PbTe2,train,5.207391997715711,5.093086716405311,-0.11430528131040063,0.11430528131040063
797,MIP2D-237-Br6Pd2,Br6Pd2,train,6.265085984137061,6.384785708490368,0.11969972435330689,0.11969972435330689
798,MIP2D-388-Ca2N1,Ca2N,train,3.6104649682735452,3.6577303862677164,0.047265417994171166,0.047265417994171166
799,MIP2D-49-As2Br6,As2Br6,train,6.630276022161536,6.81109663360854,0.1808206114470039,0.1808206114470039
801,MIP2D-879-Ni1Se2,NiSe2,train,4.485306997399801,4.604493007883792,0.11918601048399058,0.11918601048399058
802,MIP2D-341-C2F6O6S2Zn1,C2F6O6S2Zn,train,7.595564963700319,7.781619355499507,0.18605439179918815,0.18605439179918815
803,MIP2D-404-Cl2Fe1,Cl2Fe,train,7.396006933757231,6.929983120028109,-0.46602381372912216,0.46602381372912216
804,MIP2D-1016-S1Se1Zr1,SSeZr,train,6.146762996683881,6.135678979336331,-0.011084017347550379,0.011084017347550379
805,MIP2D-1711-Se8Ti1Zr3,Se8TiZr3,train,5.758764998366051,5.822890765865406,0.0641257674993545,0.0641257674993545
806,MIP2D-385-Ca1Cl2,CaCl2,train,7.906149942581132,7.987445752174821,0.08129580959368887,0.08129580959368887
807,MIP2D-722-I2Ru1,I2Ru,train,5.044236005068818,4.996447782544224,-0.047788222524594026,0.047788222524594026
808,MIP2D-789-I6Zr2,I6Zr2,train,4.314333992041483,4.638513678373669,0.32417968633218575,0.32417968633218575
809,MIP2D-1110-Ag2I2Se2,Ag2I2Se2,train,5.17033499557319,5.4429651729260975,0.27263017735290784,0.27263017735290784
810,MIP2D-1395-Cl2Pt2Se2,Cl2Pt2Se2,train,5.093105995928197,5.139394055999502,0.046288060071304926,0.046288060071304926
812,MIP2D-477-Cl6Ga2,Cl6Ga2,train,7.619424064731973,7.632485005983263,0.013060941251289648,0.013060941251289648
813,MIP2D-640-Ge2H2,H2Ge2,train,4.576770030151461,4.859314407261504,0.2825443771100433,0.2825443771100433
814,MIP2D-105-Bi1I1Te1,BiITe,train,5.7343799812354055,5.877679753284368,0.14329977204896238,0.14329977204896238
815,MIP2D-1355-Cl2N2Pd2,Cl2N2Pd2,train,6.537040005438104,6.368882949295976,-0.16815705614212817,0.16815705614212817
816,MIP2D-31-Al2Br6,Al2Br6,train,6.5102609921934285,6.518138751671585,0.007877759478156499,0.007877759478156499
817,MIP2D-587-F2Sn2,F2Sn2,train,6.771486081030463,7.325839069537923,0.5543529885074605,0.5543529885074605
819,MIP2D-1743-Br2N2Th2,Br2N2Th2,train,5.585585992578895,5.583246581105611,-0.002339411473283981,0.002339411473283981
820,MIP2D-931-O2W1,O2W,train,6.108546020082883,6.19540588371196,0.08685986362907627,0.08685986362907627
821,MIP2D-1028-S2Ti1,S2Ti,train,6.439514010153746,6.405108766058613,-0.034405244095133014,0.034405244095133014
823,MIP2D-529-Co1Ga2Se4,CoGa2Se4,train,5.317827001239119,4.782527850296001,-0.5352991509431186,0.5352991509431186
824,MIP2D-610-Ga1P1,GaP,train,5.01429799725769,4.879564820889085,-0.13473317636860482,0.13473317636860482
826,MIP2D-44-As1Ga1,AsGa,train,4.454272009140894,4.57259922670036,0.11832721755946629,0.11832721755946629
827,MIP2D-744-I2Y1,I2Y,train,3.7379899825174068,3.772643826705117,0.03465384418771045,0.03465384418771045
828,MIP2D-910-O2Ru1,O2Ru,train,6.806139925218174,6.8310298706127695,0.024889945394595436,0.024889945394595436
829,MIP2D-216-Br6Cu2,Br6Cu2,train,6.549330985996904,6.518383853791656,-0.030947132205247918,0.030947132205247918
830,MIP2D-33-Al2Cl6,Al2Cl6,train,7.68371305739028,7.368827687379217,-0.314885370011063,0.314885370011063
831,MIP2D-958-Pb1Se1,PbSe,train,6.1573559963093105,6.070212959603578,-0.08714303670573287,0.08714303670573287
832,MIP2D-1193-Br2Hf2S2,Br2Hf2S2,train,4.64852699074134,4.724900258187752,0.07637326744641193,0.07637326744641193
835,MIP2D-1842-O2V2,O2V2,train,3.1118029560026206,2.9426139979709798,-0.1691889580316408,0.1691889580316408
836,MIP2D-321-C1Y2,CY2,train,3.2378230285865692,3.096619152180678,-0.14120387640589138,0.14120387640589138
837,MIP2D-1259-Br2Rh2S2,Br2Rh2S2,train,5.858283007644847,6.078896391633073,0.22061338398822627,0.22061338398822627
838,MIP2D-1573-I2S2Ta2,I2S2Ta2,train,4.381835994469602,4.381329601938091,-0.0005063925315109685,0.0005063925315109685
839,MIP2D-1484-Hf1S8Ti3,HfS8Ti3,train,6.384230018950969,6.54981094036412,0.1655809214131505,0.1655809214131505
840,MIP2D-1719-Te6Zr2,Te6Zr2,train,4.939148999851616,4.858778729378773,-0.08037027047284262,0.08037027047284262
841,MIP2D-1848-Os2Se2,Os2Se2,train,4.042231022190207,4.113019491810784,0.0707884696205765,0.0707884696205765
843,MIP2D-595-Fe1Se2,FeSe2,train,5.452965998345401,5.538317035938118,0.08535103759271756,0.08535103759271756
844,MIP2D-427-Cl2Ni1,Cl2Ni,train,7.133564957228812,7.11850350109641,-0.015061456132401396,0.015061456132401396
845,MIP2D-723-I2Ru1,I2Ru,train,4.482137997005015,4.935539620987861,0.45340162398284534,0.45340162398284534
846,MIP2D-971-Pd2S2,Pd2S2,train,5.876353981030182,5.623903108811425,-0.2524508722187573,0.2524508722187573
847,MIP2D-1164-Bi2I2Se2,Bi2I2Se2,train,6.025438016686067,6.01109681749728,-0.01434119918878718,0.01434119918878718
848,MIP2D-1380-Cl2O2Sc2,Cl2O2Sc2,train,8.010888025040778,8.018914000935387,0.008025975894609516,0.008025975894609516
849,MIP2D-162-Br2Mg1,Br2Mg,train,6.866990980339658,7.000966255886101,0.13397527554644295,0.13397527554644295
850,MIP2D-1640-O4Ti2,O4Ti2,train,7.823089039790862,8.014471413155327,0.1913823733644655,0.1913823733644655
851,MIP2D-344-C2H2Hf3O2,C2H2Hf3O2,train,4.5443760388995535,5.199239810092165,0.6548637711926117,0.6548637711926117
852,MIP2D-1226-Br2N2Ta2,Br2N2Ta2,train,4.034142977620652,4.145606278291556,0.11146330067090382,0.11146330067090382
853,MIP2D-1641-O4V2,O4V2,train,6.616552987928083,6.795418883529354,0.17886589560127142,0.17886589560127142
854,MIP2D-255-Br6Tl2,Br6Tl2,train,6.940193945820119,6.781319451184527,-0.158874494635592,0.158874494635592
855,MIP2D-1022-S2Sn1,S2Sn,train,6.121356002143858,6.323441845986411,0.20208584384255257,0.20208584384255257
856,MIP2D-1033-S2V2,S2V2,train,4.907545997801339,4.774426667992496,-0.1331193298088431,0.1331193298088431
857,MIP2D-1229-Br2N2V2,Br2N2V2,train,5.822816006871597,5.860363853871319,0.03754784699972191,0.03754784699972191
858,MIP2D-1846-O6Pb4,O6Pb4,train,4.7585490047171355,5.12694098915652,0.36839198443938415,0.36839198443938415
859,MIP2D-882-Ni1Te2,NiTe2,train,4.179909999835792,4.005653374471941,-0.17425662536385111,0.17425662536385111
861,MIP2D-1480-Ga2I2Se2,Ga2I2Se2,train,5.506079009518507,5.383904347594326,-0.12217466192418058,0.12217466192418058
862,MIP2D-1602-Ir2Se4,Ir2Se4,train,5.509847993546411,5.595476916582927,0.08562892303651548,0.08562892303651548
863,MIP2D-486-Cl6Mn2,Cl6Mn2,train,6.538983983321722,7.077287135093108,0.5383031517713865,0.5383031517713865
864,MIP2D-905-O2Re1,O2Re,train,5.769043017769471,6.063886266213505,0.29484324844403353,0.29484324844403353
869,MIP2D-1489-Hf2I2S2,Hf2I2S2,train,4.461317007117833,4.501458438034968,0.04014143091713507,0.04014143091713507
870,MIP2D-1677-Rh2S6,Rh2S6,train,5.746351995510501,5.597645090099771,-0.14870690541073017,0.14870690541073017
871,MIP2D-1785-Hf2S2,Hf2S2,train,3.7479539978771905,3.783877362040285,0.035923364163094273,0.035923364163094273
872,MIP2D-1814-Mn2Se2,Mn2Se2,train,4.930925998621856,4.915056470166279,-0.015869528455576543,0.015869528455576543
873,MIP2D-299-C1Ho2,CHo2,train,3.510996947462318,3.4449282189318193,-0.06606872853049861,0.06606872853049861
874,MIP2D-356-C2H2O2Zr3,C2H2O2Zr3,train,1.736966837865923,2.2416930328925138,0.5047261950265907,0.5047261950265907
875,MIP2D-721-I2Rh1,I2Rh,train,4.701173998763158,4.866672677148299,0.16549867838514043,0.16549867838514043
876,MIP2D-1810-Mn2Na2P2,Mn2Na2P2,train,1.9783298693718319,1.7448820175150828,-0.2334478518567491,0.2334478518567491
877,MIP2D-488-Cl6Mo2,Cl6Mo2,train,4.987160990931399,4.9220172727584615,-0.06514371817293796,0.06514371817293796
879,MIP2D-485-Cl6Mn2,Cl6Mn2,train,7.573330060786599,7.24158446329265,-0.33174559749394916,0.33174559749394916
880,MIP2D-544-Co2I6,Co2I6,train,5.355846998263327,5.797651226590622,0.44180422832729516,0.44180422832729516
881,MIP2D-988-Re1Se2,ReSe2,train,4.178298980125906,4.357276241410012,0.17897726128410607,0.17897726128410607
882,MIP2D-1509-I2In2Se2,I2In2Se2,train,5.72223298698677,5.684945047479125,-0.0372879395076442,0.0372879395076442
884,MIP2D-1727-Ba1O2,BaO2,train,4.009855985068395,4.082845086136753,0.07298910106835788,0.07298910106835788
885,MIP2D-243-Br6Rh2,Br6Rh2,train,6.053800960690751,6.0476490032296235,-0.006151957461127289,0.006151957461127289
886,MIP2D-39-Al2S2,Al2S2,train,5.928329988442176,5.987977415628521,0.05964742718634497,0.05964742718634497
887,MIP2D-1143-Au2I2O2,Au2I2O2,train,5.303704000160568,5.37632303620186,0.07261903604129216,0.07261903604129216
888,MIP2D-715-I2Pd1,I2Pd,train,5.3425999984308055,5.435528259669048,0.09292826123824227,0.09292826123824227
889,MIP2D-1435-Cl6Dy2,Cl6Dy2,train,7.338674025495633,7.124847521652622,-0.21382650384301094,0.21382650384301094
890,MIP2D-1663-Pb2Se6,Pb2Se6,train,4.986564993359976,4.8870312025308005,-0.09953379082917557,0.09953379082917557
892,MIP2D-933-O2Zr1,O2Zr,train,7.513748037551311,7.601018872275841,0.08727083472452968,0.08727083472452968
893,MIP2D-1274-Br2Se2Ta2,Br2Se2Ta2,train,4.5364789998985104,4.571510625116958,0.035031625218447715,0.035031625218447715
894,MIP2D-799-In2S2,In2S2,train,6.041298962906772,6.121961639476726,0.08066267656995318,0.08066267656995318
895,MIP2D-1590-I4O2Ta2,I4O2Ta2,train,4.789670994873626,4.74525813278467,-0.04441286208895612,0.04441286208895612
896,MIP2D-614-Ga2Mn1S4,Ga2MnS4,train,4.303985037009552,4.519507488080988,0.2155224510714362,0.2155224510714362
897,MIP2D-1067-Se2V1,Se2V,train,5.397818000992352,5.067712057773926,-0.3301059432184257,0.3301059432184257
899,MIP2D-1845-O3Pb1Ti1,O3PbTi,train,9.515793891745952,8.959419725915131,-0.556374165830821,0.556374165830821
900,MIP2D-844-Mo2S2,Mo2S2,train,5.554482000711175,5.451377939164352,-0.10310406154682283,0.10310406154682283
901,MIP2D-954-P2Sn6,P2Sn6,train,4.400255992297741,4.4105813563523,0.010325364054558861,0.010325364054558861
902,MIP2D-1191-Br2Hf2N2,Br2Hf2N2,train,5.7436950006728775,5.910141426236872,0.16644642556399436,0.16644642556399436
903,MIP2D-1250-Br2O2W2,Br2O2W2,train,4.152491996497138,4.218603351483301,0.06611135498616338,0.06611135498616338
904,MIP2D-1553-I2O2Tl2,I2O2Tl2,train,5.820272004680763,5.970901330702684,0.1506293260219218,0.1506293260219218
905,MIP2D-372-C2O6V1,C2O6V,train,6.894052922616397,7.061008709921124,0.16695578730472693,0.16695578730472693
906,MIP2D-759-I6Nb2,I6Nb2,train,4.216415003613393,4.316805187595256,0.1003901839818635,0.1003901839818635
907,MIP2D-1013-S1Se1Ti1,SSeTi,train,5.962548009659995,6.09454591388761,0.1319979042276147,0.1319979042276147
909,MIP2D-1704-Se4W2,Se4W2,train,5.011053993824501,4.748428190706028,-0.26262580311847294,0.26262580311847294
910,MIP2D-1292-Br6Sm2,Br6Sm2,train,6.45172901149577,6.64437447832799,0.19264546683221973,0.19264546683221973
911,MIP2D-1544-I2O2Pb2,I2O2Pb2,train,6.01026901823613,6.215726419486073,0.2054574012499426,0.2054574012499426
912,MIP2D-917-O2Sn1,O2Sn,train,8.212719086327718,8.219210347122008,0.006491260794289744,0.006491260794289744
913,MIP2D-1032-S2V1,S2V,train,5.837469989881052,5.635512798213373,-0.20195719166767923,0.20195719166767923
914,MIP2D-1167-Br2Co2O2,Br2Co2O2,train,6.314567977825788,6.353504397888422,0.03893642006263409,0.03893642006263409
915,MIP2D-1352-Cl2N2Ni2,Cl2N2Ni2,train,6.412901028580848,6.4804175109881825,0.06751648240733488,0.06751648240733488
916,MIP2D-139-Br2Co1,Br2Co,train,6.311586973116194,6.3815142907145095,0.0699273175983155,0.0699273175983155
917,MIP2D-1802-Ir2S2,Ir2S2,train,4.040878038963847,3.9433128338481334,-0.0975652051157132,0.0975652051157132
918,MIP2D-1176-Br2Cu2S2,Br2Cu2S2,train,6.684506960943363,6.465312777614534,-0.21919418332882934,0.21919418332882934
921,MIP2D-796-In1Sb1,InSb,train,4.870885008854393,4.519833287613309,-0.35105172124108375,0.35105172124108375
922,MIP2D-1369-Cl2Nb2Se2,Cl2Nb2Se2,train,5.037863004217129,5.011710941533153,-0.026152062683975963,0.026152062683975963
923,MIP2D-220-Br6Ga2,Br6Ga2,train,6.510517971150383,6.722859056900962,0.21234108575057853,0.21234108575057853
924,MIP2D-58-As2Pb6,As2Pb6,train,4.013182963663373,4.117227796781085,0.10404483311771262,0.10404483311771262
926,MIP2D-1861-Pt2S2,Pt2S2,train,5.063878991703179,4.784612438539573,-0.27926655316360627,0.27926655316360627
927,MIP2D-914-O2Sc1,O2Sc,train,7.118310055081963,7.61384032443271,0.4955302693507466,0.4955302693507466
928,MIP2D-1219-Br2N2Pb2,Br2N2Pb2,train,6.508092981372979,6.482110529681484,-0.025982451691494823,0.025982451691494823
931,MIP2D-410-Cl2Hf1,Cl2Hf,train,3.403172026287697,3.591041296380542,0.18786927009284504,0.18786927009284504
933,MIP2D-1381-Cl2O2Sn2,Cl2O2Sn2,train,5.277358000195294,5.552589516236786,0.275231516041492,0.275231516041492
934,MIP2D-1706-Se6Ti2,Se6Ti2,train,4.738302983892238,4.83935359321821,0.10105060932597176,0.10105060932597176
935,MIP2D-75-Au1Se2,AuSe2,train,5.076399008112978,5.170812112922006,0.09441310480902754,0.09441310480902754
936,MIP2D-1871-Ru2Se2,Ru2Se2,train,4.597124976213257,4.653756134246249,0.056631158032992346,0.056631158032992346
937,MIP2D-691-Hg1Se2,HgSe2,train,5.619407990432614,5.550294907283459,-0.06911308314915487,0.06911308314915487
938,MIP2D-548-Co2Se2,Co2Se2,train,5.59227299747422,5.579304000023531,-0.012968997450689024,0.012968997450689024
939,MIP2D-777-I6Sc2,I6Sc2,train,5.9250479954005995,6.162091112208779,0.2370431168081799,0.2370431168081799
942,MIP2D-1399-Cl2Ru2S2,Cl2Ru2S2,train,6.4059900110857395,6.350433259375628,-0.05555675171011121,0.05555675171011121
943,MIP2D-1507-I2In2O2,I2In2O2,train,5.541492991603819,5.658641555124882,0.11714856352106295,0.11714856352106295
944,MIP2D-1542-I2Ni2Se2,I2Ni2Se2,train,5.207073000926433,5.247822311336139,0.04074931040970586,0.04074931040970586
945,MIP2D-1732-Bi1Se1,BiSe,train,4.77167701755754,4.620889347268536,-0.15078767028900408,0.15078767028900408
946,MIP2D-948-P2Pb6,P2Pb6,train,4.028880969443818,4.196955701209739,0.16807473176592147,0.16807473176592147
949,MIP2D-1517-I2Mn2Se2,I2Mn2Se2,train,5.918076007431215,5.973016302498147,0.05494029506693199,0.05494029506693199
950,MIP2D-1885-S6Sn2Tl8,S6Sn2Tl8,train,3.552649990591588,3.9278299940509562,0.3751800034593682,0.3751800034593682
951,MIP2D-109-Bi2C6,C6Bi2,train,4.361254005587654,4.349139713314548,-0.012114292273105676,0.012114292273105676
952,MIP2D-1666-Pt2Se6,Pt2Se6,train,4.592821005762304,4.554278636369974,-0.03854236939233058,0.03854236939233058
953,MIP2D-1849-Os2Te2,Os2Te2,train,3.8107889728474285,4.005851050592676,0.1950620777452472,0.1950620777452472
954,MIP2D-784-I6V2,I6V2,train,5.552497002998801,5.6011057644578885,0.048608761459087546,0.048608761459087546
955,MIP2D-1040-Sb1,Sb,train,4.132186022050437,4.150206844271809,0.0180208222213718,0.0180208222213718
956,MIP2D-1397-Cl2Rh2Se2,Cl2Rh2Se2,train,6.351443034555331,6.494022427638382,0.142579393083051,0.142579393083051
958,MIP2D-1277-Br2Se2V2,Br2Se2V2,train,5.875287994245777,6.017077537001969,0.14178954275619127,0.14178954275619127
960,MIP2D-1083-Ta1Te2,TaTe2,train,4.759512004683084,4.727883703343281,-0.03162830133980332,0.03162830133980332
961,MIP2D-226-Br6Ir2,Br6Ir2,train,5.568799995326531,5.493240901318131,-0.07555909400839944,0.07555909400839944
962,MIP2D-751-I6In2,I6In2,train,5.931841017334751,6.245183090010623,0.313342072675872,0.313342072675872
963,MIP2D-836-Mo1S2,MoS2,train,5.653740000812648,5.657366584820244,0.003626584007596634,0.003626584007596634
964,MIP2D-1856-Pb2Se2,Pb2Se2,train,4.401625001119075,4.270453797951938,-0.1311712031671366,0.1311712031671366
965,MIP2D-228-Br6Mn2,Br6Mn2,train,7.228517014185533,6.834695095014338,-0.39382191917119513,0.39382191917119513
966,MIP2D-333-C2F2Sc3,C2F2Sc3,train,4.728429997165829,4.713961447373334,-0.014468549792495011,0.014468549792495011
967,MIP2D-271-C1Cr2H2O2,CH2Cr2O2,train,1.3479311212624352,1.2526853973115362,-0.09524572395089903,0.09524572395089903
968,MIP2D-288-C1H2Nb2O2,CH2Nb2O2,train,2.211958965013353,2.0446198650004366,-0.1673391000129163,0.1673391000129163
970,MIP2D-559-Cr1Se2,CrSe2,train,4.935469010752142,5.150749776327815,0.215280765575673,0.215280765575673
971,MIP2D-695-Hg1Te2,HgTe2,train,4.340673969062453,4.577628497683193,0.23695452862073996,0.23695452862073996
972,MIP2D-1428-Cl4Sn2,Cl4Sn2,train,6.4735679927306355,6.810338793797527,0.3367708010668915,0.3367708010668915
973,MIP2D-1805-K2Mg2Sb2,K2Mg2Sb2,train,1.916749934397763,1.8211527862322257,-0.09559714816553733,0.09559714816553733
975,MIP2D-631-Ge1S2,GeS2,train,5.86478801628457,6.047491757163212,0.18270374087864205,0.18270374087864205
976,MIP2D-766-I6Pt2,I6Pt2,train,5.096542997960744,5.296465442408811,0.19992244444806762,0.19992244444806762
978,MIP2D-1253-Br2Os2Se2,Br2Os2Se2,train,5.666730006435427,5.719453725807803,0.05272371937237619,0.05272371937237619
979,MIP2D-1346-Cl2Mn2Se2,Cl2Mn2Se2,train,6.44736297236987,6.513520045043215,0.06615707267334514,0.06615707267334514
980,MIP2D-1485-Hf1S8Zr3,HfS8Zr3,train,6.258856989932585,6.457155749773215,0.19829875984062983,0.19829875984062983
981,MIP2D-1126-Al6I2Te6,Al6I2Te6,train,5.275281000213301,5.131543609178768,-0.14373739103453342,0.14373739103453342
982,MIP2D-1312-Cl2Er2O2,Cl2Er2O2,train,7.867131930276072,7.865039491931409,-0.0020924383446629946,0.0020924383446629946
983,MIP2D-21-Al1As1,AlAs,train,4.934784994430662,4.777812786727298,-0.1569722077033635,0.1569722077033635
984,MIP2D-586-F2Si2,F2Si2,train,6.211912978668053,6.510627059083677,0.29871408041562386,0.29871408041562386
985,MIP2D-896-O2Pb1,O2Pb,train,7.754841969218788,7.831797852458081,0.07695588323929314,0.07695588323929314
987,MIP2D-1247-Br2O2Ti2,Br2O2Ti2,train,5.103409009565401,5.2337327017862005,0.13032369222079954,0.13032369222079954
988,MIP2D-459-Cl2W1,Cl2W,train,3.595805046845648,3.582788847103166,-0.013016199742482026,0.013016199742482026
989,MIP2D-5-Ag1Cl2,AgCl2,train,7.722501016991869,7.563034795565239,-0.15946622142663003,0.15946622142663003
990,MIP2D-903-O2Pt2,O2Pt2,train,5.744278999385121,6.0568688452756305,0.31258984589050964,0.31258984589050964
991,MIP2D-61-As2Sn6,As2Sn6,train,4.416731036063888,4.377549188488392,-0.03918184757549614,0.03918184757549614
992,MIP2D-1203-Br2Ir2N2,Br2Ir2N2,train,5.329898001018191,5.421819990133501,0.0919219891153098,0.0919219891153098
993,MIP2D-1231-Br2N2Zr2,Br2N2Zr2,train,6.090311008056617,6.138408374070027,0.04809736601340919,0.04809736601340919
994,MIP2D-1505-I10Pr4,I10Pr4,train,4.49178402225947,4.680530754688242,0.18874673242877194,0.18874673242877194
998,MIP2D-716-I2Pt1,I2Pt,train,4.7298550142213704,5.061201476782651,0.33134646256128075,0.33134646256128075
999,MIP2D-739-I2V1,I2V,train,5.934008011302727,5.567645461028785,-0.3663625502739425,0.3663625502739425
1000,MIP2D-86-Au2S2,Au2S2,train,5.802753019491823,5.973267343036659,0.1705143235448361,0.1705143235448361
1002,MIP2D-944-Os2S2,Os2S2,train,4.463978964195525,4.488041273025367,0.024062308829841506,0.024062308829841506
1003,MIP2D-1605-Ir2Te4,Ir2Te4,train,4.9081040057643746,4.732838540725097,-0.17526546503927776,0.17526546503927776
1004,MIP2D-382-C6P2,C6P2,train,3.6276079620921,3.814412872364497,0.18680491027239698,0.18680491027239698
1005,MIP2D-1434-Cl4Zr2,Cl4Zr2,train,4.199252974316545,3.967560860613628,-0.2316921137029171,0.2316921137029171
1006,MIP2D-1583-I2Se2Tl2,I2Se2Tl2,train,5.236174998392694,5.330663187588321,0.09448818919562729,0.09448818919562729
1007,MIP2D-177-Br2Pd1,Br2Pd,train,6.108727996001436,6.335165910954512,0.22643791495307575,0.22643791495307575
1008,MIP2D-925-O2Tl2,O2Tl2,train,6.804695994706636,6.978663020486201,0.17396702577956535,0.17396702577956535
1009,MIP2D-1062-Se2Ti1,Se2Ti,train,5.058127002993747,5.1805785945204015,0.12245159152665419,0.12245159152665419
1010,MIP2D-1195-Br2Hg2N2,Br2Hg2N2,train,6.487079033560536,6.51137814699427,0.024299113433733588,0.024299113433733588
1012,MIP2D-219-Br6Ga2,Br6Ga2,train,6.805161957183824,6.843161164659223,0.03799920747539964,0.03799920747539964
1013,MIP2D-634-Ge1Se2,GeSe2,train,5.355586999254528,5.567811980789749,0.21222498153522107,0.21222498153522107
1014,MIP2D-696-I2In1,I2In,train,4.942172997083764,5.028213053912128,0.08604005682836391,0.08604005682836391
1015,MIP2D-1080-Sn2,Sn2,train,4.225280980998826,4.253041948339545,0.02776096734071931,0.02776096734071931
1016,MIP2D-1170-Br2Cr2N2,Br2Cr2N2,train,6.25220303274263,6.219258883628777,-0.03294414911385246,0.03294414911385246
1017,MIP2D-450-Cl2Ta1,Cl2Ta,train,3.4535639809173846,3.6633717210910453,0.20980774017366066,0.20980774017366066
1018,MIP2D-1384-Cl2O2Tl2,Cl2O2Tl2,train,7.2203750357608145,7.277742110265503,0.05736707450468881,0.05736707450468881
1019,MIP2D-1815-Mn2Te2,Mn2Te2,train,4.415898030518077,4.66801496838473,0.2521169378666528,0.2521169378666528
1020,MIP2D-829-Mn2Se2,Mn2Se2,train,4.902628987331515,4.8648596698631925,-0.03776931746832268,0.03776931746832268
1021,MIP2D-1061-Se2Ta2,Se2Ta2,train,4.830644983921484,4.809418269897609,-0.021226714023875104,0.021226714023875104
1022,MIP2D-1592-I4Re2,I4Re2,train,3.6984770477767297,3.778657736274522,0.08018068849779247,0.08018068849779247
1024,MIP2D-1700-Sc2Se6,Sc2Se6,train,5.291043000015297,5.435783509976798,0.14474050996150112,0.14474050996150112
1025,MIP2D-192-Br2Sr1,Br2Sr,train,7.215067065852205,7.2527861101342666,0.03771904428206163,0.03771904428206163
1027,MIP2D-1405-Cl2S2Tl2,Cl2S2Tl2,train,6.230867027414966,6.160392236445233,-0.07047479096973319,0.07047479096973319
1028,MIP2D-1458-Cu2I2O2,Cu2I2O2,train,5.570133007570323,5.657879647903978,0.08774664033365465,0.08774664033365465
1029,MIP2D-283-C1F2Y2,CF2Y2,train,4.023394033499976,3.7988690214189456,-0.22452501208103026,0.22452501208103026
1031,MIP2D-403-Cl2Fe1,Cl2Fe,train,5.902314997471548,5.9000615710433735,-0.0022534264281741656,0.0022534264281741656
1032,MIP2D-601-Fe2P2Se6,Fe2P2Se6,train,5.157082001395341,5.0486164021516355,-0.10846559924370514,0.10846559924370514
1033,MIP2D-1221-Br2N2Pt2,Br2N2Pt2,train,5.3649589980203185,5.56269208791453,0.19773308989421157,0.19773308989421157
1034,MIP2D-1533-I2N2Tl2,I2N2Tl2,train,6.237414011724771,6.147312097019254,-0.09010191470551643,0.09010191470551643
1036,MIP2D-1612-Mn2S6,Mn2S6,train,5.475115994077632,5.456133351439181,-0.018982642638451175,0.018982642638451175
1037,MIP2D-1668-Pt2Te6,Pt2Te6,train,4.250329962120186,4.248585775410446,-0.0017441867097396369,0.0017441867097396369
1038,MIP2D-1552-I2O2Ti2,I2O2Ti2,train,5.298140000145468,4.999752736114638,-0.29838726403083005,0.29838726403083005
1039,MIP2D-1832-O2Pb2,O2Pb2,train,4.173579971169608,4.272667282414977,0.09908731124536896,0.09908731124536896
1041,MIP2D-1840-O2Ta2,O2Ta2,train,4.892144018112808,5.064427583612316,0.17228356549950785,0.17228356549950785
1042,MIP2D-380-C6N2,C6N2,train,2.927731995962998,3.620342103758044,0.692610107795046,0.692610107795046
1043,MIP2D-121-Bi2Pb6,Bi2Pb6,train,4.23903403271728,4.082781715890641,-0.15625231682663898,0.15625231682663898
1045,MIP2D-1392-Cl2Pd2S2,Cl2Pd2S2,train,5.840551988378256,5.681456999452438,-0.1590949889258182,0.1590949889258182
1046,MIP2D-611-Ga2I2Y2,Ga2I2Y2,train,4.079867986140655,4.082327711598534,0.0024597254578795358,0.0024597254578795358
1047,MIP2D-1769-F2I2Sr2,F2I2Sr2,train,6.347449000738122,6.215644257806261,-0.13180474293186073,0.13180474293186073
1048,MIP2D-266-C18,C18,train,5.095935998045563,4.333516547876108,-0.762419450169455,0.762419450169455
1049,MIP2D-301-C1Mn2O2,CMn2O2,train,7.143342034429976,7.188500696796665,0.045158662366689306,0.045158662366689306
1050,MIP2D-803-In2Se3,In2Se3,train,5.86741401745882,5.906276817402415,0.03886279994359487,0.03886279994359487
1051,MIP2D-1216-Br2N2Nb2,Br2N2Nb2,train,4.486687964406215,4.510548285660838,0.023860321254622896,0.023860321254622896
1052,MIP2D-1228-Br2N2Tl2,Br2N2Tl2,train,6.57351401555233,6.611590015726484,0.03807600017415336,0.03807600017415336
1054,MIP2D-547-Co2S2,Co2S2,train,6.049982964373653,6.206026541724652,0.15604357735099939,0.15604357735099939
1055,MIP2D-1197-Br2Hg2S2,Br2Hg2S2,train,5.615721005388126,5.729367793374117,0.11364678798599126,0.11364678798599126
1056,MIP2D-180-Br2Pt1,Br2Pt,train,5.745544004535525,5.828085621104928,0.08254161656940351,0.08254161656940351
1057,MIP2D-1816-Mo2O2,Mo2O2,train,5.03301900375486,5.150772553823208,0.11775355006834776,0.11775355006834776
1058,MIP2D-982-Pt2Se2,Pt2Se2,train,4.91752701493447,4.951627650702816,0.03410063576834599,0.03410063576834599
1059,MIP2D-1444-Co2Te4,Co2Te4,train,5.35305399940745,5.27717929981277,-0.07587469959468063,0.07587469959468063
1061,MIP2D-752-I6Ir2,I6Ir2,train,5.38549499974918,5.082137960773707,-0.3033570389754727,0.3033570389754727
1062,MIP2D-770-I6Rh2,I6Rh2,train,5.470055993813068,5.452020630601333,-0.018035363211734712,0.018035363211734712
1063,MIP2D-500-Cl6Re2,Cl6Re2,train,5.0648850045287315,5.2194971637378735,0.15461215920914206,0.15461215920914206
1064,MIP2D-543-Co1Te2,CoTe2,train,4.486296028789056,4.297048638876721,-0.18924738991233525,0.18924738991233525
1065,MIP2D-1081-Sn2Te2,Sn2Te2,train,4.198008997675282,4.735086110083027,0.5370771124077454,0.5370771124077454
1066,MIP2D-1501-Hg2I2N2,Hg2I2N2,train,5.871794983979022,5.914808128301963,0.043013144322940455,0.043013144322940455
1067,MIP2D-1788-Hf2Te2,Hf2Te2,train,4.009782039556565,3.8569031511458656,-0.15287888841069908,0.15287888841069908
1068,MIP2D-1873-S1Sb1,SSb,train,4.607549015631788,4.410661647023561,-0.19688736860822686,0.19688736860822686
1069,MIP2D-330-C2F2Mn3,C2F2Mn3,train,6.356224030838377,6.230049884767732,-0.12617414607064514,0.12617414607064514
1070,MIP2D-1218-Br2N2Os2,Br2N2Os2,train,4.645475009729137,4.981107912204738,0.3356329024756013,0.3356329024756013
1071,MIP2D-368-C2O2V3,C2O2V3,train,6.64129496095082,6.380558693434565,-0.260736267516255,0.260736267516255
1072,MIP2D-411-Cl2Hf2N2,Cl2Hf2N2,train,6.197215962461944,6.275910093992534,0.07869413153059046,0.07869413153059046
1073,MIP2D-87-Au2Se2,Au2Se2,train,5.627301002697864,5.693693761437382,0.06639275873951789,0.06639275873951789
1074,MIP2D-1551-I2O2Ta2,I2O2Ta2,train,3.6454850420479006,3.8003140908052524,0.15482904875735182,0.15482904875735182
1075,MIP2D-338-C2F2Y3,C2F2Y3,train,4.299834001170526,4.038771690077354,-0.2610623110931716,0.2610623110931716
1076,MIP2D-711-I2Os1,I2Os,train,4.921275011127333,4.807061531258187,-0.11421347986914654,0.11421347986914654
1077,MIP2D-1371-Cl2Ni2S2,Cl2Ni2S2,train,5.973100985972091,6.088098906512942,0.11499792054085045,0.11499792054085045
1078,MIP2D-183-Br2Rh1,Br2Rh,train,5.041595991667491,5.020306497171939,-0.021289494495552397,0.021289494495552397
1079,MIP2D-994-Re2Te2,Re2Te2,train,4.042833975032545,3.9531318867193788,-0.0897020883131665,0.0897020883131665
1080,MIP2D-1150-Bi2Br2N2,Bi2Br2N2,train,6.513261032381315,6.752453856665433,0.23919282428411748,0.23919282428411748
1082,MIP2D-1731-Bi1S1,BiS,train,4.505269031666064,4.519486744290541,0.01421771262447713,0.01421771262447713
1083,MIP2D-434-Cl2Pt1,Cl2Pt,train,5.963842015442927,5.9879713145136835,0.024129299070756893,0.024129299070756893
1085,MIP2D-545-Co2I6,Co2I6,train,5.770554019870122,5.7357868983169285,-0.034767121553193725,0.034767121553193725
1086,MIP2D-720-I2Rh1,I2Rh,train,4.609472005680364,4.713310539768372,0.10383853408800814,0.10383853408800814
1089,MIP2D-215-Br6Cu2,Br6Cu2,train,6.7621040306779765,6.702391199540573,-0.059712831137403555,0.059712831137403555
1090,MIP2D-567-Cu1I2,CuI2,train,6.06337401661175,5.852282154461195,-0.2110918621505551,0.2110918621505551
1092,MIP2D-1050-Sc1Se2,ScSe2,train,5.730701985166778,5.797029929729671,0.06632794456289304,0.06632794456289304
1093,MIP2D-627-Ge1O2,GeO2,train,8.512535028082992,8.463474255362645,-0.049060772720347146,0.049060772720347146
1095,MIP2D-1559-I2Pb2S2,I2Pb2S2,train,6.096964965246573,5.963737320312315,-0.13322764493425776,0.13322764493425776
1096,MIP2D-350-C2H2O2Ta3,C2H2O2Ta3,train,2.027938928945574,2.8251107563073643,0.7971718273617903,0.7971718273617903
1097,MIP2D-405-Cl2Ga1,Cl2Ga,train,5.363521000842961,5.050479133522667,-0.31304186732029393,0.31304186732029393
1098,MIP2D-598-Fe2I6,Fe2I6,train,6.070990973767653,6.051136644515322,-0.01985432925233166,0.01985432925233166
1101,MIP2D-1770-F2Sb2Se4Sr2,F2Sb2Se4Sr2,train,4.826674988496735,4.845807840582484,0.01913285208574944,0.01913285208574944
1102,MIP2D-1378-Cl2O2Rh2,Cl2O2Rh2,train,5.788785005160595,5.882461115634304,0.09367611047370872,0.09367611047370872
1103,MIP2D-1659-Os2Te4,Os2Te4,train,4.419614016195093,4.397622751133884,-0.021991265061209297,0.021991265061209297
1106,MIP2D-924-O2Ti2,O2Ti2,train,3.441003981868351,3.4730943816459448,0.03209039977759387,0.03209039977759387
1107,MIP2D-1387-Cl2O2Zr2,Cl2O2Zr2,train,4.564505975846144,4.588764008439972,0.02425803259382775,0.02425803259382775
1109,MIP2D-274-C1F2Mn2,CF2Mn2,train,6.266198014001439,6.443475097950833,0.17727708394939334,0.17727708394939334
1110,MIP2D-781-I6Tl2,I6Tl2,train,6.17750399255582,6.409075304184955,0.2315713116291347,0.2315713116291347
1112,MIP2D-106-Bi1O2,BiO2,train,5.975043987677335,6.2213477426527355,0.24630375497540058,0.24630375497540058
1113,MIP2D-1109-Ag2I2S2,Ag2I2S2,train,4.997237002422551,5.532522197065478,0.5352851946429267,0.5352851946429267
1114,MIP2D-126-Bi2Se2Te1,Bi2Se2Te,train,5.7916659922609535,5.701102873947822,-0.09056311831313124,0.09056311831313124
1115,MIP2D-253-Br6Ti2,Br6Ti2,train,6.812384050187446,6.219060719418856,-0.5933233307685901,0.5933233307685901
1116,MIP2D-136-Br2Cd1,Br2Cd,train,7.077750006338778,6.990697184784443,-0.08705282155433558,0.08705282155433558
1118,MIP2D-569-Cu1In1P2Se6,CuInP2Se6,train,5.039967990521307,5.232693315862487,0.19272532534118003,0.19272532534118003
1119,MIP2D-1107-Ag2I2N2,Ag2I2N2,train,5.870320019130012,5.7441271222997665,-0.12619289683024526,0.12619289683024526
1120,MIP2D-420-Cl2Mn1,Cl2Mn,train,7.102096057682663,7.007296772641472,-0.09479928504119073,0.09479928504119073
1121,MIP2D-743-I2Y1,I2Y,train,3.0077620275984036,3.062091235003213,0.0543292074048094,0.0543292074048094
1122,MIP2D-745-I2Zn1,I2Zn,train,5.841850997075354,5.941731778642386,0.09988078156703217,0.09988078156703217
1123,MIP2D-1637-O4Re2,O4Re2,train,6.5172060132352305,6.320581724698797,-0.19662428853643377,0.19662428853643377
1124,MIP2D-1713-Te4Ti1Zr1,Te4TiZr,train,4.645958990832145,4.870372596556242,0.22441360572409774,0.22441360572409774
1125,MIP2D-29-Al1Sb1,AlSb,train,5.055995009087888,4.770071448176908,-0.28592356091098026,0.28592356091098026
1127,MIP2D-904-O2Re1,O2Re,train,6.805288046890466,6.372938970439934,-0.43234907645053156,0.43234907645053156
1129,MIP2D-753-I6Ir2,I6Ir2,train,4.306130026290015,4.842432825876687,0.5363027995866716,0.5363027995866716
1130,MIP2D-951-P2Si6,P2Si6,train,4.6483490008844806,4.687045281067111,0.038696280182630716,0.038696280182630716
1132,MIP2D-981-Pt2S2,Pt2S2,train,5.060061991901504,5.234637985205786,0.17457599330428142,0.17457599330428142
1133,MIP2D-113-Bi2Ge1Te4,Bi2GeTe4,train,4.7967669981706065,4.987967863368657,0.19120086519805035,0.19120086519805035
1136,MIP2D-304-C1Nb2,CNb2,train,3.242195982309285,3.337348969314654,0.09515298700536867,0.09515298700536867
1137,MIP2D-401-Cl2Cu1,Cl2Cu,train,6.992778071685013,7.050073559775608,0.05729548809059537,0.05729548809059537
1138,MIP2D-949-P2Si2,P2Si2,train,5.6485889922517565,5.6550594685815,0.006470476329743846,0.006470476329743846
1140,MIP2D-1320-Cl2Ga2O2,Cl2Ga2O2,train,7.5847929980396565,7.273632399310975,-0.31116059872868185,0.31116059872868185
1142,MIP2D-681-Hf2Te2,Hf2Te2,train,4.500275960631266,4.471631795906673,-0.02864416472459297,0.02864416472459297
1143,MIP2D-827-Mn2O2,Mn2O2,train,3.097763070538607,3.0092453306376923,-0.08851773990091472,0.08851773990091472
1144,MIP2D-574-Cu1Se2,CuSe2,train,5.24216699987557,5.216275154823674,-0.02589184505189568,0.02589184505189568
1145,MIP2D-89-B1Br3,BBr3,train,6.576062979983233,6.578914803754667,0.0028518237714347805,0.0028518237714347805
1146,MIP2D-1045-Sb2Sn6,Sb2Sn6,train,4.436829979347104,4.2944489131703705,-0.14238106617673374,0.14238106617673374
1147,MIP2D-1159-Bi2I2N2,Bi2I2N2,train,6.086121006430828,6.016971296255599,-0.0691497101752292,0.0691497101752292
1148,MIP2D-1375-Cl2O2Pb2,Cl2O2Pb2,train,6.587659979066318,6.412928117530726,-0.17473186153559261,0.17473186153559261
1149,MIP2D-307-C1O2Sc2,CO2Sc2,train,6.256879008502273,6.356599371423179,0.09972036292090625,0.09972036292090625
1151,MIP2D-131-Bi2Te3,Bi2Te3,train,5.483114006529235,5.1027656063316895,-0.3803484001975459,0.3803484001975459
1152,MIP2D-1799-In1Se1,InSe,train,4.778218998953178,4.714686219141928,-0.06353277981124972,0.06353277981124972
1153,MIP2D-281-C1F2V2,CF2V2,train,5.3717989985387185,5.4431581715254564,0.071359172986738,0.071359172986738
1154,MIP2D-343-C2H2,C2H2,train,4.450448969235529,4.947374319505014,0.4969253502694855,0.4969253502694855
1155,MIP2D-1523-I2N2Ni2,I2N2Ni2,train,4.877371998868297,4.825141086878394,-0.05223091198990293,0.05223091198990293
1156,MIP2D-157-Br2In1,Br2In,train,5.349429998205134,5.185390340422229,-0.1640396577829053,0.1640396577829053
1157,MIP2D-1672-Re2Se4,Re2Se4,train,4.848108001550314,4.798418122542025,-0.04968987900828914,0.04968987900828914
1158,MIP2D-17-Ag2Cl6,Ag2Cl6,train,7.569807033034843,7.69858497222173,0.12877793918688685,0.12877793918688685
1159,MIP2D-690-Hg1Se1,HgSe,train,5.615419996719094,5.542151342568882,-0.07326865415021189,0.07326865415021189
1160,MIP2D-1111-Al1P1S4,AlPS4,train,5.890489003211562,5.889004439275207,-0.0014845639363549878,0.0014845639363549878
1161,MIP2D-409-Cl2Hf1,Cl2Hf,train,3.7428370335370937,3.6545862784214673,-0.08825075511562641,0.08825075511562641
1163,MIP2D-1527-I2N2Rh2,I2N2Rh2,train,4.435558018925786,4.72966844212964,0.29411042320385405,0.29411042320385405
1164,MIP2D-1534-I2N2W2,I2N2W2,train,4.325708991892682,4.227501949496065,-0.09820704239661726,0.09820704239661726
1165,MIP2D-1887-Sb1Te1,SbTe,train,3.8444069290839327,4.272228246191272,0.4278213171073393,0.4278213171073393
1166,MIP2D-285-C1H2Hf2O2,CH2Hf2O2,train,6.230385039342805,5.913951979193868,-0.31643306014893646,0.31643306014893646
1167,MIP2D-97-Ba1Cl2,BaCl2,train,7.371629970098171,7.414988884936001,0.04335891483782994,0.04335891483782994
1168,MIP2D-1025-S2Ta1,S2Ta,train,4.803224987551983,4.8496273011671445,0.046402313615161894,0.046402313615161894
1169,MIP2D-1540-I2Ni2O2,I2Ni2O2,train,5.141901004086224,5.310359348531813,0.1684583444455896,0.1684583444455896
1171,MIP2D-878-Ni1S2,NiS2,train,3.576098934009768,3.581138617561924,0.0050396835521557826,0.0050396835521557826
1172,MIP2D-927-O2V1,O2V,train,7.542311016774467,7.390243088547965,-0.15206792822650161,0.15206792822650161
1173,MIP2D-1390-Cl2Pb2S2,Cl2Pb2S2,train,6.856608997939407,6.669390513429226,-0.18721848451018097,0.18721848451018097
1174,MIP2D-1504-Hg2I2Se2,Hg2I2Se2,train,5.434344002773518,5.496307992758082,0.061963989984564094,0.061963989984564094
1175,MIP2D-1879-S2Ta2,S2Ta2,train,5.149019998417617,5.210977333102745,0.061957334685128096,0.061957334685128096
1176,MIP2D-599-Fe2I6,Fe2I6,train,5.681929998548738,5.977522707939408,0.29559270939066984,0.29559270939066984
1177,MIP2D-800-In2S2,In2S2,train,6.065133008693494,6.1326811355497854,0.06754812685629119,0.06754812685629119
1178,MIP2D-1251-Br2O2Zr2,Br2O2Zr2,train,4.27322500565932,4.255461325091299,-0.017763680568021023,0.017763680568021023
1179,MIP2D-1844-O2Zr2,O2Zr2,train,3.876970938069311,3.6060170115124275,-0.27095392655688366,0.27095392655688366
1180,MIP2D-1115-Al2Br2Se2,Al2Br2Se2,train,5.105624995485523,5.232277646908609,0.12665265142308613,0.12665265142308613
1182,MIP2D-1432-Cl4W2,Cl4W2,train,3.0937569971881183,3.5158671013701897,0.4221101041820714,0.4221101041820714
1184,MIP2D-8-Ag1I2,AgI2,train,5.975825987903104,6.127390004718128,0.15156401681502452,0.15156401681502452
1185,MIP2D-1308-Cl2Cu2N2,Cl2Cu2N2,train,6.862208031699863,6.882907894120472,0.020699862420609172,0.020699862420609172
1186,MIP2D-1472-Fe2Se4,Fe2Se4,train,5.466355993056926,5.675375001441447,0.20901900838452114,0.20901900838452114
1188,MIP2D-791-I7Nb3Te1,I7Nb3Te,train,4.250047033088122,4.645571529365865,0.39552449627774333,0.39552449627774333
1189,MIP2D-314-C1S2Ta2,CS2Ta2,train,5.295134999981599,5.036332437874899,-0.25880256210670005,0.25880256210670005
1190,MIP2D-448-Cl2Sr1,Cl2Sr,train,7.756724041123855,7.700797317809998,-0.055926723313856286,0.055926723313856286
1191,MIP2D-521-Cl6Zr2,Cl6Zr2,train,4.569920999983101,4.856431752523091,0.28651075253998926,0.28651075253998926
1192,MIP2D-153-Br2Hf2N2,Br2Hf2N2,train,5.913017003682074,6.223856683770303,0.31083968008822893,0.31083968008822893
1193,MIP2D-193-Br2Ta1,Br2Ta,train,3.6810330656261927,3.5274961516432217,-0.15353691398297098,0.15353691398297098
1194,MIP2D-768-I6Re2,I6Re2,train,4.416636021368819,4.7651558613005465,0.3485198399317273,0.3485198399317273
1195,MIP2D-1278-Br2Se2W2,Br2Se2W2,train,4.629237014611475,4.5100281452838935,-0.1192088693275819,0.1192088693275819
1199,MIP2D-1546-I2O2Pt2,I2O2Pt2,train,4.673274007352343,4.581130537599908,-0.09214346975243526,0.09214346975243526
1200,MIP2D-269-C1Cr2,CCr2,train,4.5734089666615905,4.875386289359191,0.30197732269760014,0.30197732269760014
1201,MIP2D-439-Cl2Rh1,Cl2Rh,train,6.457111984442781,6.615287291317998,0.15817530687521675,0.15817530687521675
1202,MIP2D-689-Hg1S2,HgS2,train,5.173704997196297,5.158506408339398,-0.015198588856899065,0.015198588856899065
1203,MIP2D-737-I2Tl1,I2Tl,train,6.07326498128988,6.275626839567679,0.20236185827779973,0.20236185827779973
1204,MIP2D-1563-I2Pt2S2,I2Pt2S2,train,4.295347973452822,4.53637316589313,0.24102519244030773,0.24102519244030773
1208,MIP2D-651-Ge6Sb2,Ge6Sb2,train,4.519616006576897,4.371773303745847,-0.14784270283105005,0.14784270283105005
1209,MIP2D-1317-Cl2Fe2S2,Cl2Fe2S2,train,6.8815999777957115,6.782937629535823,-0.09866234825988851,0.09866234825988851
1211,MIP2D-522-Cl6Zr2,Cl6Zr2,train,4.451639988200004,4.5558007424996285,0.10416075429962479,0.10416075429962479
1212,MIP2D-865-Nb1S2,NbS2,train,5.295102999991764,5.090462667587809,-0.2046403324039554,0.2046403324039554
1213,MIP2D-117-Bi2O2,Bi2O2,train,3.70451292135955,3.3674048506644425,-0.3371080706951073,0.3371080706951073
1214,MIP2D-1295-C16Cl8Ge2H48N4,C16H48Cl8Ge2N4,train,4.602434003648439,5.7015832350560265,1.099149231407588,1.099149231407588
1215,MIP2D-1001-Rh2Se2,Rh2Se2,train,4.24552301576203,4.5942355695744235,0.3487125538123932,0.3487125538123932
1216,MIP2D-1733-Bi1Te1,BiTe,train,4.7328219863668375,4.589070609797605,-0.14375137656923265,0.14375137656923265
1217,MIP2D-476-Cl6Fe2,Cl6Fe2,train,7.321722037245591,7.378628355557753,0.056906318312162085,0.056906318312162085
1218,MIP2D-479-Cl6Hf2,Cl6Hf2,train,4.161893000979719,4.230481815330889,0.06858881435117059,0.06858881435117059
1219,MIP2D-622-Ga2Se2,Ga2Se2,train,5.460572004000172,5.5022535901783565,0.04168158617818474,0.04168158617818474
1220,MIP2D-1037-S2Zr1,S2Zr,train,6.199543985187531,6.116407916662462,-0.08313606852506883,0.08313606852506883
1223,MIP2D-746-I2Zn1,I2Zn,train,5.493674995638818,5.782805343182478,0.28913034754365974,0.28913034754365974
1224,MIP2D-1535-I2N2Zr2,I2N2Zr2,train,5.605911002503889,5.724969581035975,0.11905857853208524,0.11905857853208524
1225,MIP2D-166-Br2Mo1,Br2Mo,train,3.800427002103845,3.9436105682522022,0.14318356614835714,0.14318356614835714
1226,MIP2D-881-Ni1Te2,NiTe2,train,4.154779019731017,4.266554697481601,0.11177567775058339,0.11177567775058339
1228,MIP2D-100-Ba1I2,BaI2,train,6.534509995137297,6.606598571655643,0.07208857651834588,0.07208857651834588
1229,MIP2D-1479-Ga2I2S2,Ga2I2S2,train,5.611483008325615,5.648540712096343,0.0370577037707287,0.0370577037707287
1230,MIP2D-276-C1F2Nb2,CF2Nb2,train,4.271351963404213,4.297172288137427,0.025820324733213162,0.025820324733213162
1231,MIP2D-408-Cl2H2Lu2,H2Cl2Lu2,train,3.0265020492368175,2.670629227051155,-0.3558728221856624,0.3558728221856624
1232,MIP2D-1385-Cl2O2V2,Cl2O2V2,train,6.145646980757809,6.286481780390131,0.14083479963232204,0.14083479963232204
1234,MIP2D-570-Cu1O2,CuO2,train,8.101917959987176,8.204167763771503,0.10224980378432669,0.10224980378432669
1235,MIP2D-700-I2Mg1,I2Mg,train,6.185309026745114,6.3295624843913725,0.14425345764625863,0.14425345764625863
1236,MIP2D-71-Au1O2,AuO2,train,6.432605026363584,6.573683382500219,0.1410783561366351,0.1410783561366351
1238,MIP2D-1897-Se2V2,Se2V2,train,4.66189201155613,4.596832610790245,-0.06505940076588512,0.06505940076588512
1239,MIP2D-357-C2Hf3,C2Hf3,train,3.309067942945188,3.4468800875906265,0.13781214464543856,0.13781214464543856
1240,MIP2D-1075-Si1Te2,SiTe2,train,4.682581990170702,4.749457733497804,0.06687574332710255,0.06687574332710255
1241,MIP2D-1670-Re2S4,Re2S4,train,5.18827799807481,5.468955962807869,0.2806779647330595,0.2806779647330595
1242,MIP2D-1829-Ni2Te2,Ni2Te2,train,5.123640997826173,4.991260757068742,-0.13238024075743038,0.13238024075743038
1244,MIP2D-389-Cd1Cl2,CdCl2,train,7.794162922212578,7.732215293384305,-0.06194762882827298,0.06194762882827298
1245,MIP2D-1065-Se2Tl2,Se2Tl2,train,5.586886994306839,5.53035300669616,-0.056533987610679404,0.056533987610679404
1246,MIP2D-1634-Ni2Se6,Ni2Se6,train,5.191399999548297,4.885433361228962,-0.3059666383193349,0.3059666383193349
1247,MIP2D-1681-Rh2Te6,Rh2Te6,train,4.574069025938808,4.677999605512665,0.10393057957385654,0.10393057957385654
1249,MIP2D-172-Br2O2Y2,Br2O2Y2,train,5.317142001112872,5.311368900003972,-0.005773101108900391,0.005773101108900391
1250,MIP2D-1798-In1S1,InS,train,4.512128962492933,4.386329994310694,-0.1257989681822389,0.1257989681822389
1251,MIP2D-1839-O2Sr1,O2Sr,train,4.401702037862423,4.6114242810801604,0.2097222432177377,0.2097222432177377
1252,MIP2D-1895-Se2Ta4,Se2Ta4,train,3.720746930415517,4.019592225474247,0.2988452950587295,0.2988452950587295
1253,MIP2D-366-C2O2Ta3,C2O2Ta3,train,4.858030000565917,4.917682186621836,0.05965218605591893,0.05965218605591893
1254,MIP2D-554-Cr1O2,CrO2,train,6.798447965023867,6.7949919681871265,-0.0034559968367409155,0.0034559968367409155
1255,MIP2D-669-Hf1S2,HfS2,train,6.649731989289079,6.7166640662431805,0.0669320769541013,0.0669320769541013
1256,MIP2D-1771-F4Pb1,F4Pb,train,7.3012779335589695,7.777779720561785,0.47650178700281565,0.47650178700281565
1257,MIP2D-1819-Mo2Te2,Mo2Te2,train,3.7063619658962956,3.852200411829134,0.14583844593283857,0.14583844593283857
1258,MIP2D-519-Cl6Y2,Cl6Y2,train,8.065719964308197,7.899242016317542,-0.1664779479906553,0.1664779479906553
1259,MIP2D-1614-Mn2Se6,Mn2Se6,train,5.466302994706037,5.190681979680123,-0.27562101502591396,0.27562101502591396
1260,MIP2D-1088-Te2Ti2,Te2Ti2,train,4.8827409799252806,4.673149544609658,-0.2095914353156223,0.2095914353156223
1261,MIP2D-1629-Nb2O6,Nb2O6,train,6.857839958869017,6.849712623119909,-0.00812733574910851,0.00812733574910851
1262,MIP2D-1678-Rh2Se4,Rh2Se4,train,5.458151996799884,5.537979013839073,0.0798270170391886,0.0798270170391886
1263,MIP2D-589-Fe1I2,FeI2,train,5.232182001765007,5.425366852907222,0.19318485114221495,0.19318485114221495
1264,MIP2D-1125-Al2I2Se2,Al2I2Se2,train,5.386057003942435,5.354447549963217,-0.031609453979218216,0.031609453979218216
1265,MIP2D-1655-Os2S4,Os2S4,train,5.424058001078186,5.696348397177269,0.27229039609908323,0.27229039609908323
1266,MIP2D-692-Hg1Se2,HgSe2,train,5.107522991300315,5.135101840363135,0.027578849062820154,0.027578849062820154
1268,MIP2D-386-Ca1I2,CaI2,train,6.440183017732726,6.729347714552921,0.28916469682019486,0.28916469682019486
1269,MIP2D-636-Ge1Te1,GeTe,train,4.9519630086483835,4.761781497380331,-0.19018151126805272,0.19018151126805272
1270,MIP2D-760-I6Ni2,I6Ni2,train,5.730008003691063,5.914601056464379,0.18459305277331595,0.18459305277331595
1271,MIP2D-764-I6Pd2,I6Pd2,train,5.398443995711727,5.622730555887859,0.22428656017613235,0.22428656017613235
1272,MIP2D-966-Pd1S2,PdS2,train,4.036272022654339,4.00739235489702,-0.028879667757319538,0.028879667757319538
1273,MIP2D-1725-As2Mn2Rb2,As2Mn2Rb2,train,-2.7552810884369325,-0.4641950001647803,2.291086088272152,2.291086088272152
1274,MIP2D-273-C1F2Hf2,CF2Hf2,train,3.4175560146285444,3.228386637637931,-0.18916937699061354,0.18916937699061354
1275,MIP2D-472-Cl6Cu2,Cl6Cu2,train,7.157029031411789,7.090876676933918,-0.06615235447787082,0.06615235447787082
1276,MIP2D-577-Cu1Te2,CuTe2,train,4.155223994373165,3.9271466691891583,-0.22807732518400625,0.22807732518400625
1277,MIP2D-703-I2Mn1,I2Mn,train,5.354746997763703,5.312026539172304,-0.04272045859139961,0.04272045859139961
1278,MIP2D-1213-Br2Mo2O2,Br2Mo2O2,train,4.604930010402551,4.832277886296588,0.22734787589403638,0.22734787589403638
1279,MIP2D-1853-Pb1Te1,PbTe,train,4.049406014587284,4.04442669139792,-0.004979323189363782,0.004979323189363782
1280,MIP2D-996-Rh1S2,RhS2,train,5.162840996218311,5.050756571551377,-0.11208442466693391,0.11208442466693391
1282,MIP2D-1601-Ir2S4,Ir2S4,train,5.808125986610501,6.101523555556744,0.2933975689462427,0.2933975689462427
1283,MIP2D-869-Nb1Te2,NbTe2,train,4.508030965678893,4.504645823122464,-0.003385142556428633,0.003385142556428633
1284,MIP2D-445-Cl2Sn1,Cl2Sn,train,6.427664994353774,6.4707577378882934,0.04309274353451986,0.04309274353451986
1285,MIP2D-1092-Te2W1,Te2W,train,3.882806044299879,3.9467020438144536,0.0638959995145747,0.0638959995145747
1287,MIP2D-639-Ge2,Ge2,train,4.43513102223536,4.376071579822952,-0.05905944241240846,0.05905944241240846
1289,MIP2D-1289-Br4Ta2,Br4Ta2,train,2.867008006726529,3.3693604613403503,0.5023524546138214,0.5023524546138214
1290,MIP2D-1662-Pb2S6,Pb2S6,train,4.972338007040946,4.890383480415304,-0.08195452662564229,0.08195452662564229
1291,MIP2D-262-Br6Zr2,Br6Zr2,train,4.489866970629335,4.641082613787139,0.151215643157804,0.151215643157804
1292,MIP2D-309-C1O2Ti2,CO2Ti2,train,5.452854002214035,5.507087544138192,0.05423354192415708,0.05423354192415708
1294,MIP2D-1174-Br2Cu2N2,Br2Cu2N2,train,6.319798992339247,6.313381514360392,-0.006417477978854613,0.006417477978854613
1295,MIP2D-1558-I2Os2Se2,I2Os2Se2,train,5.123515009804779,5.2227290564581095,0.09921404665333089,0.09921404665333089
1296,MIP2D-1575-I2S2Tl2,I2S2Tl2,train,5.945031993680277,6.033935079994327,0.0889030863140503,0.0889030863140503
1297,MIP2D-170-Br2Ni1,Br2Ni,train,6.498394974620108,6.5683388059025845,0.06994383128247605,0.06994383128247605
1298,MIP2D-814-Ir2O2,Ir2O2,train,6.051462037306654,6.343122171443577,0.29166013413692315,0.29166013413692315
1299,MIP2D-1830-O2Os2,O2Os2,train,5.110964996247029,5.1827273868291135,0.07176239058208456,0.07176239058208456
1300,MIP2D-504-Cl6Ru2,Cl6Ru2,train,6.319196039496908,6.130103861946038,-0.1890921775508696,0.1890921775508696
1303,MIP2D-18-Ag2Cl6Re1,Ag2Cl6Re,train,6.984074953391642,7.068899159718143,0.084824206326501,0.084824206326501
1304,MIP2D-1235-Br2Ni2O2,Br2Ni2O2,train,6.227839003447024,6.296147898649451,0.06830889520242689,0.06830889520242689
1305,MIP2D-1307-Cl2Cr2Se2,Cl2Cr2Se2,train,6.8963739493969705,6.7183050220898695,-0.178068927307101,0.178068927307101
1306,MIP2D-1478-Ga2I2O2,Ga2I2O2,train,4.610097003884316,5.080999289374539,0.47090228549022317,0.47090228549022317
1307,MIP2D-1568-I2Ru2Se2,I2Ru2Se2,train,5.433851998704498,5.464912448949328,0.03106045024482995,0.03106045024482995
1308,MIP2D-25-Al1I2,AlI2,train,4.2372099620772685,4.25186784980022,0.014657887722951735,0.014657887722951735
1312,MIP2D-1645-O6Pd2Se2,O6Pd2Se2,train,5.758104003584559,5.983147691774972,0.22504368819041343,0.22504368819041343
1314,MIP2D-345-C2H2Mn3O2,C2H2Mn3O2,train,1.6228499589817034,1.8291005051605187,0.20625054617881533,0.20625054617881533
1315,MIP2D-583-Cu2Te2,Cu2Te2,train,3.943991033773468,3.915949089757433,-0.028041944016035103,0.028041944016035103
1316,MIP2D-6-Ag1Cl2,AgCl2,train,7.644005049671199,7.737532699683863,0.09352765001266405,0.09352765001266405
1318,MIP2D-501-Cl6Rh2,Cl6Rh2,train,6.585705019175993,6.696340683282143,0.11063566410614989,0.11063566410614989
1319,MIP2D-9-Ag1I2,AgI2,train,5.893407979920308,6.006449557651471,0.11304157773116241,0.11304157773116241
1320,MIP2D-1436-Co2I2N2,Co2I2N2,train,5.062594991748582,5.05257344287588,-0.010021548872702013,0.010021548872702013
1321,MIP2D-1477-Ga2I2N2,Ga2I2N2,train,5.83443000772803,5.849163467926768,0.014733460198738335,0.014733460198738335
1322,MIP2D-1603-Ir2Se6,Ir2Se6,train,4.792399006687959,4.682459032369677,-0.10993997431828184,0.10993997431828184
1323,MIP2D-1620-Mo2S4,Mo2S4,train,5.773264989237009,5.811180204698145,0.037915215461135965,0.037915215461135965
1325,MIP2D-1242-Br2O2Rh2,Br2O2Rh2,train,5.214276002524877,5.433951650246844,0.21967564772196724,0.21967564772196724
1326,MIP2D-481-Cl6In2,Cl6In2,train,7.590264965915097,7.759408368955951,0.16914340304085407,0.16914340304085407
1327,MIP2D-717-I2Pt1,I2Pt,train,5.0274920038235855,5.01020298998992,-0.017289013833665656,0.017289013833665656
1329,MIP2D-122-Bi2S1Te2,Bi2STe2,train,5.124903999777205,5.309248345688433,0.18434434591122795,0.18434434591122795
1330,MIP2D-684-Hg1O1,HgO,train,5.1299529976980125,5.296310550355875,0.16635755265786223,0.16635755265786223
1332,MIP2D-1207-Br2Lu2S2,Br2Lu2S2,train,6.540834980215216,6.619658129987569,0.0788231497723535,0.0788231497723535
1333,MIP2D-1565-I2Rh2S2,I2Rh2S2,train,5.199830997951392,5.467880681991862,0.26804968404047,0.26804968404047
1334,MIP2D-1598-I4Y2,I4Y2,train,3.308255925234418,3.1617001508930875,-0.14655577434133038,0.14655577434133038
1335,MIP2D-1720-Ag2I2,Ag2I2,train,5.910001019247412,5.860126073089052,-0.049874946158359634,0.049874946158359634
1337,MIP2D-995-Rh1S2,RhS2,train,6.139211036738046,6.400421970988658,0.26121093425061215,0.26121093425061215
1338,MIP2D-298-C1Hf2O2,CHf2O2,train,4.993258994200315,5.366774283054965,0.3735152888546498,0.3735152888546498
1340,MIP2D-390-Cd1Cl2,CdCl2,train,7.73578599117999,7.721316912624209,-0.0144690785557815,0.0144690785557815
1341,MIP2D-441-Cl2Ru1,Cl2Ru,train,6.477082967010806,6.342653361779465,-0.1344296052313405,0.1344296052313405
1342,MIP2D-1198-Br2Hg2Se2,Br2Hg2Se2,train,6.057528985901046,6.079512766928055,0.02198378102700893,0.02198378102700893
1344,MIP2D-72-Au1O2,AuO2,train,7.670114079158521,7.754857588072772,0.08474350891425075,0.08474350891425075
1345,MIP2D-1034-S2W1,S2W,train,4.8567470174637934,4.770758799774498,-0.08598821768929543,0.08598821768929543
1346,MIP2D-1708-Se6V2,Se6V2,train,4.884731000888872,4.802773179661218,-0.08195782122765394,0.08195782122765394
1347,MIP2D-787-I6Y2,I6Y2,train,6.331181964313833,6.448904927459797,0.11772296314596353,0.11772296314596353
1348,MIP2D-946-Os2Te2,Os2Te2,train,4.495482029984764,4.308145183846737,-0.18733684613802737,0.18733684613802737
1349,MIP2D-1057-Se2Sn1,Se2Sn,train,5.756690009209824,5.777987252121219,0.021297242911395564,0.021297242911395564
1351,MIP2D-1014-S1Se1V1,SSeV,train,5.3010299997364,5.354692967307555,0.05366296757115485,0.05366296757115485
1353,MIP2D-1114-Al2Br2S2,Al2Br2S2,train,5.883722988879091,5.970226628749857,0.0865036398707657,0.0865036398707657
1354,MIP2D-1288-Br4Sc2,Br4Sc2,train,3.546732071895626,3.364362428065485,-0.18236964383014076,0.18236964383014076
1357,MIP2D-1754-Ce2S2,Ce2S2,train,2.339941156129036,2.032514927770081,-0.30742622835895483,0.30742622835895483
1358,MIP2D-46-As1Na3,AsNa3,train,2.306281875008033,2.4878012674744223,0.18151939246638937,0.18151939246638937
1359,MIP2D-1463-Er2I2Se2,Er2I2Se2,train,5.966651009388202,5.995913013675337,0.029262004287135213,0.029262004287135213
1360,MIP2D-1499-Hf3Se8Ti1,Hf3Se8Ti,train,6.0607440293758055,6.04353123880351,-0.01721279057229541,0.01721279057229541
1361,MIP2D-1660-Os2Te6,Os2Te6,train,4.723944986300598,4.54100122756425,-0.18294375873634827,0.18294375873634827
1362,MIP2D-446-Cl2Sn1,Cl2Sn,train,6.797688986338085,6.7470863398760095,-0.05060264646207546,0.05060264646207546
1363,MIP2D-943-Os1Te2,OsTe2,train,4.424323995501432,4.070645866345108,-0.35367812915632335,0.35367812915632335
1364,MIP2D-724-I2S2Sm2,I2S2Sm2,train,6.026655961904024,5.934500411944211,-0.09215554995981279,0.09215554995981279
1365,MIP2D-856-N2Si6,N2Si6,train,4.553354032753402,4.670551527215463,0.11719749446206063,0.11719749446206063
1366,MIP2D-1566-I2Rh2Se2,I2Rh2Se2,train,5.676539988982614,5.430507530246987,-0.24603245873562685,0.24603245873562685
1367,MIP2D-1609-Mn2O4,Mn2O4,train,7.937653984548746,7.8534982977120364,-0.08415568683670926,0.08415568683670926
1368,MIP2D-1635-Ni2Te6,Ni2Te6,train,4.323287011998597,4.383460436632132,0.06017342463353437,0.06017342463353437
1369,MIP2D-181-Br2Re1,Br2Re,train,4.0354549613553035,3.8329129168193035,-0.202542044536,0.202542044536
1370,MIP2D-340-C2F2Zr3,C2F2Zr3,train,3.2387759413759865,3.4042464732846764,0.16547053190869,0.16547053190869
1372,MIP2D-1693-S6Ti2,S6Ti2,train,4.996477006884295,5.31989118125356,0.32341417436926445,0.32341417436926445
1374,MIP2D-247-Br6Sb2,Br6Sb2,train,6.961778063151174,6.888459095140602,-0.0733189680105717,0.0733189680105717
1375,MIP2D-440-Cl2Ru1,Cl2Ru,train,5.646843992060039,5.461736859350518,-0.18510713270952106,0.18510713270952106
1377,MIP2D-900-O2Pd2,O2Pd2,train,6.299911961111386,6.432314694645518,0.132402733534132,0.132402733534132
1378,MIP2D-1737-Bi2In2,Bi2In2,train,4.045127994211439,4.099165731023413,0.054037736811973325,0.054037736811973325
1379,MIP2D-524-Cl8Nb3,Cl8Nb3,train,4.460626035525438,4.3209137596750145,-0.13971227585042367,0.13971227585042367
1381,MIP2D-893-O2Os1,O2Os,train,6.059699030426442,5.983669459115874,-0.07602957131056787,0.07602957131056787
1382,MIP2D-1427-Cl4Sc2,Cl4Sc2,train,3.315999948275337,3.259834223956248,-0.05616572431908917,0.05616572431908917
1383,MIP2D-1495-Hf2Se6,Hf2Se6,train,5.064309994792349,5.10297357299945,0.03866357820710142,0.03866357820710142
1384,MIP2D-1908-Te2W2,Te2W2,train,3.415364006089734,3.657342029971261,0.241978023881527,0.241978023881527
1385,MIP2D-460-Cl2Y1,Cl2Y,train,3.3923600373137006,3.280569554191112,-0.11179048312258866,0.11179048312258866
1387,MIP2D-1870-Ru2S2,Ru2S2,train,4.751258009789949,4.807965309736113,0.0567072999461633,0.0567072999461633
1388,MIP2D-464-Cl2Zr1,Cl2Zr,train,3.6692580766862477,3.7916911818349446,0.12243310514869687,0.12243310514869687
1389,MIP2D-1676-Rh2S4,Rh2S4,train,6.2497520115419185,6.237855488394411,-0.011896523147507665,0.011896523147507665
1390,MIP2D-887-Ni2Te2,Ni2Te2,train,4.282489019776751,4.098296118788577,-0.1841929009881742,0.1841929009881742
1391,MIP2D-1865-Re2Se2,Re2Se2,train,3.7865429797868795,3.8936113627216526,0.10706838293477317,0.10706838293477317
1392,MIP2D-319-C1V2,CV2,train,5.757260992210414,5.466034321945644,-0.2912266702647699,0.2912266702647699
1393,MIP2D-510-Cl6Ta2,Cl6Ta2,train,4.670892010097493,4.595150736800046,-0.07574127329744673,0.07574127329744673
1395,MIP2D-783-I6V2,I6V2,train,5.624204991973584,5.710435627292421,0.08623063531883712,0.08623063531883712
1396,MIP2D-1339-Cl2Ir2N2,Cl2Ir2N2,train,6.109161988636876,5.860976080408211,-0.24818590822866504,0.24818590822866504
1398,MIP2D-761-I6Ni2,I6Ni2,train,6.113368992036012,5.980357611285693,-0.13301138075031904,0.13301138075031904
1399,MIP2D-453-Cl2Ti1,Cl2Ti,train,3.8720560426526314,4.111207786096843,0.23915174344421164,0.23915174344421164
1401,MIP2D-828-Mn2S2,Mn2S2,train,4.522412025484618,4.353424078849823,-0.168987946634795,0.168987946634795
1402,MIP2D-1180-Br2Fe2O2,Br2Fe2O2,train,6.211673001484446,6.360586734688166,0.14891373320372026,0.14891373320372026
1404,MIP2D-161-Br2Mg1,Br2Mg,train,7.09503503411075,7.167759672187953,0.07272463807720264,0.07272463807720264
1405,MIP2D-1685-Ru2Se6,Ru2Se6,train,4.35631600728279,4.537713946889815,0.18139793960702466,0.18139793960702466
1406,MIP2D-250-Br6Sc2,Br6Sc2,train,6.711805951868588,6.8032159455952605,0.09140999372667213,0.09140999372667213
1407,MIP2D-108-Bi2Br6,Bi2Br6,train,7.016532070845067,7.053459922555004,0.03692785170993673,0.03692785170993673
1408,MIP2D-1539-I2Nb2Se2,I2Nb2Se2,train,4.557210018678889,4.574176080167157,0.016966061488267847,0.016966061488267847
1409,MIP2D-1756-Cl2N2Th2,Cl2N2Th2,train,5.2112310022049,5.063451954338655,-0.14777904786624507,0.14777904786624507
1411,MIP2D-310-C1O2V2,CO2V2,train,6.199569040432464,6.505177624659036,0.30560858422657233,0.30560858422657233
1412,MIP2D-641-Ge2N2,Ge2N2,train,5.921339981846971,5.955119576952569,0.03377959510559769,0.03377959510559769
1414,MIP2D-394-Cd1S1,CdS,train,5.524662008798053,5.617854585583842,0.09319257678578907,0.09319257678578907
1415,MIP2D-1021-S2Sn1,S2Sn,train,6.562764990083457,6.57249439724069,0.00972940715723336,0.00972940715723336
1416,MIP2D-1123-Al2I2O2,Al2I2O2,train,4.4010309965784975,4.67777756560668,0.27674656902818207,0.27674656902818207
1417,MIP2D-1127-As2Br6,As2Br6,train,6.826685063366504,6.849903628688421,0.02321856532191635,0.02321856532191635
1418,MIP2D-705-I2Mo1,I2Mo,train,3.7499540246691154,3.800861726873065,0.05090770220394969,0.05090770220394969
1419,MIP2D-792-I7Se1Ta3,I7SeTa3,train,5.142121996634161,4.771301188883551,-0.37082080775061055,0.37082080775061055
1420,MIP2D-375-C2Ti3,C2Ti3,train,3.3412439210269023,2.969172069510341,-0.3720718515165613,0.3720718515165613
1421,MIP2D-1036-S2W2,S2W2,train,5.225082002237808,5.246125326918192,0.0210433246803845,0.0210433246803845
1422,MIP2D-1337-Cl2In2S2,Cl2In2S2,train,6.429167007478564,6.32563540014098,-0.10353160733758404,0.10353160733758404
1423,MIP2D-1530-I2N2Sn2,I2N2Sn2,train,5.452629003267353,5.533447492141731,0.08081848887437815,0.08081848887437815
1424,MIP2D-1577-I2S2W2,I2S2W2,train,4.83796001724113,5.052713219416807,0.21475320217567706,0.21475320217567706
1425,MIP2D-374-C2Ta3,C2Ta3,train,4.823351019785076,4.328012040721535,-0.49533897906354163,0.49533897906354163
1426,MIP2D-1119-Al2Cl2Se2,Al2Cl2Se2,train,4.900410988043497,5.0694504687616195,0.1690394807181228,0.1690394807181228
1428,MIP2D-235-Br6Os2,Br6Os2,train,5.289105999964009,5.358858696664815,0.06975269670080664,0.06975269670080664
1429,MIP2D-596-Fe1Se2,FeSe2,train,5.482100997758669,5.350733008216713,-0.13136798954195683,0.13136798954195683
1431,MIP2D-494-Cl6Os2,Cl6Os2,train,5.8184749823165305,5.705163816657749,-0.1133111656587813,0.1133111656587813
1432,MIP2D-1094-Te2W2,Te2W2,train,4.055970000670436,4.011951026555388,-0.04401897411504763,0.04401897411504763
1433,MIP2D-1305-Cl2Cr2O2,Cl2Cr2O2,train,7.460668013072427,7.076738522846922,-0.3839294902255048,0.3839294902255048
1434,MIP2D-1447-Cr2I2O2,Cr2I2O2,train,5.617179009137888,5.4588976038756485,-0.15828140526223944,0.15828140526223944
1435,MIP2D-186-Br2Ru1,Br2Ru,train,6.030206973435834,5.985554296859667,-0.04465267657616678,0.04465267657616678
1436,MIP2D-251-Br6Ta2,Br6Ta2,train,4.378604030569694,4.354070471629805,-0.024533558939888955,0.024533558939888955
1439,MIP2D-1910-Te6Y2,Te6Y2,train,4.564740990789684,4.434275239194156,-0.1304657515955281,0.1304657515955281
1440,MIP2D-2-Ag1Bi1P2Se6,AgBiP2Se6,train,5.563110990459271,5.452129372804786,-0.11098161765448467,0.11098161765448467
1441,MIP2D-838-Mo1Se2,MoSe2,train,4.424071002606171,4.480403328034422,0.05633232542825084,0.05633232542825084
1442,MIP2D-702-I2Mn1,I2Mn,train,5.7324290074067745,5.909840763297681,0.17741175589090652,0.17741175589090652
1444,MIP2D-419-Cl2Mg1,Cl2Mg,train,7.815543018263468,7.716465631498235,-0.09907738676523259,0.09907738676523259
1445,MIP2D-1129-As2O8Sb2,As2O8Sb2,train,6.411283989104321,6.669225051194834,0.25794106209051293,0.25794106209051293
1446,MIP2D-1296-C2Cl5Pr4,C2Cl5Pr4,train,2.3274320810518456,2.2997818286083773,-0.027650252443468304,0.027650252443468304
1447,MIP2D-1118-Al2Cl2S2,Al2Cl2S2,train,5.670761989186925,5.811905871296915,0.14114388210998996,0.14114388210998996
1448,MIP2D-1131-As8S6,As8S6,train,5.381555997987805,5.280831905075148,-0.10072409291265672,0.10072409291265672
1449,MIP2D-137-Br2Cd1,Br2Cd,train,6.89564604572276,6.990718335315879,0.09507228959311931,0.09507228959311931
1451,MIP2D-28-Al1N1,AlN,train,5.049643992586663,5.0988295331054365,0.04918554051877333,0.04918554051877333
1452,MIP2D-539-Co1S2,CoS2,train,5.676099000402161,5.5632774695461364,-0.11282153085602431,0.11282153085602431
1453,MIP2D-1210-Br2Mn2S2,Br2Mn2S2,train,6.596079029452856,6.535199258417537,-0.06087977103531905,0.06087977103531905
1454,MIP2D-1482-Ge2I2O2,Ge2I2O2,train,5.174599003721958,4.958990415077541,-0.21560858864441634,0.21560858864441634
1455,MIP2D-30-Al2Br6,Al2Br6,train,6.8446449557876985,6.745551136686503,-0.09909381910119563,0.09909381910119563
1456,MIP2D-1084-Ta2Te2,Ta2Te2,train,4.17161500545095,4.333365891013722,0.16175088556277206,0.16175088556277206
1457,MIP2D-1095-Te2Zr1,Te2Zr,train,4.721475010969792,4.829652861300712,0.10817785033091987,0.10817785033091987
1458,MIP2D-1382-Cl2O2Ta2,Cl2O2Ta2,train,4.603765999039758,4.6172062669375435,0.013440267897785851,0.013440267897785851
1459,MIP2D-1421-Cl4Ir2,Cl4Ir2,train,5.415616996846757,5.53592186027522,0.12030486342846292,0.12030486342846292
1460,MIP2D-211-Br6Co2,Br6Co2,train,6.80391196077592,6.705808149242355,-0.09810381153356573,0.09810381153356573
1462,MIP2D-373-C2Sc3,C2Sc3,train,3.4851059311451884,3.328268883472524,-0.15683704767266438,0.15683704767266438
1463,MIP2D-668-Hf1S2,HfS2,train,5.9769479829217165,6.340386268854054,0.36343828593233773,0.36343828593233773
1464,MIP2D-812-Ir1Te2,IrTe2,train,4.381163977007303,4.570122011379947,0.1889580343726438,0.1889580343726438
1465,MIP2D-115-Bi2I6,Bi2I6,train,6.281681992673386,6.426514161399028,0.14483216872564242,0.14483216872564242
1466,MIP2D-1256-Br2Pd2S2,Br2Pd2S2,train,5.354324998903182,5.3871002945796445,0.03277529567646287,0.03277529567646287
1468,MIP2D-664-Hf1I2,HfI2,train,2.8973259919697356,2.9777030550170975,0.08037706304736192,0.08037706304736192
1469,MIP2D-1351-Cl2N2Nb2,Cl2N2Nb2,train,4.913067994818447,4.99230900994602,0.07924101512757264,0.07924101512757264
1470,MIP2D-1667-Pt2Ta2Te10,Pt2Ta2Te10,train,4.595400963856581,4.581727877416596,-0.013673086439984772,0.013673086439984772
1473,MIP2D-492-Cl6Ni2,Cl6Ni2,train,7.383346062942884,7.6003072382411965,0.21696117529831227,0.21696117529831227
1475,MIP2D-1758-Co1O1,CoO,train,4.090217998699157,3.9708187745886456,-0.11939922411051151,0.11939922411051151
1476,MIP2D-1804-Ir2Te2,Ir2Te2,train,3.6278869864106675,3.5693367837166945,-0.05855020269397304,0.05855020269397304
1478,MIP2D-230-Br6Mo2,Br6Mo2,train,4.699222008082055,4.933151197225382,0.2339291891433275,0.2339291891433275
1480,MIP2D-415-Cl2In1,Cl2In,train,5.806353002638729,5.848689940067182,0.04233693742845279,0.04233693742845279
1481,MIP2D-974-Pd4Se6Tl2,Pd4Se6Tl2,train,4.49974801082733,4.586759344800771,0.0870113339734413,0.0870113339734413
1483,MIP2D-1280-Br4C16Ge2H48I4N4,C16H48Br4Ge2I4N4,train,4.636955006229088,5.48862300817174,0.8516680019426524,0.8516680019426524
1484,MIP2D-1772-Fe1O1,FeO,train,4.126822003233521,4.2621012090430295,0.1352792058095087,0.1352792058095087
1485,MIP2D-1843-O2W2,O2W2,train,5.154412001014587,5.222838124054354,0.06842612303976647,0.06842612303976647
1486,MIP2D-1903-Sn1Te1,SnTe,train,4.15484800300278,4.104728727532229,-0.05011927547055084,0.05011927547055084
1487,MIP2D-719-I2Re1,I2Re,train,4.311205991138404,4.180012335868667,-0.1311936552697377,0.1311936552697377
1488,MIP2D-942-Os1Te2,OsTe2,train,4.264856960592824,4.524402697233792,0.2595457366409679,0.2595457366409679
1489,MIP2D-1877-S2Sc2,S2Sc2,train,3.340444919027786,3.328059330514906,-0.012385588512879853,0.012385588512879853
1490,MIP2D-231-Br6Nb2,Br6Nb2,train,4.829580990167926,4.691970304334421,-0.1376106858335051,0.1376106858335051
1491,MIP2D-346-C2H2Mo3O2,C2H2Mo3O2,train,2.165916861218196,3.392899375865334,1.2269825146471378,1.2269825146471378
1493,MIP2D-580-Cu2O2,Cu2O2,train,5.275356999767126,5.47583348518252,0.2004764854153933,0.2004764854153933
1496,MIP2D-505-Cl6Sb2,Cl6Sb2,train,7.491065068763927,7.531677017657329,0.04061194889340225,0.04061194889340225
1498,MIP2D-1383-Cl2O2Ti2,Cl2O2Ti2,train,5.479207991462082,5.520298796522028,0.041090805059946334,0.041090805059946334
1500,MIP2D-1661-P8Se8,P8Se8,train,5.331086998988376,5.295891510536049,-0.03519548845232645,0.03519548845232645
1501,MIP2D-1859-Pb2Te2,Pb2Te2,train,4.275087960737896,4.191040385656107,-0.08404757508178928,0.08404757508178928
1502,MIP2D-1148-B2C2Dy2,C2B2Dy2,train,3.569608974786644,3.3212895334912362,-0.24831944129540773,0.24831944129540773
1503,MIP2D-1363-Cl2N2Tl2,Cl2N2Tl2,train,7.037968947938044,7.040394425804635,0.002425477866591308,0.002425477866591308
1504,MIP2D-1824-Nb2Te2,Nb2Te2,train,5.3552390018327225,5.2703862982156675,-0.08485270361705499,0.08485270361705499
1505,MIP2D-508-Cl6Sc2,Cl6Sc2,train,7.501155011133957,7.652327133005921,0.15117212187196394,0.15117212187196394
1506,MIP2D-572-Cu1S2,CuS2,train,5.995248968336425,6.106868376198971,0.11161940786254565,0.11161940786254565
1508,MIP2D-1886-Sb1Se1,SbSe,train,4.266524029211017,4.47185265626379,0.205328627052773,0.205328627052773
1510,MIP2D-315-C1Sc2,CSc2,train,3.2658009515709097,3.3705891445204212,0.10478819294951158,0.10478819294951158
1511,MIP2D-861-N2Y1,N2Y,train,5.576524006710783,5.548424712215276,-0.028099294495507188,0.028099294495507188
1512,MIP2D-364-C2Nb3O2,C2Nb3O2,train,5.221048997549574,4.976906277786659,-0.24414271976291513,0.24414271976291513
1513,MIP2D-491-Cl6Ni2,Cl6Ni2,train,7.869572050818274,7.6641672005041315,-0.20540485031414235,0.20540485031414235
1514,MIP2D-945-Os2Se2,Os2Se2,train,4.541434976155096,4.56411379618439,0.022678820029294222,0.022678820029294222
1515,MIP2D-1331-Cl2Hg2N2,Cl2Hg2N2,train,7.012162045657473,6.9122973710336115,-0.09986467462386184,0.09986467462386184
1516,MIP2D-398-Cl2Co1,Cl2Co,train,6.543156983174164,6.73974254996843,0.19658556679426553,0.19658556679426553
1518,MIP2D-772-I6Ru2,I6Ru2,train,5.341379999170853,5.27796917047668,-0.06341082869417303,0.06341082869417303
1520,MIP2D-1124-Al2I2S2,Al2I2S2,train,5.751354991025435,5.689400122207553,-0.0619548688178817,0.0619548688178817
1521,MIP2D-645-Ge2P2,Ge2P2,train,5.472474007982508,5.787480871527034,0.315006863544526,0.315006863544526
1522,MIP2D-1701-Sc2Te6,Sc2Te6,train,4.681195003397647,5.06155292133434,0.38035791793669294,0.38035791793669294
1523,MIP2D-1906-Te2Ti2,Te2Ti2,train,4.411548016987151,4.521904250033744,0.11035623304659303,0.11035623304659303
1524,MIP2D-675-Hf2I6,Hf2I6,train,3.7303190101581416,3.6200609643863326,-0.11025804577180898,0.11025804577180898
1525,MIP2D-870-Nb1Te2,NbTe2,train,4.803676998813242,4.83853327799126,0.034856279178018035,0.034856279178018035
1527,MIP2D-1354-Cl2N2Pb2,Cl2N2Pb2,train,6.872358985218268,6.785285175828891,-0.08707380938937703,0.08707380938937703
1528,MIP2D-1795-I2O2Pr2,I2O2Pr2,train,6.243175009747112,6.541172656584421,0.29799764683730867,0.29799764683730867
1529,MIP2D-127-Bi2Se3,Bi2Se3,train,5.66091698624057,5.637898090070236,-0.023018896170334813,0.023018896170334813
1531,MIP2D-308-C1O2Ta2,CO2Ta2,train,5.323045000040925,5.077105862940999,-0.245939137099926,0.245939137099926
1532,MIP2D-339-C2F2Y3,C2F2Y3,train,4.308330983130587,4.030542994473746,-0.27778798865684173,0.27778798865684173
1533,MIP2D-1106-Ag2Cl2Se2,Ag2Cl2Se2,train,7.430604973081229,7.0575595463330005,-0.37304542674822816,0.37304542674822816
1534,MIP2D-1674-Re2Te4,Re2Te4,train,4.333795002757292,4.185814252034518,-0.14798075072277328,0.14798075072277328
1535,MIP2D-1803-Ir2Se2,Ir2Se2,train,3.770731981359644,3.5637289643508723,-0.20700301700877155,0.20700301700877155
1536,MIP2D-414-Cl2In1,Cl2In,train,5.31829400090583,5.290528589919804,-0.02776541098602614,0.02776541098602614
1537,MIP2D-426-Cl2Nb1,Cl2Nb,train,4.040873971553955,3.9473574662443944,-0.09351650530956057,0.09351650530956057
1539,MIP2D-48-As2Br6,As2Br6,train,6.997145005641089,6.871334323318362,-0.12581068232272674,0.12581068232272674
1540,MIP2D-817-Ir2Te2,Ir2Te2,train,3.624048002258528,3.61815660307506,-0.005891399183468149,0.005891399183468149
1541,MIP2D-1175-Br2Cu2O2,Br2Cu2O2,train,6.503151973184794,6.503200049969713,4.807678491935974e-05,4.807678491935974e-05
1542,MIP2D-1526-I2N2Pt2,I2N2Pt2,train,4.773132987602356,4.920924685113365,0.14779169751100873,0.14779169751100873
1543,MIP2D-1600-I6U2,I6U2,train,4.154260994407216,3.915882872324397,-0.23837812208281894,0.23837812208281894
1545,MIP2D-217-Br6Fe2,Br6Fe2,train,6.607215028298822,6.755491561068916,0.1482765327700939,0.1482765327700939
1546,MIP2D-1657-Os2Se4,Os2Se4,train,4.9000750199864465,5.037576394179113,0.1375013741926665,0.1375013741926665
1549,MIP2D-788-I6Y2,I6Y2,train,6.045528011667521,6.322127096413032,0.2765990847455111,0.2765990847455111
1550,MIP2D-755-I6Mn2,I6Mn2,train,5.999581980094005,5.912299919318175,-0.08728206077582978,0.08728206077582978
1551,MIP2D-1284-Br4Nb2O2,Br4Nb2O2,train,5.389796000990913,5.493873322545135,0.10407732155422256,0.10407732155422256
1552,MIP2D-1734-Bi2Br2O2,Bi2Br2O2,train,7.0735309634063634,7.0221023073434905,-0.051428656062872946,0.051428656062872946
1553,MIP2D-303-C1Mo2O2,CMo2O2,train,6.467947971135138,6.364195747485031,-0.10375222365010739,0.10375222365010739
1554,MIP2D-475-Cl6Fe2,Cl6Fe2,train,7.662933961824981,7.4094503742347335,-0.2534835875902477,0.2534835875902477
1556,MIP2D-371-C2O2Zr3,C2O2Zr3,train,5.392311002549219,5.213632980610843,-0.17867802193837612,0.17867802193837612
1557,MIP2D-422-Cl2Mo1,Cl2Mo,train,4.079842036065546,4.190563197127618,0.11072116106207197,0.11072116106207197
1559,MIP2D-1146-Au2Se2,Au2Se2,train,5.618909000587106,5.460658751684636,-0.15825024890246997,0.15825024890246997
1560,MIP2D-1801-Ir2O2,Ir2O2,train,6.559448017316813,6.317023554525577,-0.2424244627912353,0.2424244627912353
1563,MIP2D-807-Ir1O2,IrO2,train,7.008755020435828,7.175603428119415,0.16684840768358722,0.16684840768358722
1565,MIP2D-1424-Cl4Nb2,Cl4Nb2,train,3.259064995397538,3.862685381047841,0.6036203856503031,0.6036203856503031
1566,MIP2D-159-Br2Ir1,Br2Ir,train,4.289310960995232,4.291636217882093,0.002325256886861027,0.002325256886861027
1567,MIP2D-765-I6Pd2,I6Pd2,train,5.352168000595014,5.490422552330105,0.13825455173509127,0.13825455173509127
1568,MIP2D-550-Co3O8Ti1,Co3O8Ti,train,8.200565014785871,8.346752932576601,0.14618791779072993,0.14618791779072993
1570,MIP2D-936-O3Te1,O3Te,train,8.643645870887335,8.828410405661682,0.18476453477434696,0.18476453477434696
1571,MIP2D-1281-Br4Hf2,Br4Hf2,train,3.9206789993722406,3.484568219557511,-0.43611077981472945,0.43611077981472945
1572,MIP2D-1462-Dy2Te6,Dy2Te6,train,5.350370998567831,5.321432363535607,-0.02893863503222427,0.02893863503222427
1573,MIP2D-1581-I2Se2Ta2,I2Se2Ta2,train,4.284149011101733,4.306206656292374,0.022057645190640685,0.022057645190640685
1576,MIP2D-1007-Ru1Te2,RuTe2,train,4.56446896241613,4.5793565774497615,0.014887615033631896,0.014887615033631896
1577,MIP2D-163-Br2Mn1,Br2Mn,train,5.808094016768753,5.705444101873383,-0.10264991489537056,0.10264991489537056
1578,MIP2D-1441-Co2S4,Co2S4,train,6.174574969344642,6.022578139443047,-0.15199682990159502,0.15199682990159502
1579,MIP2D-471-Cl6Cu2,Cl6Cu2,train,7.486736043068041,7.363024632338595,-0.12371141072944614,0.12371141072944614
1580,MIP2D-1056-Se1Yb1,SeYb,train,4.925351003253859,4.946581581317131,0.021230578063272,0.021230578063272
1581,MIP2D-1071-Se2W2,Se2W2,train,4.766710994798522,4.6886146911738065,-0.07809630362471509,0.07809630362471509
1582,MIP2D-1310-Cl2Cu2S2,Cl2Cu2S2,train,6.82973806123118,6.832273684557637,0.0025356233264570704,0.0025356233264570704
1583,MIP2D-143-Br2Cu1,Br2Cu,train,6.4572670341078515,6.590285410803183,0.13301837669533167,0.13301837669533167
1585,MIP2D-1411-Cl2Se2Ta2,Cl2Se2Ta2,train,4.727740001751808,4.673160852009157,-0.054579149742651545,0.054579149742651545
1586,MIP2D-1415-Cl2Se2W2,Cl2Se2W2,train,4.591294994919153,4.914464255286054,0.3231692603669014,0.3231692603669014
1587,MIP2D-1291-Br4Zr2,Br4Zr2,train,3.9799810221105867,3.761745445945022,-0.21823557616556455,0.21823557616556455
1588,MIP2D-1396-Cl2Rh2S2,Cl2Rh2S2,train,6.372460968429467,6.403022672873382,0.03056170444391526,0.03056170444391526
1589,MIP2D-497-Cl6Pt2,Cl6Pt2,train,6.4726550219063546,6.442981802479173,-0.029673219427181152,0.029673219427181152
1591,MIP2D-920-O2Ta2,O2Ta2,train,4.736268994227718,4.666740770887971,-0.06952822333974673,0.06952822333974673
1592,MIP2D-1086-Te2Ti1,Te2Ti,train,4.6047960299207205,4.872446121444909,0.26765009152418884,0.26765009152418884
1593,MIP2D-42-Al2Te2,Al2Te2,train,5.08649299755585,5.141997035633765,0.05550403807791504,0.05550403807791504
1594,MIP2D-455-Cl2Tl1,Cl2Tl,train,6.839922042117905,6.8777655491426515,0.03784350702474626,0.03784350702474626
1596,MIP2D-782-I6Tl2,I6Tl2,train,6.1431390158186145,6.364545463387516,0.22140644756890104,0.22140644756890104
1597,MIP2D-1439-Co2I2Se2,Co2I2Se2,train,5.7613439802819535,5.687480630131484,-0.07386335015046974,0.07386335015046974
1598,MIP2D-1448-Cr2I2S2,Cr2I2S2,train,6.066228036784525,6.111697530615135,0.04546949383060994,0.04546949383060994
1600,MIP2D-983-Pt2Te2,Pt2Te2,train,4.587019008248254,4.6066331976205825,0.019614189372328283,0.019614189372328283
1601,MIP2D-194-Br2Ta1,Br2Ta,train,3.316634952307622,3.4726101971724423,0.15597524486482017,0.15597524486482017
1602,MIP2D-1241-Br2O2Pt2,Br2O2Pt2,train,4.8349190182356345,5.0296224317766365,0.19470341354100196,0.19470341354100196
1604,MIP2D-1133-Au2Br2N2,Au2Br2N2,train,5.915906979758293,5.929833181115834,0.013926201357540968,0.013926201357540968
1605,MIP2D-1893-Se2Sn2,Se2Sn2,train,3.926928981411757,4.024672257732528,0.09774327632077062,0.09774327632077062
1606,MIP2D-1155-Bi2Cl2N2,Bi2Cl2N2,train,7.053367022913079,7.035095404197788,-0.018271618715290927,0.018271618715290927
1607,MIP2D-254-Br6Tl2,Br6Tl2,train,7.041825015211728,7.0493746160598265,0.0075496008480984145,0.0075496008480984145
1608,MIP2D-496-Cl6Pd2,Cl6Pd2,train,7.192044061597879,7.043745646162567,-0.14829841543531153,0.14829841543531153
1609,MIP2D-608-Ga1N1,GaN,train,5.017502994230017,4.951157580141638,-0.0663454140883788,0.0663454140883788
1611,MIP2D-1437-Co2I2O2,Co2I2O2,train,5.434151004174159,5.4226910869729466,-0.0114599172012122,0.0114599172012122
1613,MIP2D-964-Pb6Sb2,Pb6Sb2,train,4.173732010951358,4.2971769249847025,0.12344491403334423,0.12344491403334423
1614,MIP2D-1443-Co2Se6,Co2Se6,train,5.131248996511791,5.264612498020692,0.1333635015089012,0.1333635015089012
1615,MIP2D-1469-Fe2O6,Fe2O6,train,6.910775020859363,6.77543325828572,-0.13534176257364283,0.13534176257364283
1616,MIP2D-1498-Hf3S8Ti1,Hf3S8Ti,train,6.3134269880029805,6.636721727965039,0.3232947399620585,0.3232947399620585
1617,MIP2D-588-Fe1Ga2S4,FeGa2S4,train,5.050220995353893,4.677805915453624,-0.3724150799002688,0.3724150799002688
1618,MIP2D-1046-Sb2Te3,Sb2Te3,train,4.722878999516193,4.6175018456143695,-0.10537715390182356,0.10537715390182356
1619,MIP2D-1311-Cl2Cu2Se2,Cl2Cu2Se2,train,6.788142938018767,6.68410200961455,-0.10404092840421697,0.10404092840421697
1621,MIP2D-1790-Hg1I2,HgI2,train,5.880329020043198,5.96941225194135,0.08908323189815182,0.08908323189815182
1622,MIP2D-337-C2F2W3,C2F2W3,train,5.763233983636309,5.750784211395339,-0.012449772240969992,0.012449772240969992
1624,MIP2D-90-B1Cl3,BCl3,train,7.271791001504825,7.323119111195176,0.05132810969035084,0.05132810969035084
1625,MIP2D-1836-O2Ru2,O2Ru2,train,4.863753985158246,4.929589325709161,0.06583534055091533,0.06583534055091533
1626,MIP2D-363-C2Nb3,C2Nb3,train,3.9043039325412305,3.7567923168753605,-0.14751161566587,0.14751161566587
1627,MIP2D-621-Ga2Se2,Ga2Se2,train,5.476928004847315,5.523229507708312,0.04630150286099699,0.04630150286099699
1628,MIP2D-1298-Ca2Si2,Ca2Si2,train,1.8601019779619192,1.7625664649384145,-0.09753551302350472,0.09753551302350472
1629,MIP2D-245-Br6Ru2,Br6Ru2,train,5.897756000420388,5.860939595741482,-0.036816404678906345,0.036816404678906345
1630,MIP2D-320-C1W2,CW2,train,5.150790999527067,5.107903395810433,-0.04288760371663436,0.04288760371663436
1631,MIP2D-813-Ir1Te2,IrTe2,train,3.8244279743925205,3.9443132539850847,0.11988527959256423,0.11988527959256423
1632,MIP2D-1252-Br2Os2S2,Br2Os2S2,train,5.550993993358587,5.5268192206452404,-0.024174772713346115,0.024174772713346115
1633,MIP2D-468-Cl6Co2,Cl6Co2,train,7.247877071787831,7.315669568630413,0.06779249684258204,0.06779249684258204
1634,MIP2D-1008-Ru1Te2,RuTe2,train,3.923535948080139,4.082203899641432,0.1586679515612932,0.1586679515612932
1635,MIP2D-1636-O4Os2,O4Os2,train,6.239271028384905,5.96034078900819,-0.2789302393767148,0.2789302393767148
1636,MIP2D-1680-Rh2Te4,Rh2Te4,train,5.028000999497427,4.822241023625644,-0.20575997587178296,0.20575997587178296
1637,MIP2D-1841-O2Ti2,O2Ti2,train,2.698892031424307,2.399066653278085,-0.2998253781462221,0.2998253781462221
1638,MIP2D-953-P2Sn2,P2Sn2,train,5.337424999777948,5.471543506621594,0.13411850684364612,0.13411850684364612
1639,MIP2D-155-Br2Hg1,Br2Hg,train,6.8508729738138,6.9079634644458565,0.0570904906320564,0.0570904906320564
1640,MIP2D-713-I2Pb1,I2Pb,train,6.2592720284379295,6.130619365475706,-0.12865266296222355,0.12865266296222355
1641,MIP2D-871-Nb2O2,Nb2O2,train,5.035220001269531,4.878514697003258,-0.15670530426627316,0.15670530426627316
1642,MIP2D-694-Hg1Te2,HgTe2,train,4.788683997189317,4.630059160172875,-0.1586248370164416,0.1586248370164416
1643,MIP2D-1240-Br2O2Pd2,Br2O2Pd2,train,5.7711679953932675,5.678893188975431,-0.09227480641783625,0.09227480641783625
1644,MIP2D-1271-Br2S2Zr2,Br2S2Zr2,train,4.961449001660651,4.898291623445352,-0.06315737821529943,0.06315737821529943
1645,MIP2D-1529-I2N2Sc2,I2N2Sc2,train,6.583223980490281,6.613298409229176,0.030074428738894987,0.030074428738894987
1646,MIP2D-1901-Si1Te1,SiTe,train,3.9547059743474495,4.102552256499204,0.14784628215175477,0.14784628215175477
1647,MIP2D-277-C1F2Sc2,CF2Sc2,train,4.407563012819901,4.5898092514339295,0.18224623861402822,0.18224623861402822
1648,MIP2D-1303-Cl2Co2Se2,Cl2Co2Se2,train,6.763376967277669,6.547283614553841,-0.2160933527238278,0.2160933527238278
1650,MIP2D-1616-Mn2Te6,Mn2Te6,train,4.8700550131919025,4.952428198317692,0.08237318512578984,0.08237318512578984
1652,MIP2D-918-O2Ta1,O2Ta,train,4.785511010732837,4.63926858964956,-0.14624242108327756,0.14624242108327756
1654,MIP2D-912-O2Ru2,O2Ru2,train,6.9944930543917305,6.951235987497587,-0.043257066894143215,0.043257066894143215
1655,MIP2D-1225-Br2N2Sn2,Br2N2Sn2,train,6.102188983815019,5.991734319449047,-0.11045466436597184,0.11045466436597184
1656,MIP2D-1343-Cl2Mn2N2,Cl2Mn2N2,train,7.010073023937119,7.0047256815007595,-0.005347342436359703,0.005347342436359703
1657,MIP2D-1884-S2Zr2,S2Zr2,train,3.3388980016977916,3.256228546435494,-0.08266945526229774,0.08266945526229774
1659,MIP2D-773-I6Ru2,I6Ru2,train,4.811256983213231,5.095532836377102,0.28427585316387116,0.28427585316387116
1660,MIP2D-1442-Co2Se4,Co2Se4,train,5.66588898809213,5.339471514522803,-0.32641747356932704,0.32641747356932704
1661,MIP2D-1450-Cr2O4,Cr2O4,train,7.7962099682628505,7.667846579492122,-0.12836338877072873,0.12836338877072873
1662,MIP2D-358-C2Hf3O2,C2Hf3O2,train,5.459852001269676,5.33793285911915,-0.12191914215052524,0.12191914215052524
1663,MIP2D-1429-Cl4Ti2,Cl4Ti2,train,4.120235971788755,3.8363938062045815,-0.28384216558417386,0.28384216558417386
1664,MIP2D-1525-I2N2Pd2,I2N2Pd2,train,4.514078960143189,4.992025755521165,0.47794679537797524,0.47794679537797524
1665,MIP2D-490-Cl6Nb2,Cl6Nb2,train,5.1660009974687116,5.088131492619555,-0.07786950484915689,0.07786950484915689
1666,MIP2D-64-Au1Br2,AuBr2,train,6.4679190111767095,6.445159249690572,-0.022759761486137897,0.022759761486137897
1667,MIP2D-609-Ga1N1,GaN,train,5.011217991791333,4.966335567567436,-0.04488242422389721,0.04488242422389721
1668,MIP2D-815-Ir2S2,Ir2S2,train,4.860208017214701,4.907605992097241,0.04739797488254016,0.04739797488254016
1669,MIP2D-347-C2H2Nb3O2,C2H2Nb3O2,train,1.8429150561165346,2.374800485864473,0.5318854297479385,0.5318854297479385
1670,MIP2D-447-Cl2Sr1,Cl2Sr,train,7.651200948555118,7.7037478169454054,0.052546868390287216,0.052546868390287216
1671,MIP2D-562-Cr2Ge2Te6,Cr2Ge2Te6,train,4.9144130059214195,5.046432955510647,0.13201994958922736,0.13201994958922736
1672,MIP2D-1090-Te2V1,Te2V,train,5.076471001268061,4.9780328486414005,-0.09843815262666045,0.09843815262666045
1673,MIP2D-1409-Cl2Sc2Se2,Cl2Sc2Se2,train,5.76317199630956,5.8273509655302975,0.06417896922073751,0.06417896922073751
1674,MIP2D-1665-Pt2S6,Pt2S6,train,4.7660170133228075,4.754205865108926,-0.01181114821388185,0.01181114821388185
1675,MIP2D-1705-Se6Ta2,Se6Ta2,train,4.8816989908592365,4.72018816382827,-0.1615108270309662,0.1615108270309662
1676,MIP2D-265-C12,C12,train,4.989042005309894,4.333907019225707,-0.6551349860841871,0.6551349860841871
1677,MIP2D-573-Cu1S2,CuS2,train,4.456011965744345,4.104908588397637,-0.3511033773467078,0.3511033773467078
1678,MIP2D-866-Nb1S2,NbS2,train,5.683931001519037,5.760083734001124,0.07615273248208698,0.07615273248208698
1679,MIP2D-950-P2Si2,P2Si2,train,5.66634998832925,5.66137200738515,-0.004977980944099514,0.004977980944099514
1680,MIP2D-1222-Br2N2Rh2,Br2N2Rh2,train,5.8837600023091055,5.742178385546576,-0.14158161676252945,0.14158161676252945
1681,MIP2D-1607-K2O2Pd1,K2O2Pd,train,1.302187077264139,0.6433346819094741,-0.658852395354665,0.658852395354665
1682,MIP2D-457-Cl2V1,Cl2V,train,4.574509038340888,4.320149900097362,-0.25435913824352596,0.25435913824352596
1683,MIP2D-1389-Cl2Os2Se2,Cl2Os2Se2,train,6.068832968775537,6.075732678871146,0.006899710095609635,0.006899710095609635
1685,MIP2D-605-Fe3Ge1Te2,Fe3GeTe2,train,4.204442989338297,4.402551069003207,0.19810807966490973,0.19810807966490973
1686,MIP2D-1011-Ru2Te2,Ru2Te2,train,4.418661998235852,4.4328671018896655,0.014205103653813111,0.014205103653813111
1687,MIP2D-27-Al1N1,AlN,train,5.0519060012497095,5.101977464316984,0.05007146306727428,0.05007146306727428
1688,MIP2D-1003-Ru1S2,RuS2,train,5.853152986918998,5.781242644302105,-0.071910342616893,0.071910342616893
1689,MIP2D-376-C2V3,C2V3,train,3.9320940225367735,3.9019619179256155,-0.030132104611158006,0.030132104611158006
1690,MIP2D-435-Cl2Pt1,Cl2Pt,train,6.575912973906428,6.360366037027445,-0.21554693687898308,0.21554693687898308
1691,MIP2D-509-Cl6Ta2,Cl6Ta2,train,4.582139987386819,4.1479888043096915,-0.43415118307712763,0.43415118307712763
1692,MIP2D-735-I2Ti1,I2Ti,train,3.608422965811539,3.5935780585817696,-0.01484490722976961,0.01484490722976961
1693,MIP2D-1269-Br2S2V2,Br2S2V2,train,5.80161300584739,5.807028884140426,0.005415878293035803,0.005415878293035803
1694,MIP2D-1416-Cl2Se2Zr2,Cl2Se2Zr2,train,4.9132699823936665,4.765664897648486,-0.1476050847451802,0.1476050847451802
1695,MIP2D-1519-I2Mo2O2,I2Mo2O2,train,4.2259339629828325,4.299897778157627,0.07396381517479433,0.07396381517479433
1697,MIP2D-1048-Sb6Te6,Sb6Te6,train,-12.673952962748992,4.46317239681401,17.137125359563,17.137125359563
1698,MIP2D-1248-Br2O2Tl2,Br2O2Tl2,train,6.592474002717685,6.690314083393877,0.09784008067619165,0.09784008067619165
1700,MIP2D-88-Au2Te2,Au2Te2,train,4.147969036697618,4.196894120623979,0.048925083926360635,0.048925083926360635
1701,MIP2D-1047-Sb3Si1,Sb3Si,train,4.262075014923328,4.219114624906682,-0.04296039001664553,0.04296039001664553
1702,MIP2D-1412-Cl2Se2Ti2,Cl2Se2Ti2,train,5.336720000705689,5.181443935974851,-0.15527606473083821,0.15527606473083821
1703,MIP2D-1671-Re2S6,Re2S6,train,5.814050006421301,5.587818553194325,-0.22623145322697535,0.22623145322697535
1704,MIP2D-35-Al2I6,Al2I6,train,5.9492559988527605,5.917379178768577,-0.031876820084183244,0.031876820084183244
1705,MIP2D-864-Nb1S1Se1,NbSSe,train,5.545953008235266,5.502921336860269,-0.04303167137499653,0.04303167137499653
1706,MIP2D-1342-Cl2Ir2Se2,Cl2Ir2Se2,train,5.901971992795385,5.865370428706957,-0.03660156408842852,0.03660156408842852
1707,MIP2D-528-Co1Ga2S4,CoGa2S4,train,5.065258006352846,4.639177561016185,-0.42608044533666156,0.42608044533666156
1708,MIP2D-1116-Al2Cl2N2,Al2Cl2N2,train,6.37951898211806,6.660526488400541,0.2810075062824815,0.2810075062824815
1710,MIP2D-1625-Mo2Te6,Mo2Te6,train,4.81716900416485,4.686156307961191,-0.1310126962036584,0.1310126962036584
1711,MIP2D-888-O18Te8,O18Te8,train,6.5061250057710005,6.67981707464189,0.1736920688708894,0.1736920688708894
1712,MIP2D-928-O2V2,O2V2,train,4.777667986935155,4.7044106401844425,-0.0732573467507125,0.0732573467507125
1713,MIP2D-1275-Br2Se2Ti2,Br2Se2Ti2,train,5.378252000258715,5.417510589690342,0.0392585894316273,0.0392585894316273
1714,MIP2D-1393-Cl2Pd2Se2,Cl2Pd2Se2,train,5.721588993978624,5.613609246846478,-0.10797974713214664,0.10797974713214664
1715,MIP2D-1761-Co2Se2,Co2Se2,train,5.76511398116233,5.71763120078355,-0.04748278037878073,0.04748278037878073
1716,MIP2D-679-Hf2S2,Hf2S2,train,4.909217987985501,5.026958298634652,0.11774031064915036,0.11774031064915036
1717,MIP2D-763-I6Os2,I6Os2,train,5.008462992712369,5.036436685590422,0.027973692878052958,0.027973692878052958
1718,MIP2D-1572-I2S2Sn2,I2S2Sn2,train,5.323320999223386,5.497388032443662,0.17406703322027628,0.17406703322027628
1719,MIP2D-498-Cl6Pt2,Cl6Pt2,train,6.128804975271237,6.325893355276309,0.19708838000507178,0.19708838000507178
1720,MIP2D-98-Ba1Cl2,BaCl2,train,7.583242989478144,7.599719416163655,0.01647642668551086,0.01647642668551086
1721,MIP2D-1077-Sn1Te1,SnTe,train,5.224564002335319,4.92022810049532,-0.30433590183999826,0.30433590183999826
1722,MIP2D-1300-Cl2Co2N2,Cl2Co2N2,train,6.370819036404404,6.38055397523909,0.009734938834686346,0.009734938834686346
1723,MIP2D-1538-I2Nb2S2,I2Nb2S2,train,4.4972249964715365,4.693899761564726,0.19667476509318949,0.19667476509318949
1724,MIP2D-1876-S1Zn1,SZn,train,5.073849006492554,5.18444389481454,0.11059488832198561,0.11059488832198561
1725,MIP2D-130-Bi2Te2,Bi2Te2,train,4.194812013500441,4.310385757259653,0.11557374375921192,0.11557374375921192
1726,MIP2D-138-Br2Co1,Br2Co,train,6.6803119970775064,6.733353137117827,0.05304114004032012,0.05304114004032012
1728,MIP2D-258-Br6W2,Br6W2,train,5.641924012380995,5.3625841085642545,-0.2793399038167408,0.2793399038167408
1732,MIP2D-704-I2Mo1,I2Mo,train,3.5612930739149586,3.508243636358459,-0.0530494375564996,0.0530494375564996
1733,MIP2D-862-Nb1O2,NbO2,train,5.038489995451927,5.454520094653854,0.4160300992019268,0.4160300992019268
1735,MIP2D-1063-Se2Ti1,Se2Ti,train,6.017021976182849,5.924939354882393,-0.09208262130045597,0.09208262130045597
1737,MIP2D-1610-Mn2O4,Mn2O4,train,7.852415065109692,7.834529850334108,-0.01788521477558369,0.01788521477558369
1738,MIP2D-249-Br6Sc2,Br6Sc2,train,7.026232029954685,7.08275796409378,0.05652593413909468,0.05652593413909468
1739,MIP2D-297-C1Hf2,CHf2,train,3.5496900550652333,3.4633804306463,-0.08630962441893342,0.08630962441893342
1740,MIP2D-324-C2Cr3,C2Cr3,train,4.631349993376091,4.014055423085132,-0.6172945702909587,0.6172945702909587
1741,MIP2D-45-As1In1,AsIn,train,4.203470959722389,4.373481127811155,0.17001016808876646,0.17001016808876646
1742,MIP2D-80-Au2Br6,Au2Br6,train,6.360340981782512,6.374889700223972,0.014548718441459663,0.014548718441459663
1743,MIP2D-895-O2Os2,O2Os2,train,6.5637789953694465,6.488865358636753,-0.07491363673269369,0.07491363673269369
1745,MIP2D-940-Os1Se2,OsSe2,train,5.281003999729796,5.2664667488421,-0.014537250887696196,0.014537250887696196
1746,MIP2D-1574-I2S2Ti2,I2S2Ti2,train,5.386551001042301,5.19106801755294,-0.19548298348936122,0.19548298348936122
1747,MIP2D-1776-Ga1S1,GaS,train,4.541311977679972,4.35302140527055,-0.18829057240942237,0.18829057240942237
1748,MIP2D-1779-Ge1S1,GeS,train,3.822876989652635,4.046140372533472,0.22326338288083702,0.22326338288083702
1749,MIP2D-564-Cr2I6,Cr2I6,train,5.81344599605239,5.876183434533425,0.06273743848103575,0.06273743848103575
1750,MIP2D-742-I2W1,I2W,train,3.1300020121254444,3.3280541242302446,0.19805211210480023,0.19805211210480023
1751,MIP2D-1100-Ag2Br2O2,Ag2Br2O2,train,6.559185018593218,6.509101454981515,-0.050083563611702964,0.050083563611702964
1753,MIP2D-575-Cu1Se2,CuSe2,train,3.479989942983465,3.868233490836454,0.3882435478529893,0.3882435478529893
1754,MIP2D-93-B1P1,BP,train,4.85755500843877,4.831045745818109,-0.02650926262066111,0.02650926262066111
1756,MIP2D-1066-Se2V1,Se2V,train,5.017939000233353,4.93247515302729,-0.08546384720606337,0.08546384720606337
1757,MIP2D-1220-Br2N2Pd2,Br2N2Pd2,train,6.001366027420683,5.871092460942537,-0.13027356647814603,0.13027356647814603
1758,MIP2D-185-Br2Ru1,Br2Ru,train,5.319009999779714,5.3997247620754605,0.08071476229574692,0.08071476229574692
1759,MIP2D-204-Br2Y1,Br2Y,train,3.0646649292862564,3.4164529330659277,0.35178800377967123,0.35178800377967123
1760,MIP2D-731-I2Ta1,I2Ta,train,3.524347976387081,3.448125528499451,-0.07622244788763011,0.07622244788763011
1761,MIP2D-1181-Br2Fe2S2,Br2Fe2S2,train,6.211574976906056,6.347512289636036,0.1359373127299799,0.1359373127299799
1762,MIP2D-1497-Hf2Te6,Hf2Te6,train,4.96107400680569,4.834794880885742,-0.1262791259199485,0.1262791259199485
1763,MIP2D-1749-Ca2H2I2,H2Ca2I2,train,6.1575409821111835,6.464635391171177,0.3070944090599932,0.3070944090599932
1764,MIP2D-686-Hg1O2,HgO2,train,7.4648730641148155,7.620033200037348,0.1551601359225323,0.1551601359225323
1766,MIP2D-1867-Rh2S2,Rh2S2,train,4.513649034917642,4.443986261658679,-0.06966277325896275,0.06966277325896275
1767,MIP2D-323-C2,C2,train,4.196308006858592,4.338167061649831,0.14185905479123928,0.14185905479123928
1768,MIP2D-329-C2F2Hf3,C2F2Hf3,train,2.849945059534642,3.374854881318393,0.5249098217837509,0.5249098217837509
1770,MIP2D-1214-Br2Mo2S2,Br2Mo2S2,train,5.464150999312036,5.363605089458209,-0.10054590985382728,0.10054590985382728
1772,MIP2D-184-Br2Rh1,Br2Rh,train,6.250653024181117,6.1056523833377625,-0.14500064084335484,0.14500064084335484
1774,MIP2D-134-Br2Ca1,Br2Ca,train,7.237221922139256,7.504920131122464,0.26769820898320784,0.26769820898320784
1776,MIP2D-312-C1O2Y2,CO2Y2,train,5.644451988976856,5.844532437046427,0.2000804480695706,0.2000804480695706
1777,MIP2D-1650-O6Ti2,O6Ti2,train,7.427553927573301,7.67569424013708,0.24814031256377866,0.24814031256377866
1778,MIP2D-578-Cu2I6,Cu2I6,train,5.651604000508045,5.8165661468543775,0.16496214634633244,0.16496214634633244
1779,MIP2D-1833-O2Pt2,O2Pt2,train,5.911154007929399,6.065773137662243,0.15461912973284342,0.15461912973284342
1780,MIP2D-65-Au1Br2,AuBr2,train,6.696702031976918,6.7822546300668165,0.08555259808989835,0.08555259808989835
1782,MIP2D-463-Cl2Zn1,Cl2Zn,train,7.340777039106014,7.35649757833726,0.015720539231246278,0.015720539231246278
1783,MIP2D-527-Co1Ga2S4,CoGa2S4,train,3.112452928103307,3.207256280554389,0.09480335245108229,0.09480335245108229
1784,MIP2D-642-Ge2N2,Ge2N2,train,5.929099989808765,5.971140819797105,0.042040829988340356,0.042040829988340356
1785,MIP2D-1043-Sb2Si6,Sb2Si6,train,4.504672993420541,4.353709285631426,-0.1509637077891144,0.1509637077891144
1786,MIP2D-1306-Cl2Cr2S2,Cl2Cr2S2,train,7.18182607716446,7.073040759166221,-0.10878531799823854,0.10878531799823854
1787,MIP2D-1613-Mn2Se4,Mn2Se4,train,5.592402991894358,5.402621957804237,-0.18978103409012093,0.18978103409012093
1788,MIP2D-224-Br6In2,Br6In2,train,7.070096930583037,6.943141841813194,-0.12695508876984274,0.12695508876984274
1789,MIP2D-284-C1F2Zr2,CF2Zr2,train,3.8389800281100914,3.6969063767729686,-0.1420736513371228,0.1420736513371228
1791,MIP2D-51-As2Ce1Li2,As2CeLi2,train,3.6157210380319373,3.7356896181790824,0.11996858014714507,0.11996858014714507
1792,MIP2D-124-Bi2Se1Te2,Bi2SeTe2,train,5.199416000120147,5.32653669856799,0.12712069844784324,0.12712069844784324
1793,MIP2D-1826-Ni1O1,NiO,train,5.183477996819044,5.132188313983645,-0.051289682835399475,0.051289682835399475
1795,MIP2D-208-Br2Zr1,Br2Zr,train,3.7507580702564978,3.605054174242875,-0.14570389601362255,0.14570389601362255
1796,MIP2D-355-C2H2O2Y3,C2H2O2Y3,train,1.6111579452035487,1.703635878071374,0.09247793286782535,0.09247793286782535
1797,MIP2D-1030-S2Tl2,S2Tl2,train,6.041481996351896,6.332590833752105,0.2911088374002091,0.2911088374002091
1798,MIP2D-417-Cl2Ir1,Cl2Ir,train,6.034287968476527,5.730057422721247,-0.3042305457552805,0.3042305457552805
1800,MIP2D-461-Cl2Y1,Cl2Y,train,3.8165319929180495,3.7464485681280917,-0.07008342478995777,0.07008342478995777
1801,MIP2D-525-Cl9Mo2Rb3,Cl9Mo2Rb3,train,4.83266599854845,5.061628798865868,0.22896280031741867,0.22896280031741867
1802,MIP2D-774-I6Sb2,I6Sb2,train,6.265017000865298,6.200768194216721,-0.06424880664857735,0.06424880664857735
1803,MIP2D-140-Br2Cr1,Br2Cr,train,3.629853009655898,3.8282729783112996,0.19841996865540157,0.19841996865540157
1804,MIP2D-1723-Al1Se1,AlSe,train,4.257554007480556,4.168999254149627,-0.08855475333092855,0.08855475333092855
1805,MIP2D-667-Hf1S1Se1,HfSSe,train,6.226264997167152,6.423330925069622,0.1970659279024698,0.1970659279024698
1806,MIP2D-776-I6Sc2,I6Sc2,train,5.9718129999558,6.311525311182236,0.3397123112264362,0.3397123112264362
1807,MIP2D-585-F2O2U1,F2O2U,train,8.639005118897353,9.060508202827194,0.42150308392984037,0.42150308392984037
1808,MIP2D-986-Re1S2,ReS2,train,5.687547010260915,5.46696136600815,-0.22058564425276472,0.22058564425276472
1809,MIP2D-1254-Br2Pb2S2,Br2Pb2S2,train,6.438380016275953,6.488928647534667,0.05054863125871467,0.05054863125871467
1810,MIP2D-1349-Cl2Mo2S2,Cl2Mo2S2,train,5.486648992466073,5.360700399526707,-0.12594859293936533,0.12594859293936533
1811,MIP2D-1532-I2N2Ti2,I2N2Ti2,train,5.019031994619438,5.371593899394933,0.3525619047754942,0.3525619047754942
1812,MIP2D-196-Br2Ti1,Br2Ti,train,4.504023021319854,4.232322969092445,-0.2717000522274091,0.2717000522274091
1813,MIP2D-203-Br2W1,Br2W,train,3.680580932342636,3.7092172876402376,0.028636355297601668,0.028636355297601668
1815,MIP2D-1775-Fe2Te2,Fe2Te2,train,4.441647012881791,4.470030863373318,0.028383850491526808,0.028383850491526808
1816,MIP2D-969-Pd1Te2,PdTe2,train,4.407146998136183,4.475500065410032,0.06835306727384971,0.06835306727384971
1818,MIP2D-222-Br6Hf2,Br6Hf2,train,3.992169992029304,4.008770556064707,0.01660056403540322,0.01660056403540322
1819,MIP2D-474-Cl6Fe1Zr1,Cl6FeZr,train,7.280985951002295,6.95954863444136,-0.3214373165609352,0.3214373165609352
1820,MIP2D-1212-Br2Mo2N2,Br2Mo2N2,train,5.352573999281874,5.223348360288212,-0.12922563899366146,0.12922563899366146
1821,MIP2D-1446-Cr2I2N2,Cr2I2N2,train,4.755236994190559,4.915613054535853,0.1603760603452935,0.1603760603452935
1822,MIP2D-1510-I2Ir2N2,I2Ir2N2,train,4.717394992107473,4.727885086262644,0.01049009415517066,0.01049009415517066
1823,MIP2D-1617-Mo2O4,Mo2O4,train,6.630306039646537,6.508093957551353,-0.1222120820951842,0.1222120820951842
1824,MIP2D-179-Br2Pt1,Br2Pt,train,5.443333995486547,5.607917252432948,0.16458325694640052,0.16458325694640052
1825,MIP2D-1156-Bi2Cl2O2,Bi2Cl2O2,train,7.217077993302639,7.160466968948612,-0.05661102435402743,0.05661102435402743
1827,MIP2D-532-Co1Ga2Te4,CoGa2Te4,train,4.2278300267779265,4.503333351298625,0.2755033245206988,0.2755033245206988
1829,MIP2D-859-N2Sn6,N2Sn6,train,4.060607986821692,4.1524405030879095,0.09183251626621747,0.09183251626621747
1830,MIP2D-1267-Br2S2Ti2,Br2S2Ti2,train,5.262048001168266,5.465901053260544,0.20385305209227766,0.20385305209227766
1831,MIP2D-1333-Cl2Hg2S2,Cl2Hg2S2,train,6.094320986120602,6.172551432923544,0.07823044680294178,0.07823044680294178
1832,MIP2D-242-Br6Re2,Br6Re2,train,4.937899003443713,5.161160271271406,0.2232612678276933,0.2232612678276933
1834,MIP2D-38-Al2O2,Al2O2,train,4.6640649846166475,4.745183292442664,0.08111830782601626,0.08111830782601626
1835,MIP2D-141-Br2Cr1,Br2Cr,train,5.4002849969454125,5.310326117792998,-0.08995887915241418,0.08995887915241418
1837,MIP2D-967-Pd1Se2,PdSe2,train,5.115756994873832,5.1738884577194595,0.05813146284562709,0.05813146284562709
1839,MIP2D-1227-Br2N2Ti2,Br2N2Ti2,train,5.959896993914912,6.003863335745961,0.04396634183104897,0.04396634183104897
1841,MIP2D-223-Br6In2,Br6In2,train,6.8028879496615975,6.750900756872403,-0.051987192789194836,0.051987192789194836
1842,MIP2D-442-Cl2Sc1,Cl2Sc,train,3.3801929500602004,3.289274787537627,-0.09091816252257345,0.09091816252257345
1843,MIP2D-1357-Cl2N2Rh2,Cl2N2Rh2,train,6.317889018002323,6.153066993926759,-0.16482202407556468,0.16482202407556468
1844,MIP2D-1402-Cl2S2Sn2,Cl2S2Sn2,train,5.8803160043315446,6.015512153631066,0.13519614929952173,0.13519614929952173
1845,MIP2D-1514-I2Mn2N2,I2Mn2N2,train,5.691766012519232,5.496771758833928,-0.1949942536853042,0.1949942536853042
1848,MIP2D-1290-Br4Y2,Br4Y2,train,3.5370509855679053,3.472113810469265,-0.0649371750986405,0.0649371750986405
1849,MIP2D-154-Br2Hg1,Br2Hg,train,6.703347040865112,6.828921976110518,0.12557493524540586,0.12557493524540586
1850,MIP2D-1585-I2Se2W2,I2Se2W2,train,4.540480029660733,4.429210337700672,-0.11126969196006087,0.11126969196006087
1851,MIP2D-1789-Hf3Te2,Hf3Te2,train,3.9762070351685166,3.85166823191891,-0.12453880324960664,0.12453880324960664
1852,MIP2D-381-C6N8,C6N8,train,4.595747019090163,4.11336351333942,-0.4823835057507422,0.4823835057507422
1853,MIP2D-190-Br2Sn1,Br2Sn,train,6.326170996675513,6.339695785350847,0.013524788675334243,0.013524788675334243
1856,MIP2D-1883-S2Zr2,S2Zr2,train,4.358132024451216,4.194915325711689,-0.16321669873952693,0.16321669873952693
1857,MIP2D-1896-Se2Ti2,Se2Ti2,train,4.4050199868074404,4.254575849957886,-0.15044413684955416,0.15044413684955416
1858,MIP2D-1683-Ru2S6,Ru2S6,train,4.707559994989452,4.770279414844667,0.06271941985521501,0.06271941985521501
1860,MIP2D-915-O2Sc2,O2Sc2,train,3.5330250632571456,3.5768575873027597,0.04383252404561411,0.04383252404561411
1861,MIP2D-997-Rh1Se2,RhSe2,train,5.488124994504606,5.69819239812575,0.21006740362114407,0.21006740362114407
1863,MIP2D-1864-Re2S2,Re2S2,train,4.528877010811008,4.28283670197429,-0.2460403088367178,0.2460403088367178
1865,MIP2D-1453-Cr2S6,Cr2S6,train,4.806144981113201,4.943915800874141,0.13777081976093974,0.13777081976093974
1866,MIP2D-1778-Ga1Te1,GaTe,train,5.1092329914299155,4.728929759819216,-0.3803032316106991,0.3803032316106991
1868,MIP2D-244-Br6Rh2,Br6Rh2,train,6.266854005868765,6.439884795239469,0.1730307893707037,0.1730307893707037
1869,MIP2D-1449-Cr2I2Se2,Cr2I2Se2,train,5.920777011643867,6.010033433855206,0.08925642221133856,0.08925642221133856
1870,MIP2D-325-C2Cr3F2,C2Cr3F2,train,6.627473007308801,6.342245644611926,-0.2852273626968751,0.2852273626968751
1872,MIP2D-1691-S6Sc2,S6Sc2,train,5.74549800212965,5.856020551566713,0.11052254943706341,0.11052254943706341
1875,MIP2D-1112-Al2Br2N2,Al2Br2N2,train,6.441871969016136,6.3910705889067545,-0.05080138010938118,0.05080138010938118
1876,MIP2D-1466-Fe2I2O2,Fe2I2O2,train,5.398859003711498,5.44833759094444,0.04947858723294196,0.04947858723294196
1877,MIP2D-1483-Ge2I2S2,Ge2I2S2,train,5.455241998898474,5.51193343594606,0.0566914370475855,0.0566914370475855
1879,MIP2D-1622-Mo2Se4,Mo2Se4,train,5.125125002493668,5.232504638886137,0.10737963639246928,0.10737963639246928
1881,MIP2D-987-Re1S2,ReS2,train,4.590911031425381,4.555658301805223,-0.03525272962015791,0.03525272962015791
1884,MIP2D-1587-I4Ir2,I4Ir2,train,4.1698520273075115,4.186382387848185,0.01653036054067325,0.01653036054067325
1885,MIP2D-1631-Nb2Se6,Nb2Se6,train,4.895177980499191,4.642408711434115,-0.2527692690650758,0.2527692690650758
1887,MIP2D-336-C2F2V3,C2F2V3,train,5.73648100181494,5.652716477787512,-0.08376452402742807,0.08376452402742807
1888,MIP2D-1104-Ag2Cl2O2,Ag2Cl2O2,train,7.269232926075766,7.158303757671834,-0.11092916840393219,0.11092916840393219
1889,MIP2D-537-Co1O2,CoO2,train,7.899462958022856,8.13984151363859,0.24037855561573362,0.24037855561573362
1891,MIP2D-938-Os1S2,OsS2,train,5.783818006223203,5.896714499443531,0.1128964932203278,0.1128964932203278
1893,MIP2D-825-Mn1Te2,MnTe2,train,4.909929011908662,5.167480355120405,0.2575513432117438,0.2575513432117438
1895,MIP2D-1473-Fe2Se6,Fe2Se6,train,4.954457998550024,4.904538310882856,-0.0499196876671677,0.0499196876671677
1896,MIP2D-360-C2Mn3O2,C2Mn3O2,train,7.073446035887826,6.841687298010883,-0.2317587378769428,0.2317587378769428
1897,MIP2D-804-In2Te2,In2Te2,train,5.0964809902969455,5.1865961647587095,0.09011517446176409,0.09011517446176409
1899,MIP2D-1408-Cl2S2Zr2,Cl2S2Zr2,train,5.025959993550844,5.02627247231577,0.00031247876492646043,0.00031247876492646043
