row_id,split,split_order,target,name,formula,natoms,efermi_eV,evac_eV,workfunction_eV,workfunction_recomputed_eV,formula_abs_diff_eV
1,train,1300,5.094681,MIP2D-842-Mo2N2,Mo2N2,4,-2.51,2.584681,5.094681,5.094681,0.0
2,val,161,6.355574000000001,MIP2D-1264-Br2S2Sc2,Br2S2Sc2,6,-4.2777,2.0778740000000004,6.355574000000001,6.355574000000001,0.0
3,train,938,5.831578,MIP2D-1467-Fe2I2S2,Fe2I2S2,6,-3.0034,2.8281780000000003,5.831578,5.831578,0.0
4,train,1329,4.825641,MIP2D-1718-Te6W2,Te6W2,8,-0.9896,3.8360410000000003,4.825641,4.825641,0.0
5,val,28,4.791586,MIP2D-1751-Cd1S1,CdS,2,-4.0374,0.754186,4.791586,4.791586,0.0
6,train,221,5.430599,MIP2D-1827-Ni2S2,Ni2S2,4,-3.7958,1.634799,5.430599,5.430599,0.0
7,val,183,5.961346,MIP2D-1261-Br2Ru2S2,Br2Ru2S2,6,-3.2157,2.745646,5.961346,5.961346,0.0
8,train,1425,4.915515999999999,MIP2D-1475-Fe2Te6,Fe2Te6,8,-1.0109,3.9046159999999994,4.915515999999999,4.915515999999999,0.0
9,train,612,7.110754999999999,MIP2D-1651-O6V2,O6V2,8,-4.3114,2.7993549999999994,7.110754999999999,7.110754999999999,0.0
10,train,640,2.7973310000000007,MIP2D-353-C2H2O2W3,C2H2O2W3,9,1.5153,4.3126310000000005,2.7973310000000007,2.7973310000000007,0.0
11,train,504,5.494897,MIP2D-1163-Bi2I2Se2,Bi2I2Se2,6,-4.2542,1.2406970000000002,5.494897,5.494897,0.0
12,train,1259,5.936794000000001,MIP2D-1321-Cl2Ga2S2,Cl2Ga2S2,6,-3.6716,2.265194,5.936794000000001,5.936794000000001,0.0
13,train,1195,4.401687,MIP2D-892-O1Tl2,OTl2,3,-2.5603,1.8413870000000003,4.401687,4.401687,0.0
14,test,152,5.755359,MIP2D-1137-Au2Cl2N2,Au2Cl2N2,6,-3.3426,2.4127590000000003,5.755359,5.755359,0.0
15,val,104,6.133840999999999,MIP2D-1360-Cl2N2Sn2,Cl2N2Sn2,6,-3.3339,2.7999409999999996,6.133840999999999,6.133840999999999,0.0
16,train,705,5.3740179999999995,MIP2D-1567-I2Ru2S2,I2Ru2S2,6,-2.2694,3.104618,5.3740179999999995,5.3740179999999995,0.0
17,train,1455,3.7502950000000004,MIP2D-466-Cl2Zr2,Cl2Zr2,4,-0.5444,3.2058950000000004,3.7502950000000004,3.7502950000000004,0.0
18,train,158,3.092309,MIP2D-677-Hf2O2,Hf2O2,4,-1.3566,1.735709,3.092309,3.092309,0.0
19,train,243,5.964074999999999,MIP2D-57-As2I6,As2I6,8,-4.1399,1.8241749999999999,5.964074999999999,5.964074999999999,0.0
20,train,1479,5.071588,MIP2D-837-Mo1S2,MoS2,3,-2.5323,2.5392880000000004,5.071588,5.071588,0.0
21,train,1072,7.081384,MIP2D-1105-Ag2Cl2S2,Ag2Cl2S2,6,-3.4306,3.6507840000000003,7.081384,7.081384,0.0
22,train,866,6.2887260000000005,MIP2D-1184-Br2Ga2O2,Br2Ga2O2,6,-3.8671,2.4216260000000003,6.2887260000000005,6.2887260000000005,0.0
23,train,615,4.821104,MIP2D-1520-I2Mo2S2,I2Mo2S2,6,-1.7567,3.0644039999999997,4.821104,4.821104,0.0
24,test,10,1.414665,MIP2D-348-C2H2O2Sc3,C2H2O2Sc3,9,0.4575,1.872165,1.414665,1.414665,0.0
25,train,39,1.4725860000000002,MIP2D-352-C2H2O2V3,C2H2O2V3,9,1.5446,3.017186,1.4725860000000002,1.4725860000000002,0.0
26,train,1108,4.873993,MIP2D-1000-Rh2S2,Rh2S2,4,-1.627,3.246993,4.873993,4.873993,0.0
27,train,873,4.896872999999999,MIP2D-1513-I2Ir2Se2,I2Ir2Se2,6,-2.2274,2.669473,4.896872999999999,4.896872999999999,0.0
28,train,210,4.6333400000000005,MIP2D-1716-Te6Ti2,Te6Ti2,8,-0.8792,3.7541400000000005,4.6333400000000005,4.6333400000000005,0.0
29,train,1026,4.455419,MIP2D-518-Cl6W2,Cl6W2,8,-2.5253,1.930119,4.455419,4.455419,0.0
30,train,792,7.659765999999999,MIP2D-934-O2Zr1,O2Zr,3,-5.7424,1.9173659999999995,7.659765999999999,7.659765999999999,0.0
31,val,41,5.755789,MIP2D-1168-Br2Co2S2,Br2Co2S2,6,-3.2602,2.495589,5.755789,5.755789,0.0
32,train,427,6.788376,MIP2D-1425-Cl4Pd2,Cl4Pd2,6,-4.8631,1.9252760000000002,6.788376,6.788376,0.0
33,train,448,7.672449,MIP2D-1646-O6Pt2,O6Pt2,8,-5.7724,1.9000489999999999,7.672449,7.672449,0.0
34,train,931,7.225716,MIP2D-1653-O6Zr2,O6Zr2,8,-4.4704,2.7553160000000005,7.225716,7.225716,0.0
35,train,597,4.719113999999999,MIP2D-1825-Nd2Te6,Nd2Te6,8,-0.146,4.5731139999999995,4.719113999999999,4.719113999999999,0.0
36,train,1061,5.163958,MIP2D-1694-S6U2,S6U2,8,-1.581,3.582958,5.163958,5.163958,0.0
37,train,684,4.540998,MIP2D-1097-Te2Zr2,Te2Zr2,4,-0.9738,3.5671980000000003,4.540998,4.540998,0.0
38,train,827,5.581664999999999,MIP2D-1108-Ag2I2O2,Ag2I2O2,6,-2.4648,3.1168649999999998,5.581664999999999,5.581664999999999,0.0
39,train,544,6.01687,MIP2D-1160-Bi2I2O2,Bi2I2O2,6,-2.8862,3.13067,6.01687,6.01687,0.0
40,val,157,6.543787,MIP2D-142-Br2Cu1,Br2Cu,3,-4.7252,1.8185869999999997,6.543787,6.543787,0.0
41,train,1199,4.300905,MIP2D-1490-Hf2I2Se2,Hf2I2Se2,6,-1.793,2.507905,4.300905,4.300905,0.0
42,train,1141,6.313925,MIP2D-256-Br6V2,Br6V2,8,-4.7557,1.558225,6.313925,6.313925,0.0
43,train,96,4.3686869999999995,MIP2D-602-Fe2S2,Fe2S2,4,-2.9524,1.416287,4.3686869999999995,4.3686869999999995,0.0
44,val,110,4.880658,MIP2D-798-In2P6,In2P6,8,-3.6501,1.230558,4.880658,4.880658,0.0
45,train,724,4.5018709999999995,MIP2D-1238-Br2O2Os2,Br2O2Os2,6,-2.4135,2.088371,4.5018709999999995,4.5018709999999995,0.0
46,train,174,4.743947,MIP2D-1270-Br2S2W2,Br2S2W2,6,-2.0821,2.6618470000000003,4.743947,4.743947,0.0
47,train,545,5.444236999999999,MIP2D-607-Ga1I2,GaI2,3,-3.3063,2.137937,5.444236999999999,5.444236999999999,0.0
48,train,668,6.022286,MIP2D-1736-Bi2I2O2,Bi2I2O2,6,-2.6216,3.4006860000000003,6.022286,6.022286,0.0
49,train,1365,4.006103,MIP2D-335-C2F2Ti3,C2F2Ti3,7,-0.1046,3.9015030000000004,4.006103,4.006103,0.0
50,train,364,7.768471,MIP2D-921-O2Ti1,O2Ti,3,-6.2672,1.501271,7.768471,7.768471,0.0
51,train,1384,5.998265999999999,MIP2D-1262-Br2Ru2Se2,Br2Ru2Se2,6,-3.4435,2.554766,5.998265999999999,5.998265999999999,0.0
52,test,188,4.4039340000000005,MIP2D-678-Hf2S1,Hf2S,3,-1.8902,2.5137340000000004,4.4039340000000005,4.4039340000000005,0.0
53,train,1126,5.780747,MIP2D-1460-Cu2I2Se2,Cu2I2Se2,6,-2.7877,2.993047,5.780747,5.780747,0.0
54,train,344,6.910947,MIP2D-1746-Br2O2Sm2,Br2O2Sm2,6,-4.67,2.240947,6.910947,6.910947,0.0
55,test,166,4.073126,MIP2D-1793-I2Nd1,I2Nd,3,-1.9003,2.172826,4.073126,4.073126,0.0
56,train,1174,6.536306,MIP2D-1313-Cl2Er2S2,Cl2Er2S2,6,-4.5863,1.9500060000000001,6.536306,6.536306,0.0
57,train,1351,7.747358999999999,MIP2D-1314-Cl2F2,Cl2F2,4,-6.614,1.133359,7.747358999999999,7.747358999999999,0.0
58,train,666,4.28872,MIP2D-699-I2Ir1,I2Ir,3,-2.005,2.28372,4.28872,4.28872,0.0
59,train,1083,3.7414820000000004,MIP2D-853-N2Pb6,N2Pb6,8,-2.7284,1.0130820000000003,3.7414820000000004,3.7414820000000004,0.0
60,train,1182,7.306272,MIP2D-135-Br2Ca1,Br2Ca,3,-5.7604,1.545872,7.306272,7.306272,0.0
61,train,184,5.02178,MIP2D-1710-Se6Zr2,Se6Zr2,8,-1.9883,3.03348,5.02178,5.02178,0.0
62,test,172,6.4361880000000005,MIP2D-218-Br6Fe2,Br6Fe2,8,-5.1439,1.2922879999999999,6.4361880000000005,6.4361880000000005,0.0
63,train,517,6.6088640000000005,MIP2D-730-I2Sr1,I2Sr,3,-4.7862,1.822664,6.6088640000000005,6.6088640000000005,0.0
64,train,1144,4.957085,MIP2D-824-Mn1Se2,MnSe2,3,-3.3077,1.6493849999999999,4.957085,4.957085,0.0
65,val,97,5.745353,MIP2D-1400-Cl2Ru2Se2,Cl2Ru2Se2,6,-3.3601,2.3852529999999996,5.745353,5.745353,0.0
66,test,173,3.9392350000000005,MIP2D-1423-Cl4Mo2,Cl4Mo2,6,-1.3277,2.6115350000000004,3.9392350000000005,3.9392350000000005,0.0
67,train,993,6.663304,MIP2D-406-Cl2Ge1,Cl2Ge,3,-5.1401,1.5232040000000002,6.663304,6.663304,0.0
68,train,466,5.3995169999999995,MIP2D-872-Nb2S2,Nb2S2,4,-1.4976,3.9019169999999996,5.3995169999999995,5.3995169999999995,0.0
69,train,61,4.537911,MIP2D-962-Pb1Te2,PbTe2,3,-1.3156,3.222311,4.537911,4.537911,0.0
70,train,27,4.725668,MIP2D-1512-I2Ir2S2,I2Ir2S2,6,-1.8787,2.8469679999999995,4.725668,4.725668,0.0
71,train,682,4.805038,MIP2D-1759-Co2O2,Co2O2,4,-3.5793,1.2257380000000002,4.805038,4.805038,0.0
72,train,756,5.535119999999999,MIP2D-1058-Se2Sn1,Se2Sn,3,-3.4304,2.1047199999999995,5.535119999999999,5.535119999999999,0.0
73,train,923,3.83275,MIP2D-1898-Se2W2,Se2W2,4,-2.0476,1.7851499999999998,3.83275,3.83275,0.0
74,train,1410,5.587463,MIP2D-727-I2Sn1,I2Sn,3,-3.6147,1.9727629999999998,5.587463,5.587463,0.0
75,train,476,6.2635380000000005,MIP2D-1302-Cl2Co2S2,Cl2Co2S2,6,-3.7117,2.551838,6.2635380000000005,6.2635380000000005,0.0
76,train,990,5.900027,MIP2D-1796-I2O2Tm2,I2O2Tm2,6,-3.0775,2.822527,5.900027,5.900027,0.0
77,train,940,6.416321,MIP2D-1169-Br2Co2Se2,Br2Co2Se2,6,-3.9488,2.4675209999999996,6.416321,6.416321,0.0
78,train,574,5.577942,MIP2D-1404-Cl2S2Ti2,Cl2S2Ti2,6,-3.0401,2.537842,5.577942,5.577942,0.0
79,train,1345,4.7605319999999995,MIP2D-540-Co1Se2,CoSe2,3,-3.2333,1.5272320000000001,4.7605319999999995,4.7605319999999995,0.0
80,train,1374,5.642879,MIP2D-802-In2Se2,In2Se2,4,-3.1405,2.502379,5.642879,5.642879,0.0
81,train,653,5.514396,MIP2D-868-Nb1Se2,NbSe2,3,-3.0402,2.474196,5.514396,5.514396,0.0
82,train,1503,7.854156,MIP2D-384-Ca1Cl2,CaCl2,3,-6.4876,1.3665559999999999,7.854156,7.854156,0.0
83,train,1145,3.466582,MIP2D-436-Cl2Re1,Cl2Re,3,-1.8588,1.6077819999999998,3.466582,3.466582,0.0
84,train,945,5.927684,MIP2D-855-N2Si2,N2Si2,4,-3.2145,2.713184,5.927684,5.927684,0.0
85,train,1116,5.726854,MIP2D-1398-Cl2Rh2Te2,Cl2Rh2Te2,6,-3.6875,2.0393540000000003,5.726854,5.726854,0.0
86,train,1403,5.064985999999999,MIP2D-437-Cl2Re1,Cl2Re,3,-2.3458,2.7191859999999997,5.064985999999999,5.064985999999999,0.0
87,train,200,6.4073839999999995,MIP2D-484-Cl6Ir2,Cl6Ir2,8,-4.8199,1.5874840000000001,6.4073839999999995,6.4073839999999995,0.0
88,train,979,4.662482,MIP2D-710-I2Os1,I2Os,3,-2.6111,2.051382,4.662482,4.662482,0.0
89,test,130,5.4946269999999995,MIP2D-92-B1N1,BN,2,-4.6617,0.832927,5.4946269999999995,5.4946269999999995,0.0
90,train,471,7.433076,MIP2D-1336-Cl2In2O2,Cl2In2O2,6,-4.8519,2.581176,7.433076,7.433076,0.0
91,train,1426,2.980338,MIP2D-1809-Mg2O4Si1,Mg2O4Si,7,-1.409,1.5713380000000001,2.980338,2.980338,0.0
92,train,122,0.982197,MIP2D-1812-Mn2P2Rb2,Mn2P2Rb2,6,0.2441,1.226297,0.982197,0.982197,0.0
93,train,677,6.594371000000001,MIP2D-145-Br2Fe1,Br2Fe,3,-4.8666,1.7277710000000002,6.594371000000001,6.594371000000001,0.0
94,test,111,5.074287,MIP2D-1626-N1Na1O2,NNaO2,4,-4.5713,0.502987,5.074287,5.074287,0.0
95,train,1273,4.249491999999999,MIP2D-1675-Re2Te6,Re2Te6,8,-1.1003,3.1491919999999993,4.249491999999999,4.249491999999999,0.0
96,train,781,6.519176,MIP2D-248-Br6Sb2,Br6Sb2,8,-5.0365,1.482676,6.519176,6.519176,0.0
97,test,27,6.538641,MIP2D-1038-S2Zr1,S2Zr,3,-4.2955,2.243141,6.538641,6.538641,0.0
98,train,253,6.0693529999999996,MIP2D-1187-Br2Ge2N2,Br2Ge2N2,6,-3.5118,2.5575529999999995,6.0693529999999996,6.0693529999999996,0.0
99,train,138,4.869330999999999,MIP2D-1233-Br2Nb2S2,Br2Nb2S2,6,-2.0017,2.8676309999999994,4.869330999999999,4.869330999999999,0.0
100,train,601,4.625909000000001,MIP2D-332-C2F2Nb3,C2F2Nb3,7,0.0405,4.666409000000001,4.625909000000001,4.625909000000001,0.0
101,train,675,5.565309,MIP2D-1-Ag1Bi1P2Se6,AgBiP2Se6,10,-3.5514,2.013909,5.565309,5.565309,0.0
102,train,952,6.257012,MIP2D-1049-Sc1Se2,ScSe2,3,-4.5531,1.7039119999999996,6.257012,6.257012,0.0
103,val,5,6.32375,MIP2D-1182-Br2Fe2Se2,Br2Fe2Se2,6,-3.3147,3.0090500000000007,6.32375,6.32375,0.0
104,val,44,3.160722,MIP2D-748-I2Zr1,I2Zr,3,-0.5599,2.600822,3.160722,3.160722,0.0
105,train,1431,4.857256,MIP2D-758-I6Nb2,I6Nb2,8,-2.8806,1.9766560000000002,4.857256,4.857256,0.0
106,train,1011,6.020994999999999,MIP2D-1099-Ag2Br2N2,Ag2Br2N2,6,-3.7367,2.2842949999999997,6.020994999999999,6.020994999999999,0.0
107,train,1149,5.645620000000001,MIP2D-1273-Br2Se2Sn2,Br2Se2Sn2,6,-3.293,2.3526200000000004,5.645620000000001,5.645620000000001,0.0
108,train,838,5.446726,MIP2D-236-Br6Os2,Br6Os2,8,-3.8047,1.642026,5.446726,5.446726,0.0
109,train,509,5.327933,MIP2D-643-Ge2O6Ti2,Ge2O6Ti2,10,-3.5359,1.792033,5.327933,5.327933,0.0
110,train,623,6.05427,MIP2D-736-I2Tl1,I2Tl,3,-3.8958,2.15847,6.05427,6.05427,0.0
111,val,69,5.806706,MIP2D-158-Br2In1,Br2In,3,-3.8665,1.9402059999999999,5.806706,5.806706,0.0
112,train,238,4.7035800000000005,MIP2D-1054-Sc2Te2,Sc2Te2,4,-2.0213,2.68228,4.7035800000000005,4.7035800000000005,0.0
113,train,270,4.1900249999999994,MIP2D-280-C1F2Ti2,CF2Ti2,5,-1.6005,2.5895249999999996,4.1900249999999994,4.1900249999999994,0.0
114,train,438,5.700899,MIP2D-632-Ge1Se1,GeSe,2,-4.3261,1.3747989999999999,5.700899,5.700899,0.0
115,test,66,4.390593,MIP2D-978-Pt1Se2,PtSe2,3,-2.493,1.897593,4.390593,4.390593,0.0
116,train,329,6.9606959999999996,MIP2D-176-Br2Pb1,Br2Pb,3,-5.2474,1.7132959999999997,6.9606959999999996,6.9606959999999996,0.0
117,train,1518,4.912198999999999,MIP2D-839-Mo1Se2,MoSe2,3,-2.5479,2.364299,4.912198999999999,4.912198999999999,0.0
118,val,6,5.637036,MIP2D-579-Cu2I6,Cu2I6,8,-3.5096,2.1274360000000003,5.637036,5.637036,0.0
119,val,151,6.210378,MIP2D-659-H2O6P2Zr1,H2O6P2Zr,11,-4.9272,1.2831780000000002,6.210378,6.210378,0.0
120,val,12,5.831379,MIP2D-1413-Cl2Se2Tl2,Cl2Se2Tl2,6,-3.1349,2.6964790000000005,5.831379,5.831379,0.0
121,val,100,7.31695,MIP2D-327-C2Cr3O2,C2Cr3O2,7,-2.9296,4.38735,7.31695,7.31695,0.0
122,train,977,6.0701979999999995,MIP2D-810-Ir1Se2,IrSe2,3,-3.6784,2.391798,6.0701979999999995,6.0701979999999995,0.0
123,train,70,5.467193,MIP2D-1621-Mo2S6,Mo2S6,8,-1.767,3.700193,5.467193,5.467193,0.0
124,train,102,6.497819,MIP2D-234-Br6Ni2,Br6Ni2,8,-5.1872,1.310619,6.497819,6.497819,0.0
125,val,64,5.397035,MIP2D-848-N1W2,NW2,3,-2.8148,2.582235,5.397035,5.397035,0.0
126,train,513,4.518176,MIP2D-860-N2Y1,N2Y,3,-3.3082,1.2099760000000002,4.518176,4.518176,0.0
127,train,563,4.817236,MIP2D-992-Re2S2,Re2S2,4,-1.5336,3.283636,4.817236,4.817236,0.0
128,train,1204,5.641629,MIP2D-1358-Cl2N2Ru2,Cl2N2Ru2,6,-3.0037,2.637929,5.641629,5.641629,0.0
129,train,473,4.447444,MIP2D-1624-Mo2Te4,Mo2Te4,6,-1.5955,2.851944,4.447444,4.447444,0.0
130,train,1016,4.229468,MIP2D-451-Cl2Tb2,Cl2Tb2,4,-1.8917,2.337768,4.229468,4.229468,0.0
131,test,18,6.304875,MIP2D-832-Mo1O2,MoO2,3,-4.3103,1.994575,6.304875,6.304875,0.0
132,val,112,5.5893109999999995,MIP2D-246-Br6Ru2,Br6Ru2,8,-4.0703,1.5190110000000001,5.5893109999999995,5.5893109999999995,0.0
133,train,83,6.209743,MIP2D-1179-Br2Fe2N2,Br2Fe2N2,6,-4.0596,2.150143,6.209743,6.209743,0.0
134,train,119,5.220173,MIP2D-1623-Mo2Se6,Mo2Se6,8,-1.9206,3.299573,5.220173,5.220173,0.0
135,train,798,5.124524,MIP2D-1753-Cd1Te1,CdTe,2,-4.1626,0.9619240000000001,5.124524,5.124524,0.0
136,test,58,4.762576000000001,MIP2D-1911-P4,P4,4,-2.9624,1.8001760000000004,4.762576000000001,4.762576000000001,0.0
137,train,321,6.295901,MIP2D-688-Hg1S2,HgS2,3,-4.5397,1.7562010000000001,6.295901,6.295901,0.0
138,train,4,5.359797,MIP2D-961-Pb1Te1,PbTe,2,-3.3157,2.044097,5.359797,5.359797,0.0
139,val,98,3.8145070000000003,MIP2D-1002-Rh2Te2,Rh2Te2,4,-0.5703,3.2442070000000003,3.8145070000000003,3.8145070000000003,0.0
140,train,1512,5.922717,MIP2D-1372-Cl2Ni2Se2,Cl2Ni2Se2,6,-3.6835,2.2392169999999996,5.922717,5.922717,0.0
141,train,1514,2.2051819999999998,MIP2D-286-C1H2Mn2O2,CH2Mn2O2,7,-0.2516,1.9535819999999997,2.2051819999999998,2.2051819999999998,0.0
142,val,144,6.238468,MIP2D-483-Cl6Ir2,Cl6Ir2,8,-4.6779,1.560568,6.238468,6.238468,0.0
143,test,112,7.580726,MIP2D-685-Hg1O2,HgO2,3,-6.1223,1.4584259999999998,7.580726,7.580726,0.0
144,train,1323,6.037656,MIP2D-1185-Br2Ga2S2,Br2Ga2S2,6,-3.7869,2.250756,6.037656,6.037656,0.0
145,train,573,4.449576,MIP2D-603-Fe2Se2,Fe2Se2,4,-2.8277,1.6218759999999999,4.449576,4.449576,0.0
146,val,103,3.8233060000000005,MIP2D-779-I6Ta2,I6Ta2,8,-1.8263,1.9970060000000003,3.8233060000000005,3.8233060000000005,0.0
147,test,86,7.568316,MIP2D-110-Bi2Cl6,Bi2Cl6,8,-6.1416,1.426716,7.568316,7.568316,0.0
148,train,704,4.374126,MIP2D-1140-Au2Cl2Te4,Au2Cl2Te4,8,-2.0837,2.290426,4.374126,4.374126,0.0
149,train,1480,4.656022999999999,MIP2D-1445-Co2Te6,Co2Te6,8,-0.9186,3.7374229999999997,4.656022999999999,4.656022999999999,0.0
150,train,1269,6.541752000000001,MIP2D-1649-O6Ta2,O6Ta2,8,-4.1359,2.405852,6.541752000000001,6.541752000000001,0.0
151,train,1474,3.3958880000000002,MIP2D-658-H2Ni1O2,H2NiO2,5,-2.4442,0.9516880000000001,3.3958880000000002,3.3958880000000002,0.0
152,train,153,7.125205,MIP2D-96-Ba1Br2,BaBr2,3,-5.7389,1.3863050000000001,7.125205,7.125205,0.0
153,train,984,6.585006,MIP2D-213-Br6Cr2,Br6Cr2,8,-5.0906,1.494406,6.585006,6.585006,0.0
154,train,115,4.272382,MIP2D-549-Co2Te2,Co2Te2,4,-2.1491,2.1232820000000006,4.272382,4.272382,0.0
155,val,48,4.86647,MIP2D-846-Mo2Se2,Mo2Se2,4,-1.1576,3.7088699999999997,4.86647,4.86647,0.0
156,train,1121,5.151541999999999,MIP2D-1012-S1Se1Ta1,SSeTa,3,-3.2588,1.8927419999999997,5.151541999999999,5.151541999999999,0.0
157,train,29,6.538047000000001,MIP2D-1018-S2Sc1,S2Sc,3,-5.0011,1.536947,6.538047000000001,6.538047000000001,0.0
158,train,775,4.724463,MIP2D-1070-Se2W1,Se2W,3,-2.6381,2.086363,4.724463,4.724463,0.0
159,train,1225,7.3323409999999996,MIP2D-1648-O6Ru2,O6Ru2,8,-5.1878,2.144541,7.3323409999999996,7.3323409999999996,0.0
160,train,346,3.7623499999999996,MIP2D-1875-S1Sn1,SSn,2,-2.6954,1.06695,3.7623499999999996,3.7623499999999996,0.0
161,train,944,4.821641,MIP2D-884-Ni2S2,Ni2S2,4,-2.8069,2.014741,4.821641,4.821641,0.0
162,test,124,5.121892000000001,MIP2D-1550-I2O2Sn2,I2O2Sn2,6,-1.8737,3.2481920000000004,5.121892000000001,5.121892000000001,0.0
163,train,787,7.339857,MIP2D-16-Ag2Cl6,Ag2Cl6,8,-6.2455,1.094357,7.339857,7.339857,0.0
164,test,106,8.408652,MIP2D-834-Mo1O3,MoO3,4,-6.8614,1.5472519999999998,8.408652,8.408652,0.0
165,train,1516,7.8307389999999995,MIP2D-898-O2Pd1,O2Pd,3,-6.2162,1.6145390000000002,7.8307389999999995,7.8307389999999995,0.0
166,train,1218,4.796633,MIP2D-1282-Br4Ir2,Br4Ir2,6,-3.2386,1.558033,4.796633,4.796633,0.0
167,train,405,4.159884,MIP2D-425-Cl2Nb1,Cl2Nb,3,-1.6833,2.476584,4.159884,4.159884,0.0
168,train,1501,7.349114999999999,MIP2D-478-Cl6Ga2,Cl6Ga2,8,-5.9091,1.4400149999999998,7.349114999999999,7.349114999999999,0.0
169,train,581,7.956445,MIP2D-507-Cl6Sc2,Cl6Sc2,8,-6.5259,1.430545,7.956445,7.956445,0.0
170,train,901,5.030382,MIP2D-673-Hf1Te2,HfTe2,3,-2.7981,2.2322820000000005,5.030382,5.030382,0.0
171,train,671,6.050549,MIP2D-240-Br6Pt2,Br6Pt2,8,-4.58,1.470549,6.050549,6.050549,0.0
172,train,1170,5.895678,MIP2D-1272-Br2Sc2Se2,Br2Sc2Se2,6,-3.8611,2.0345779999999998,5.895678,5.895678,0.0
173,train,49,7.024448,MIP2D-431-Cl2Pb1,Cl2Pb,3,-5.5077,1.5167479999999998,7.024448,7.024448,0.0
174,train,1285,6.839757,MIP2D-502-Cl6Rh2,Cl6Rh2,8,-5.1774,1.662357,6.839757,6.839757,0.0
175,train,655,4.840711,MIP2D-660-H2Si2,H2Si2,4,-3.7647,1.0760109999999998,4.840711,4.840711,0.0
176,val,147,4.222624000000001,MIP2D-1069-Se2W1,Se2W,3,-2.0668,2.1558240000000004,4.222624000000001,4.222624000000001,0.0
177,train,278,6.231824,MIP2D-112-Bi2F2O2,Bi2F2O2,6,-3.8343,2.3975239999999998,6.231824,6.231824,0.0
178,train,1090,4.550178,MIP2D-416-Cl2Ir1,Cl2Ir,3,-2.9564,1.593778,4.550178,4.550178,0.0
179,test,176,7.18754,MIP2D-82-Au2Cl6,Au2Cl6,8,-5.746,1.4415400000000003,7.18754,7.18754,0.0
180,train,857,5.109826,MIP2D-1142-Au2I2N2,Au2I2N2,6,-2.235,2.874826,5.109826,5.109826,0.0
181,train,345,2.589598,MIP2D-290-C1H2O2Ta2,CH2O2Ta2,7,-0.2713,2.318298,2.589598,2.589598,0.0
182,train,352,7.540048,MIP2D-428-Cl2Ni1,Cl2Ni,3,-5.542,1.998048,7.540048,7.540048,0.0
183,train,35,4.130058999999999,MIP2D-465-Cl2Zr1,Cl2Zr,3,-1.7416,2.3884589999999997,4.130058999999999,4.130058999999999,0.0
184,train,464,5.318704,MIP2D-1096-Te2Zr1,Te2Zr,3,-2.7281,2.590604,5.318704,5.318704,0.0
185,train,656,4.376556,MIP2D-1765-Cr2Se2,Cr2Se2,4,-2.4336,1.942956,4.376556,4.376556,0.0
186,train,851,2.843387,MIP2D-738-I2Tm1,I2Tm,3,-0.7404,2.102987,2.843387,2.843387,0.0
187,test,29,5.8724419999999995,MIP2D-612-Ga2I6,Ga2I6,8,-3.9836,1.888842,5.8724419999999995,5.8724419999999995,0.0
188,train,130,5.589733,MIP2D-633-Ge1Se2,GeSe2,3,-3.7302,1.859533,5.589733,5.589733,0.0
189,train,1002,5.703558,MIP2D-118-Bi2Pb1Se4,Bi2PbSe4,7,-1.3574,4.346158,5.703558,5.703558,0.0
190,test,139,6.639302,MIP2D-164-Br2Mn1,Br2Mn,3,-4.8576,1.781702,6.639302,6.639302,0.0
191,train,1060,3.641166,MIP2D-365-C2O2Sc3,C2O2Sc3,7,-1.1914,2.4497660000000003,3.641166,3.641166,0.0
192,test,171,7.9518629999999995,MIP2D-418-Cl2Mg1,Cl2Mg,3,-6.4464,1.5054629999999998,7.9518629999999995,7.9518629999999995,0.0
193,train,811,4.149585999999999,MIP2D-480-Cl6Hf2,Cl6Hf2,8,-2.4509,1.698686,4.149585999999999,4.149585999999999,0.0
194,val,78,5.665849,MIP2D-1591-I4Pd2,I4Pd2,6,-4.0814,1.5844489999999998,5.665849,5.665849,0.0
195,train,604,5.548642,MIP2D-1468-Fe2I2Se2,Fe2I2Se2,6,-2.9501,2.598542,5.548642,5.548642,0.0
196,train,760,4.639710000000001,MIP2D-201-Br2V1,Br2V,3,-2.6312,2.0085100000000002,4.639710000000001,4.639710000000001,0.0
197,train,175,6.515729,MIP2D-103-Bi1Cl1Te1,BiClTe,3,-4.2163,2.299429,6.515729,6.515729,0.0
198,train,123,7.0929839999999995,MIP2D-1315-Cl2Fe2N2,Cl2Fe2N2,6,-4.702,2.390984,7.0929839999999995,7.0929839999999995,0.0
199,test,137,5.047811,MIP2D-429-Cl2Os1,Cl2Os,3,-3.4361,1.6117110000000001,5.047811,5.047811,0.0
200,train,114,5.511474,MIP2D-823-Mn1Se2,MnSe2,3,-3.5622,1.9492740000000002,5.511474,5.511474,0.0
201,val,45,7.541275000000001,MIP2D-1652-O6W2,O6W2,8,-5.6843,1.8569749999999998,7.541275000000001,7.541275000000001,0.0
202,val,65,4.132585000000001,MIP2D-443-Cl2Sc1,Cl2Sc,3,-2.1472,1.9853850000000002,4.132585000000001,4.132585000000001,0.0
203,train,913,5.759508,MIP2D-857-N2Sn2,N2Sn2,4,-2.9361,2.823408,5.759508,5.759508,0.0
204,train,626,6.4733540000000005,MIP2D-863-Nb1O2,NbO2,3,-4.6482,1.825154,6.4733540000000005,6.4733540000000005,0.0
205,train,1475,5.298704,MIP2D-899-O2Pd1,O2Pd,3,-4.3753,0.923404,5.298704,5.298704,0.0
206,train,1033,3.4829920000000003,MIP2D-1121-Al2H2O4,H2Al2O4,8,-2.1183,1.364692,3.4829920000000003,3.4829920000000003,0.0
207,test,102,6.520688,MIP2D-1236-Br2Ni2S2,Br2Ni2S2,6,-3.8524,2.668288,6.520688,6.520688,0.0
208,train,139,7.023841999999999,MIP2D-1370-Cl2Ni2O2,Cl2Ni2O2,6,-4.7051,2.3187419999999994,7.023841999999999,7.023841999999999,0.0
209,train,1119,4.7992040000000005,MIP2D-1279-Br2Se2Zr2,Br2Se2Zr2,6,-2.3086,2.4906040000000003,4.7992040000000005,4.7992040000000005,0.0
210,test,181,3.369049,MIP2D-1588-I4Mo2,I4Mo2,6,-1.1698,2.199249,3.369049,3.369049,0.0
211,train,1394,4.9759910000000005,MIP2D-1695-S6V2,S6V2,8,-1.9067,3.0692910000000007,4.9759910000000005,4.9759910000000005,0.0
212,train,385,3.363889,MIP2D-676-Hf2I6,Hf2I6,8,-1.7902,1.573689,3.363889,3.363889,0.0
213,train,1450,4.759091000000001,MIP2D-1257-Br2Pt2S2,Br2Pt2S2,6,-2.4256,2.3334910000000004,4.759091000000001,4.759091000000001,0.0
214,train,247,3.66331,MIP2D-287-C1H2Mo2O2,CH2Mo2O2,7,1.1715,4.83481,3.66331,3.66331,0.0
215,train,302,4.599465,MIP2D-672-Hf1Te2,HfTe2,3,-2.3859,2.213565,4.599465,4.599465,0.0
216,train,452,4.713265999999999,MIP2D-852-N2Nb1,N2Nb,3,-2.7694,1.9438659999999994,4.713265999999999,4.713265999999999,0.0
217,train,1105,6.763037,MIP2D-926-O2V1,O2V,3,-5.1057,1.657337,6.763037,6.763037,0.0
218,val,175,5.536137999999999,MIP2D-1324-Cl2Ge2O2,Cl2Ge2O2,6,-3.2125,2.323638,5.536137999999999,5.536137999999999,0.0
219,train,1258,4.7944119999999995,MIP2D-195-Br2Tb2,Br2Tb2,4,-1.8583,2.9361119999999996,4.7944119999999995,4.7944119999999995,0.0
220,train,1446,7.007367,MIP2D-14-Ag2Br6,Ag2Br6,8,-5.3627,1.644667,7.007367,7.007367,0.0
221,train,397,5.08829,MIP2D-302-C1Mo2,CMo2,3,-1.9981,3.0901899999999998,5.08829,5.08829,0.0
222,train,1376,6.472995,MIP2D-149-Br2Ge1,Br2Ge,3,-4.8114,1.6615950000000002,6.472995,6.472995,0.0
223,train,1344,7.140856,MIP2D-67-Au1Cl2,AuCl2,3,-5.1397,2.001156,7.140856,7.140856,0.0
224,val,60,4.532893,MIP2D-885-Ni2Sb1Te2,Ni2SbTe2,5,-0.8759,3.656993,4.532893,4.532893,0.0
225,test,26,5.434809,MIP2D-1438-Co2I2S2,Co2I2S2,6,-2.6349,2.799909,5.434809,5.434809,0.0
226,train,89,3.9176149999999996,MIP2D-1786-Hf2Se2,Hf2Se2,4,-2.4768,1.440815,3.9176149999999996,3.9176149999999996,0.0
227,train,552,5.891519000000001,MIP2D-1190-Br2Ge2Se2,Br2Ge2Se2,6,-3.6972,2.194319,5.891519000000001,5.891519000000001,0.0
228,train,419,3.933221,MIP2D-1597-I4W2,I4W2,6,-1.9215,2.011721,3.933221,3.933221,0.0
229,test,189,4.217644999999999,MIP2D-1857-Pb2Se2,Pb2Se2,4,-2.4653,1.7523449999999996,4.217644999999999,4.217644999999999,0.0
230,val,156,4.542778,MIP2D-60-As2Si6,As2Si6,8,-3.4889,1.0538779999999999,4.542778,4.542778,0.0
231,train,909,4.19958,MIP2D-976-Pt1S2,PtS2,3,-2.8375,1.3620800000000002,4.19958,4.19958,0.0
232,train,969,6.265775,MIP2D-1768-F2I2Pb2,F2I2Pb2,6,-3.3038,2.961975,6.265775,6.265775,0.0
233,train,678,7.597896,MIP2D-538-Co1O2,CoO2,3,-6.1329,1.4649960000000002,7.597896,7.597896,0.0
234,train,75,7.003141,MIP2D-584-F2Ge2,F2Ge2,4,-5.6337,1.3694410000000001,7.003141,7.003141,0.0
235,test,7,6.270775,MIP2D-1323-Cl2Ge2N2,Cl2Ge2N2,6,-3.7067,2.564075,6.270775,6.270775,0.0
236,train,607,5.1539280000000005,MIP2D-1394-Cl2Pt2S2,Cl2Pt2S2,6,-2.7833,2.370628,5.1539280000000005,5.1539280000000005,0.0
237,train,1447,5.839817,MIP2D-1457-Cu2I2N2,Cu2I2N2,6,-2.558,3.281817,5.839817,5.839817,0.0
238,train,930,3.727507,MIP2D-1556-I2O2Zr2,I2O2Zr2,6,-0.8164,2.9111070000000003,3.727507,3.727507,0.0
239,train,211,5.16511,MIP2D-1684-Ru2Se4,Ru2Se4,6,-3.0856,2.07951,5.16511,5.16511,0.0
240,train,921,5.702019,MIP2D-590-Fe1I2,FeI2,3,-3.4667,2.2353189999999996,5.702019,5.702019,0.0
241,train,681,6.896699,MIP2D-1224-Br2N2Sc2,Br2N2Sc2,6,-4.4412,2.455499,6.896699,6.896699,0.0
242,train,522,3.091772,MIP2D-653-H2Mg2O3,H2Mg2O3,7,-2.095,0.996772,3.091772,3.091772,0.0
243,train,622,3.9131029999999996,MIP2D-449-Cl2Ta1,Cl2Ta,3,-1.6016,2.3115029999999996,3.9131029999999996,3.9131029999999996,0.0
244,train,447,5.047102,MIP2D-576-Cu1Te2,CuTe2,3,-2.1597,2.887402,5.047102,5.047102,0.0
245,train,1040,6.23883,MIP2D-1239-Br2O2Pb2,Br2O2Pb2,6,-3.7531,2.48573,6.23883,6.23883,0.0
246,train,1508,5.963587,MIP2D-1347-Cl2Mo2N2,Cl2Mo2N2,6,-2.6163,3.347287,5.963587,5.963587,0.0
247,train,649,5.612235999999999,MIP2D-1470-Fe2S4,Fe2S4,6,-3.9606,1.6516359999999999,5.612235999999999,5.612235999999999,0.0
248,val,115,5.891343,MIP2D-533-Co1I2,CoI2,3,-3.7009,2.190443,5.891343,5.891343,0.0
249,train,1249,5.6836199999999995,MIP2D-1376-Cl2O2Pd2,Cl2O2Pd2,6,-3.4343,2.24932,5.6836199999999995,5.6836199999999995,0.0
250,train,765,6.331586,MIP2D-148-Br2Ge1,Br2Ge,3,-4.8026,1.528986,6.331586,6.331586,0.0
251,train,660,5.644194,MIP2D-1493-Hf2S6,Hf2S6,8,-2.756,2.888194,5.644194,5.644194,0.0
252,train,421,5.714872000000001,MIP2D-835-Mo1S1Se1,MoSSe,3,-2.869,2.8458720000000004,5.714872000000001,5.714872000000001,0.0
253,train,121,5.8349769999999985,MIP2D-1101-Ag2Br2S2,Ag2Br2S2,6,-2.3223,3.512676999999999,5.8349769999999985,5.8349769999999985,0.0
254,train,42,5.933863,MIP2D-1263-Br2S2Sb2,Br2S2Sb2,6,-4.1602,1.7736629999999998,5.933863,5.933863,0.0
255,train,978,3.688331,MIP2D-1287-Br4Re2,Br4Re2,6,-2.0938,1.594531,3.688331,3.688331,0.0
256,test,126,7.573171,MIP2D-571-Cu1O2,CuO2,3,-6.6082,0.9649709999999999,7.573171,7.573171,0.0
257,train,874,6.090383,MIP2D-821-Mn1S2,MnS2,3,-3.5154,2.574983,6.090383,6.090383,0.0
258,val,140,7.513425,MIP2D-1117-Al2Cl2O2,Al2Cl2O2,6,-4.9094,2.604025,7.513425,7.513425,0.0
259,train,1138,2.984325,MIP2D-317-C1Tb2,CTb2,3,-1.5897,1.394625,2.984325,2.984325,0.0
260,train,1025,4.79664,MIP2D-361-C2Mo3,C2Mo3,5,-0.3209,4.47574,4.79664,4.79664,0.0
261,train,1310,5.883293999999999,MIP2D-1073-Se2Zr1,Se2Zr,3,-3.7606,2.1226939999999996,5.883293999999999,5.883293999999999,0.0
262,train,1404,5.553248,MIP2D-1506-I2In2N2,I2In2N2,6,-2.6641,2.8891479999999996,5.553248,5.553248,0.0
263,val,139,4.944479,MIP2D-1777-Ga1Se1,GaSe,2,-4.0561,0.8883790000000001,4.944479,4.944479,0.0
264,train,580,5.557684,MIP2D-1379-Cl2O2Ru2,Cl2O2Ru2,6,-3.1169,2.440784,5.557684,5.557684,0.0
265,train,65,5.3237369999999995,MIP2D-1834-O2Re2,O2Re2,4,-3.9156,1.408137,5.3237369999999995,5.3237369999999995,0.0
266,train,178,6.290232,MIP2D-1211-Br2Mn2Se2,Br2Mn2Se2,6,-3.9518,2.338432,6.290232,6.290232,0.0
267,train,432,4.507261,MIP2D-128-Bi2Si6,Bi2Si6,8,-3.4506,1.0566609999999999,4.507261,4.507261,0.0
268,train,1423,5.9431650000000005,MIP2D-167-Br2N2Zr2,Br2N2Zr2,6,-2.4459,3.497265,5.9431650000000005,5.9431650000000005,0.0
269,train,1486,4.845293999999999,MIP2D-1696-S6W2,S6W2,8,-1.4228,3.4224939999999995,4.845293999999999,4.845293999999999,0.0
270,train,451,3.4707280000000003,MIP2D-322-C1Zr2,CZr2,3,-1.1468,2.323928,3.4707280000000003,3.4707280000000003,0.0
271,val,87,2.169862,MIP2D-1721-Ag2K2Se2,Ag2K2Se2,6,-0.9669,1.202962,2.169862,2.169862,0.0
272,train,1469,3.400881,MIP2D-1763-Cr2O2,Cr2O2,4,-2.2845,1.116381,3.400881,3.400881,0.0
273,train,906,5.131325,MIP2D-104-Bi1Cu1P2Se6,BiCuP2Se6,10,-3.1631,1.968225,5.131325,5.131325,0.0
274,train,1247,7.5227900000000005,MIP2D-111-Bi2Cl6,Bi2Cl6,8,-6.0247,1.49809,7.5227900000000005,7.5227900000000005,0.0
275,train,131,6.748645,MIP2D-1157-Bi2Cl2S2,Bi2Cl2S2,6,-4.3059,2.442745,6.748645,6.748645,0.0
276,train,1449,5.398657,MIP2D-1487-Hf2I2N2,Hf2I2N2,6,-2.7129,2.6857569999999997,5.398657,5.398657,0.0
277,train,474,3.365987,MIP2D-169-Br2Nb1,Br2Nb,3,-1.0223,2.343687,3.365987,3.365987,0.0
278,train,1168,6.803116,MIP2D-1200-Br2In2O2,Br2In2O2,6,-4.2561,2.547016,6.803116,6.803116,0.0
279,train,886,5.006703,MIP2D-1752-Cd1Se1,CdSe,2,-4.231,0.7757029999999999,5.006703,5.006703,0.0
280,train,769,6.081850999999999,MIP2D-750-I6In2,I6In2,8,-4.1652,1.9166509999999994,6.081850999999999,6.081850999999999,0.0
281,train,407,5.694204,MIP2D-1265-Br2S2Sn2,Br2S2Sn2,6,-3.2713,2.422904,5.694204,5.694204,0.0
282,train,613,5.901126,MIP2D-1391-Cl2Pb2Se2,Cl2Pb2Se2,6,-3.009,2.892126,5.901126,5.901126,0.0
283,train,755,4.396022,MIP2D-1882-S2W2,S2W2,4,-2.5426,1.8534220000000006,4.396022,4.396022,0.0
284,test,32,7.25467,MIP2D-473-Cl6Fe1Hf1,Cl6FeHf,8,-5.8692,1.38547,7.25467,7.25467,0.0
285,train,852,4.199162,MIP2D-552-Cr1I2,CrI2,3,-1.8608,2.338362,4.199162,4.199162,0.0
286,test,183,5.069746,MIP2D-1368-Cl2Nb2S2,Cl2Nb2S2,6,-2.2367,2.833046,5.069746,5.069746,0.0
287,train,528,6.89523,MIP2D-66-Au1Cl2,AuCl2,3,-5.1022,1.7930300000000003,6.89523,6.89523,0.0
288,val,54,7.424099999999999,MIP2D-1316-Cl2Fe2O2,Cl2Fe2O2,6,-4.7044,2.7197,7.424099999999999,7.424099999999999,0.0
289,train,282,3.8184300000000007,MIP2D-551-Cr1Ga2S4,CrGa2S4,7,-0.0832,3.7352300000000005,3.8184300000000007,3.8184300000000007,0.0
290,train,927,6.844213,MIP2D-1344-Cl2Mn2O2,Cl2Mn2O2,6,-4.4652,2.379013,6.844213,6.844213,0.0
291,train,295,3.8375760000000003,MIP2D-1869-Rh2Te2,Rh2Te2,4,-1.5857,2.251876,3.8375760000000003,3.8375760000000003,0.0
292,train,1007,4.1485140000000005,MIP2D-1880-S2Ti2,S2Ti2,4,-2.5081,1.6404140000000003,4.1485140000000005,4.1485140000000005,0.0
293,test,47,4.931127,MIP2D-489-Cl6Nb2,Cl6Nb2,8,-2.8051,2.126027,4.931127,4.931127,0.0
294,train,608,5.731174,MIP2D-854-N2Si2,N2Si2,4,-3.0755,2.6556740000000003,5.731174,5.731174,0.0
295,train,797,4.765424,MIP2D-1041-Sb2Se1Te2,Sb2SeTe2,5,-1.3067,3.458724,4.765424,4.765424,0.0
296,train,929,6.121585,MIP2D-116-Bi2I6,Bi2I6,8,-4.3876,1.733985,6.121585,6.121585,0.0
297,train,69,7.093166999999999,MIP2D-1755-Cl2F2Pb2,Cl2F2Pb2,6,-4.5554,2.537767,7.093166999999999,7.093166999999999,0.0
298,train,164,5.315112,MIP2D-1894-Se2Ta2,Se2Ta2,4,-3.5421,1.773012,5.315112,5.315112,0.0
299,train,932,4.785438999999999,MIP2D-973-Pd2Te2,Pd2Te2,4,-1.8972,2.8882389999999996,4.785438999999999,4.785438999999999,0.0
300,train,1019,5.5299,MIP2D-40-Al2Se2,Al2Se2,4,-3.2076,2.3223000000000003,5.5299,5.5299,0.0
301,train,665,6.2154620000000005,MIP2D-629-Ge1S1,GeS,2,-4.5094,1.706062,6.2154620000000005,6.2154620000000005,0.0
302,train,1275,8.244494,MIP2D-897-O2Pb1,O2Pb,3,-6.3428,1.9016939999999998,8.244494,8.244494,0.0
303,train,1260,6.70534,MIP2D-212-Br6Co2,Br6Co2,8,-5.0529,1.65244,6.70534,6.70534,0.0
304,train,1406,7.344081000000001,MIP2D-278-C1F2Si1,CF2Si,4,-5.5186,1.8254810000000004,7.344081000000001,7.344081000000001,0.0
305,train,962,4.731415,MIP2D-1329-Cl2Hf2S2,Cl2Hf2S2,6,-2.4426,2.288815,4.731415,4.731415,0.0
306,train,1412,5.638987,MIP2D-1689-S4W2,S4W2,6,-3.4587,2.1802870000000003,5.638987,5.638987,0.0
307,train,670,5.121758,MIP2D-822-Mn1S2,MnS2,3,-2.91,2.2117579999999997,5.121758,5.121758,0.0
308,train,347,4.1149059999999995,MIP2D-1082-Ta1Te2,TaTe2,3,-1.7029,2.412006,4.1149059999999995,4.1149059999999995,0.0
309,train,1216,5.8706320000000005,MIP2D-1260-Br2Rh2Se2,Br2Rh2Se2,6,-3.4718,2.398832,5.8706320000000005,5.8706320000000005,0.0
310,train,627,5.199394,MIP2D-1367-Cl2Nb2O2,Cl2Nb2O2,6,-2.0306,3.1687939999999997,5.199394,5.199394,0.0
311,train,218,2.6687669999999994,MIP2D-359-C2Mn3,C2Mn3,5,-0.445,2.2237669999999996,2.6687669999999994,2.6687669999999994,0.0
312,train,980,5.5706880000000005,MIP2D-563-Cr2I6,Cr2I6,8,-3.5302,2.0404880000000003,5.5706880000000005,5.5706880000000005,0.0
313,train,1213,5.53707,MIP2D-1027-S2Ti1,S2Ti,3,-3.5612,1.97587,5.53707,5.53707,0.0
314,test,25,4.969739,MIP2D-1521-I2Mo2Se2,I2Mo2Se2,6,-1.856,3.113739,4.969739,4.969739,0.0
315,train,899,5.383391,MIP2D-160-Br2Ir1,Br2Ir,3,-3.5306,1.8527909999999999,5.383391,5.383391,0.0
316,train,80,4.564103000000001,MIP2D-990-Re1Te2,ReTe2,3,-2.3485,2.2156030000000007,4.564103000000001,4.564103000000001,0.0
317,train,1389,4.5007209999999995,MIP2D-998-Rh1Se2,RhSe2,3,-2.5376,1.963121,4.5007209999999995,4.5007209999999995,0.0
318,val,16,5.436853999999999,MIP2D-1044-Sb2Sn1Te4,Sb2SnTe4,7,0.5201,5.956954,5.436853999999999,5.436853999999999,0.0
319,test,144,5.470771,MIP2D-1673-Re2Se6,Re2Se6,8,-2.8585,2.6122710000000002,5.470771,5.470771,0.0
320,train,410,4.898368,MIP2D-1881-S2V2,S2V2,4,-2.887,2.011368,4.898368,4.898368,0.0
321,train,152,5.038368,MIP2D-1904-Ta2Te2,Ta2Te2,4,-2.7537,2.284668,5.038368,5.038368,0.0
322,train,252,4.279942999999999,MIP2D-259-Br6W2,Br6W2,8,-2.495,1.7849429999999997,4.279942999999999,4.279942999999999,0.0
323,val,0,4.715037,MIP2D-1039-S2Zr2,S2Zr2,4,-1.4925,3.222537,4.715037,4.715037,0.0
324,val,185,6.410799000000001,MIP2D-1208-Br2Mn2N2,Br2Mn2N2,6,-3.6701,2.740699,6.410799000000001,6.410799000000001,0.0
325,train,688,4.43889,MIP2D-1232-Br2Nb2O2,Br2Nb2O2,6,-1.6275,2.81139,4.43889,4.43889,0.0
326,train,1236,5.042537,MIP2D-1554-I2O2V2,I2O2V2,6,-2.1417,2.900837,5.042537,5.042537,0.0
327,test,149,3.635268000000001,MIP2D-197-Br2Ti1,Br2Ti,3,-1.6287,2.0065680000000006,3.635268000000001,3.635268000000001,0.0
328,test,23,6.862093,MIP2D-1426-Cl4Pt2,Cl4Pt2,6,-5.1193,1.742793,6.862093,6.862093,0.0
329,train,840,4.780491,MIP2D-150-Br2H4Tb2,H4Br2Tb2,8,-2.1892,2.591291,4.780491,4.780491,0.0
330,train,732,6.8244679999999995,MIP2D-156-Br2Ho2O2,Br2Ho2O2,6,-4.2753,2.549168,6.8244679999999995,6.8244679999999995,0.0
331,val,165,3.884309,MIP2D-1599-I4Zr2,I4Zr2,6,-1.3031,2.581209,3.884309,3.884309,0.0
332,train,822,1.2369910000000002,MIP2D-292-C1H2O2V2,CH2O2V2,7,0.6121,1.849091,1.2369910000000002,1.2369910000000002,0.0
333,train,1387,6.317795,MIP2D-1154-Bi2Br2Se2,Bi2Br2Se2,6,-4.0183,2.299495,6.317795,6.317795,0.0
334,test,95,5.80508,MIP2D-144-Br2Fe1,Br2Fe,3,-3.9913,1.81378,5.80508,5.80508,0.0
335,test,79,5.05059,MIP2D-1545-I2O2Pd2,I2O2Pd2,6,-2.0622,2.98839,5.05059,5.05059,0.0
336,train,1129,4.7479190000000004,MIP2D-1787-Hf2Si2Te2,Hf2Si2Te2,6,-0.9603,3.7876190000000003,4.7479190000000004,4.7479190000000004,0.0
337,train,692,4.911655,MIP2D-1822-Nb2S2,Nb2S2,4,-2.9699,1.941755,4.911655,4.911655,0.0
338,val,30,3.240722,MIP2D-1594-I4Sc2,I4Sc2,6,-1.2935,1.947222,3.240722,3.240722,0.0
339,val,135,5.5788720000000005,MIP2D-708-I2Ni1,I2Ni,3,-3.5152,2.063672,5.5788720000000005,5.5788720000000005,0.0
340,train,711,5.88729,MIP2D-889-O1Pb1,OPb,2,-4.35,1.53729,5.88729,5.88729,0.0
341,val,37,4.466722,MIP2D-383-C6Sb2,C6Sb2,8,-3.2756,1.1911219999999998,4.466722,4.466722,0.0
342,train,841,5.466082999999999,MIP2D-1569-I2S2Sb2,I2S2Sb2,6,-4.1903,1.2757830000000001,5.466082999999999,5.466082999999999,0.0
343,train,36,6.848751,MIP2D-261-Br6Y2,Br6Y2,8,-5.6096,1.239151,6.848751,6.848751,0.0
344,train,1131,4.9365000000000006,MIP2D-400-Cl2Cr1,Cl2Cr,3,-3.213,1.7235,4.9365000000000006,4.9365000000000006,0.0
345,train,41,7.101459999999999,MIP2D-407-Cl2Ge1,Cl2Ge,3,-5.4025,1.69896,7.101459999999999,7.101459999999999,0.0
346,train,251,4.981949,MIP2D-623-Ga2Te2,Ga2Te2,4,-2.5264,2.455549,4.981949,4.981949,0.0
347,train,697,6.440654,MIP2D-1183-Br2Ga2N2,Br2Ga2N2,6,-3.9118,2.528854,6.440654,6.440654,0.0
348,train,1286,5.422694,MIP2D-1206-Br2Ir2Se2,Br2Ir2Se2,6,-3.1272,2.2954939999999997,5.422694,5.422694,0.0
349,train,1003,3.8980230000000002,MIP2D-1543-I2O2Os2,I2O2Os2,6,-1.3553,2.542723,3.8980230000000002,3.8980230000000002,0.0
350,train,293,3.7941160000000003,MIP2D-1852-Pb1Se1,PbSe,2,-2.8525,0.9416160000000001,3.7941160000000003,3.7941160000000003,0.0
351,test,83,3.4738609999999994,MIP2D-1866-Re2Te2,Re2Te2,4,-1.0834,2.3904609999999997,3.4738609999999994,3.4738609999999994,0.0
352,train,423,5.643535,MIP2D-12-Ag1P2Sc1Se6,AgP2ScSe6,10,-3.7595,1.8840350000000001,5.643535,5.643535,0.0
353,train,227,6.4245529999999995,MIP2D-1334-Cl2Hg2Se2,Cl2Hg2Se2,6,-3.9112,2.513353,6.4245529999999995,6.4245529999999995,0.0
354,train,738,4.660347,MIP2D-1821-Nb2O2,Nb2O2,4,-2.8875,1.772847,4.660347,4.660347,0.0
355,train,209,7.431772,MIP2D-53-As2Cl6,As2Cl6,8,-6.2616,1.1701720000000002,7.431772,7.431772,0.0
356,train,18,4.360777,MIP2D-63-As3Si1,As3Si,4,-3.2951,1.0656769999999998,4.360777,4.360777,0.0
357,train,1306,4.292064,MIP2D-811-Ir1Se2,IrSe2,3,-2.3896,1.9024639999999997,4.292064,4.292064,0.0
358,train,327,6.5602,MIP2D-99-Ba1I2,BaI2,3,-5.0659,1.4943000000000002,6.5602,6.5602,0.0
359,train,357,4.68637,MIP2D-1688-S2Sn2,S2Sn2,4,-3.127,1.55937,4.68637,4.68637,0.0
360,train,395,5.260801,MIP2D-1760-Co2S2,Co2S2,4,-3.3514,1.9094010000000001,5.260801,5.260801,0.0
361,train,1255,5.329238999999999,MIP2D-767-I6Pt2,I6Pt2,8,-3.3349,1.9943389999999996,5.329238999999999,5.329238999999999,0.0
362,train,334,7.237557,MIP2D-851-N2Nb1,N2Nb,3,-5.1084,2.129157,7.237557,7.237557,0.0
363,train,1386,4.797756,MIP2D-939-Os1S2,OsS2,3,-2.5163,2.281456,4.797756,4.797756,0.0
364,train,201,5.101045,MIP2D-1078-Sn1Te2,SnTe2,3,-2.7461,2.354945,5.101045,5.101045,0.0
365,train,420,4.322532,MIP2D-1564-I2Pt2Se2,I2Pt2Se2,6,-1.8067,2.515832,4.322532,4.322532,0.0
366,val,177,6.544939,MIP2D-515-Cl6V2,Cl6V2,8,-5.0071,1.537839,6.544939,6.544939,0.0
367,train,107,7.860785,MIP2D-819-Mn1O2,MnO2,3,-6.3687,1.4920849999999999,7.860785,7.860785,0.0
368,train,1383,4.810015,MIP2D-1074-Se2Zr2,Se2Zr2,4,-1.6308,3.1792149999999997,4.810015,4.810015,0.0
369,train,306,6.041824,MIP2D-1524-I2N2Pb2,I2N2Pb2,6,-3.0396,3.002224,6.041824,6.041824,0.0
370,train,390,6.757856,MIP2D-175-Br2Pb1,Br2Pb,3,-5.2081,1.549756,6.757856,6.757856,0.0
371,train,809,6.432769,MIP2D-207-Br2Zn1,Br2Zn,3,-4.8771,1.555669,6.432769,6.432769,0.0
372,train,521,7.519459,MIP2D-1757-Cl2Zn1,Cl2Zn,3,-5.8277,1.691759,7.519459,7.519459,0.0
373,train,1166,4.688727999999999,MIP2D-37-Al2Mg1Se4,Al2MgSe4,7,-1.2864,3.402328,4.688727999999999,4.688727999999999,0.0
374,train,595,5.7353950000000005,MIP2D-613-Ga2I6,Ga2I6,8,-3.9379,1.797495,5.7353950000000005,5.7353950000000005,0.0
375,train,585,5.302682,MIP2D-670-Hf1Se2,HfSe2,3,-3.5709,1.7317820000000002,5.302682,5.302682,0.0
376,val,52,5.135756000000001,MIP2D-1377-Cl2O2Pt2,Cl2O2Pt2,6,-2.8425,2.2932560000000004,5.135756000000001,5.135756000000001,0.0
377,train,519,5.398883,MIP2D-1515-I2Mn2O2,I2Mn2O2,6,-2.5268,2.872083,5.398883,5.398883,0.0
378,train,561,5.252173,MIP2D-937-O6Sb2Tl2,O6Sb2Tl2,10,-3.3101,1.942073,5.252173,5.252173,0.0
379,train,376,5.789215,MIP2D-10-Ag1In1P2S6,AgInP2S6,10,-3.6614,2.127815,5.789215,5.789215,0.0
380,train,1039,6.575514,MIP2D-1196-Br2Hg2O2,Br2Hg2O2,6,-4.8009,1.7746140000000001,6.575514,6.575514,0.0
381,train,1515,6.927484,MIP2D-1452-Cr2S4,Cr2S4,6,-4.5568,2.370684,6.927484,6.927484,0.0
382,train,449,2.8038119999999997,MIP2D-849-N1Y1,NY,2,-2.2596,0.544212,2.8038119999999997,2.8038119999999997,0.0
383,train,109,4.6795919999999995,MIP2D-1294-C16Cl4Ge2H48I4N4,C16H48Cl4Ge2I4N4,78,-2.6245,2.055092,4.6795919999999995,4.6795919999999995,0.0
384,train,663,4.467059,MIP2D-1548-I2O2Ru2,I2O2Ru2,6,-1.607,2.860059,4.467059,4.467059,0.0
385,train,316,6.139156,MIP2D-516-Cl6V2,Cl6V2,8,-4.5586,1.580556,6.139156,6.139156,0.0
386,train,208,4.806648,MIP2D-757-I6Mo2,I6Mo2,8,-2.5787,2.227948,4.806648,4.806648,0.0
387,train,734,4.862704,MIP2D-1068-Se2V2,Se2V2,4,-2.611,2.2517039999999997,4.862704,4.862704,0.0
388,train,137,6.070749,MIP2D-1166-Br2Co2N2,Br2Co2N2,6,-3.7288,2.341949,6.070749,6.070749,0.0
389,val,15,2.2128340000000004,MIP2D-293-C1H2O2W2,CH2O2W2,7,0.3891,2.6019340000000004,2.2128340000000004,2.2128340000000004,0.0
390,val,79,5.889082,MIP2D-558-Cr1Se2,CrSe2,3,-3.8137,2.0753820000000003,5.889082,5.889082,0.0
391,train,721,3.750107,MIP2D-947-P1Te2Zr2,PTe2Zr2,5,0.2277,3.977807,3.750107,3.750107,0.0
392,train,1070,5.335745000000001,MIP2D-1165-Bi4Se6,Bi4Se6,10,-3.1701,2.1656450000000005,5.335745000000001,5.335745000000001,0.0
393,val,58,3.484036,MIP2D-187-Br2Sc1,Br2Sc,3,-1.6852,1.798836,3.484036,3.484036,0.0
394,test,114,6.464268000000001,MIP2D-1173-Br2Cr2Se2,Br2Cr2Se2,6,-3.7892,2.675068,6.464268000000001,6.464268000000001,0.0
395,train,1042,1.8694779999999998,MIP2D-291-C1H2O2Ti2,CH2O2Ti2,7,0.4738,2.3432779999999998,1.8694779999999998,1.8694779999999998,0.0
396,train,1363,4.745907,MIP2D-662-H2Sn2,H2Sn2,4,-3.5381,1.207807,4.745907,4.745907,0.0
397,train,484,3.8137739999999996,MIP2D-726-I2Sc1,I2Sc,3,-1.3503,2.4634739999999997,3.8137739999999996,3.8137739999999996,0.0
398,train,1032,5.397055,MIP2D-1186-Br2Ga2Se2,Br2Ga2Se2,6,-3.3056,2.091455,5.397055,5.397055,0.0
399,train,1265,7.011488,MIP2D-1419-Cl4Hg2,Cl4Hg2,6,-6.4247,0.5867880000000001,7.011488,7.011488,0.0
400,train,2,6.422734999999999,MIP2D-15-Ag2Br6,Ag2Br6,8,-4.8344,1.5883350000000003,6.422734999999999,6.422734999999999,0.0
401,train,383,5.660332,MIP2D-830-Mn2Te2,Mn2Te2,4,-2.6893,2.971032,5.660332,5.660332,0.0
402,train,434,4.089099999999999,MIP2D-597-Fe1Te2,FeTe2,3,-2.1184,1.9706999999999997,4.089099999999999,4.089099999999999,0.0
403,train,502,4.410494,MIP2D-638-Ge1Te2,GeTe2,3,-1.733,2.677494,4.410494,4.410494,0.0
404,train,1326,0.393388,MIP2D-656-H2Mg5O6,H2Mg5O6,13,-0.4499,-0.05651199999999999,0.393388,0.393388,0.0
405,train,567,5.652972,MIP2D-1162-Bi2I2S2,Bi2I2S2,6,-4.3976,1.255372,5.652972,5.652972,0.0
406,train,614,5.694448,MIP2D-1579-I2Sc2Se2,I2Sc2Se2,6,-3.3108,2.3836480000000004,5.694448,5.694448,0.0
407,train,1122,4.453075,MIP2D-1714-Te4W2,Te4W2,6,-1.8175,2.6355750000000002,4.453075,4.453075,0.0
408,test,164,1.849945,MIP2D-1807-Li2Rb2S2,Li2Rb2S2,6,-1.0489,0.801045,1.849945,1.849945,0.0
409,train,1371,2.464102,MIP2D-370-C2O2Y3,C2O2Y3,7,-0.4049,2.059202,2.464102,2.464102,0.0
410,train,84,7.024305999999999,MIP2D-95-Ba1Br2,BaBr2,3,-5.866,1.1583059999999998,7.024305999999999,7.024305999999999,0.0
411,train,992,6.137296000000001,MIP2D-975-Pt1S2,PtS2,3,-4.1614,1.975896,6.137296000000001,6.137296000000001,0.0
412,val,125,5.096607,MIP2D-146-Br2Ga1,Br2Ga,3,-3.6119,1.4847069999999998,5.096607,5.096607,0.0
413,train,887,4.847791,MIP2D-600-Fe2O2,Fe2O2,4,-3.2739,1.5738910000000002,4.847791,4.847791,0.0
414,train,819,4.748372,MIP2D-769-I6Re2,I6Re2,8,-2.7909,1.9574719999999999,4.748372,4.748372,0.0
415,train,37,4.580258000000001,MIP2D-867-Nb1Se2,NbSe2,3,-2.5101,2.070158,4.580258000000001,4.580258000000001,0.0
416,train,322,5.318998000000001,MIP2D-977-Pt1Se2,PtSe2,3,-3.4924,1.8265980000000002,5.318998000000001,5.318998000000001,0.0
417,train,1438,5.042373,MIP2D-1132-Au1K1Se2,AuKSe2,4,-4.0021,1.0402729999999998,5.042373,5.042373,0.0
418,train,782,5.931759,MIP2D-229-Br6Mo2,Br6Mo2,8,-4.3447,1.587059,5.931759,5.931759,0.0
419,train,1493,6.285118,MIP2D-362-C2Mo3O2,C2Mo3O2,7,-0.8894,5.395718,6.285118,6.285118,0.0
420,train,703,7.648472,MIP2D-413-Cl2Hg1,Cl2Hg,3,-6.1032,1.5452720000000002,7.648472,7.648472,0.0
421,train,725,7.6529609999999995,MIP2D-514-Cl6Tl2,Cl6Tl2,8,-6.2756,1.377361,7.6529609999999995,7.6529609999999995,0.0
422,train,835,4.120251,MIP2D-1328-Cl2Hf2O2,Cl2Hf2O2,6,-1.9103,2.2099509999999998,4.120251,4.120251,0.0
423,train,336,4.869434999999999,MIP2D-1561-I2Pd2S2,I2Pd2S2,6,-2.0532,2.816235,4.869434999999999,4.869434999999999,0.0
424,train,1203,7.25619,MIP2D-506-Cl6Sb2,Cl6Sb2,8,-5.9928,1.2633899999999998,7.25619,7.25619,0.0
425,train,754,5.950269,MIP2D-965-Pd1S2,PdS2,3,-3.989,1.9612689999999997,5.950269,5.950269,0.0
426,train,768,4.9025300000000005,MIP2D-1009-Ru2S2,Ru2S2,4,-2.1553,2.747230000000001,4.9025300000000005,4.9025300000000005,0.0
427,train,974,5.513431,MIP2D-1031-S2V1,S2V,3,-3.4236,2.0898309999999998,5.513431,5.513431,0.0
428,train,116,5.517684,MIP2D-1353-Cl2N2Os2,Cl2N2Os2,6,-2.9601,2.557584,5.517684,5.517684,0.0
429,train,307,6.3569960000000005,MIP2D-387-Ca1I2,CaI2,3,-4.4198,1.9371960000000001,6.3569960000000005,6.3569960000000005,0.0
430,test,92,5.526,MIP2D-594-Fe1S2,FeS2,3,-3.5768,1.9491999999999998,5.526,5.526,0.0
431,train,1398,3.566287,MIP2D-968-Pd1Se2,PdSe2,3,-2.1582,1.4080869999999999,3.566287,3.566287,0.0
432,train,1440,4.411402000000001,MIP2D-740-I2V1,I2V,3,-2.2228,2.1886020000000004,4.411402000000001,4.411402000000001,0.0
433,test,57,6.381704,MIP2D-79-Au2Br6,Au2Br6,8,-4.8129,1.568804,6.381704,6.381704,0.0
434,val,130,4.5513840000000005,MIP2D-1059-Se2Ta1,Se2Ta,3,-2.5135,2.0378840000000005,4.5513840000000005,4.5513840000000005,0.0
435,train,1078,6.652217,MIP2D-1151-Bi2Br2O2,Bi2Br2O2,6,-3.9123,2.7399169999999997,6.652217,6.652217,0.0
436,test,53,4.956783,MIP2D-119-Bi2Pb1Te4,Bi2PbTe4,7,-0.2219,4.734883,4.956783,4.956783,0.0
437,train,1472,6.445295999999999,MIP2D-1739-Br2Ca2H2,H2Br2Ca2,6,-4.4392,2.006096,6.445295999999999,6.445295999999999,0.0
438,val,33,4.996506,MIP2D-606-Ga1I2,GaI2,3,-2.9893,2.0072059999999996,4.996506,4.996506,0.0
439,val,89,4.5765709999999995,MIP2D-794-In1N1,InN,2,-3.5686,1.007971,4.5765709999999995,4.5765709999999995,0.0
440,train,959,5.230536,MIP2D-1703-Se4Ti1Zr1,Se4TiZr,6,-3.2716,1.958936,5.230536,5.230536,0.0
441,test,143,4.48909,MIP2D-399-Cl2Cr1,Cl2Cr,3,-2.6496,1.83949,4.48909,4.48909,0.0
442,train,662,7.084548999999999,MIP2D-402-Cl2Cu1,Cl2Cu,3,-5.0752,2.009349,7.084548999999999,7.084548999999999,0.0
443,train,878,2.8985640000000004,MIP2D-531-Co1Ga2Se4,CoGa2Se4,7,-1.2347,1.6638640000000002,2.8985640000000004,2.8985640000000004,0.0
444,train,1037,5.724521,MIP2D-728-I2Sn1,I2Sn,3,-3.5793,2.1452210000000003,5.724521,5.724521,0.0
445,train,676,6.16366,MIP2D-1454-Cr2Se4,Cr2Se4,6,-4.1025,2.06116,6.16366,6.16366,0.0
446,val,13,4.034184,MIP2D-1511-I2Ir2O2,I2Ir2O2,6,-1.3514,2.682784,4.034184,4.034184,0.0
447,train,1135,6.996122000000001,MIP2D-233-Br6Ni2,Br6Ni2,8,-5.2141,1.7820220000000002,6.996122000000001,6.996122000000001,0.0
448,test,170,6.304475999999999,MIP2D-73-Au1S2,AuS2,3,-3.4803,2.8241759999999996,6.304475999999999,6.304475999999999,0.0
449,train,1256,6.731983,MIP2D-955-Pb1S1,PbS,2,-4.1608,2.571183,6.731983,6.731983,0.0
450,test,72,4.7374730000000005,MIP2D-1407-Cl2S2W2,Cl2S2W2,6,-2.2524,2.4850730000000003,4.7374730000000005,4.7374730000000005,0.0
451,train,709,5.524444,MIP2D-1576-I2S2V2,I2S2V2,6,-2.7948,2.729644,5.524444,5.524444,0.0
452,test,158,5.517957,MIP2D-1797-I6Tl2,I6Tl2,8,-4.5823,0.935657,5.517957,5.517957,0.0
453,train,853,4.177273,MIP2D-1818-Mo2Se2,Mo2Se2,4,-2.045,2.1322729999999996,4.177273,4.177273,0.0
454,train,1058,4.415055,MIP2D-1872-Ru2Te2,Ru2Te2,4,-1.9304,2.484655,4.415055,4.415055,0.0
455,train,672,1.70466,MIP2D-326-C2Cr3H2O2,C2H2Cr3O2,9,0.9543,2.65896,1.70466,1.70466,0.0
456,train,1372,6.207246,MIP2D-503-Cl6Ru2,Cl6Ru2,8,-4.5649,1.6423460000000003,6.207246,6.207246,0.0
457,train,1366,4.496062,MIP2D-1476-Ga2,Ga2,2,-2.8252,1.6708620000000003,4.496062,4.496062,0.0
458,test,184,7.220823000000001,MIP2D-1747-Br2O2Yb2,Br2O2Yb2,6,-5.1142,2.1066230000000004,7.220823000000001,7.220823000000001,0.0
459,train,95,5.121997,MIP2D-795-In1P1,InP,2,-3.7939,1.328097,5.121997,5.121997,0.0
460,train,1147,3.764786,MIP2D-970-Pd1Te2,PdTe2,3,-1.6453,2.1194859999999998,3.764786,3.764786,0.0
461,val,113,4.765937,MIP2D-984-Pt4S6Tl2,Pt4S6Tl2,12,-2.8305,1.9354370000000003,4.765937,4.765937,0.0
462,train,965,5.964281,MIP2D-929-O2W1,O2W,3,-4.2866,1.6776810000000002,5.964281,5.964281,0.0
463,train,140,5.561224,MIP2D-1024-S2Ta1,S2Ta,3,-3.4932,2.0680240000000003,5.561224,5.561224,0.0
464,train,191,5.854998,MIP2D-1130-As4O6,As4O6,10,-4.8667,0.988298,5.854998,5.854998,0.0
465,train,924,2.326676,MIP2D-1299-Ca2Sn2,Ca2Sn2,4,-0.803,1.523676,2.326676,2.326676,0.0
466,train,1030,7.141583,MIP2D-1735-Bi2Cl2O2,Bi2Cl2O2,6,-4.1934,2.948183,7.141583,7.141583,0.0
467,test,109,5.851903,MIP2D-617-Ga2S2,Ga2S2,4,-3.4892,2.3627030000000007,5.851903,5.851903,0.0
468,train,764,5.809861,MIP2D-1341-Cl2Ir2S2,Cl2Ir2S2,6,-3.2944,2.5154609999999997,5.809861,5.809861,0.0
469,val,99,6.1291649999999995,MIP2D-1364-Cl2N2V2,Cl2N2V2,6,-3.6863,2.4428649999999994,6.1291649999999995,6.1291649999999995,0.0
470,test,65,4.685504,MIP2D-674-Hf2I2N2,Hf2I2N2,6,-1.1228,3.562704,4.685504,4.685504,0.0
471,train,642,5.639315,MIP2D-801-In2Se2,In2Se2,4,-3.1538,2.4855150000000004,5.639315,5.639315,0.0
472,val,107,7.480402,MIP2D-591-Fe1O2,FeO2,3,-5.9142,1.5662019999999999,7.480402,7.480402,0.0
473,train,1044,4.691199999999999,MIP2D-615-Ga2Ni1S4,Ga2NiS4,7,-0.9599,3.7312999999999996,4.691199999999999,4.691199999999999,0.0
474,train,1215,6.528600999999999,MIP2D-1158-Bi2Cl2Se2,Bi2Cl2Se2,6,-4.2136,2.3150009999999996,6.528600999999999,6.528600999999999,0.0
475,train,199,2.529751,MIP2D-1837-O2Sc2,O2Sc2,4,-1.6696,0.8601510000000001,2.529751,2.529751,0.0
476,train,550,4.690419,MIP2D-264-Br7Nb3S1,Br7Nb3S,11,-3.3165,1.3739190000000001,4.690419,4.690419,0.0
477,test,169,5.559884,MIP2D-305-C1Nb2O2,CNb2O2,5,-2.1704,3.3894840000000004,5.559884,5.559884,0.0
478,train,46,5.863571,MIP2D-311-C1O2W2,CO2W2,5,-3.2341,2.629471,5.863571,5.863571,0.0
479,train,85,4.332011,MIP2D-661-H2Si6,H2Si6,8,-1.0958,3.236211,4.332011,4.332011,0.0
480,train,891,5.491979,MIP2D-1835-O2Rh2,O2Rh2,4,-4.0603,1.431679,5.491979,5.491979,0.0
481,train,1223,5.175806,MIP2D-560-Cr1Te2,CrTe2,3,-2.5267,2.6491059999999997,5.175806,5.175806,0.0
482,train,1510,2.701661,MIP2D-657-H2Mn1O2,H2MnO2,5,-1.7948,0.9068610000000001,2.701661,2.701661,0.0
483,train,555,5.388928999999999,MIP2D-1051-Sc1Te2,ScTe2,3,-3.0925,2.296429,5.388928999999999,5.388928999999999,0.0
484,train,766,4.448676000000001,MIP2D-1194-Br2Hf2Se2,Br2Hf2Se2,6,-2.2945,2.1541760000000005,4.448676000000001,4.448676000000001,0.0
485,val,38,6.966609999999999,MIP2D-1304-Cl2Cr2N2,Cl2Cr2N2,6,-4.6061,2.36051,6.966609999999999,6.966609999999999,0.0
486,train,356,3.55438,MIP2D-1627-Na2O4Pd3,Na2O4Pd3,9,-2.7786,0.7757799999999999,3.55438,3.55438,0.0
487,train,97,6.445405000000001,MIP2D-1699-S8Ti3Zr1,S8Ti3Zr,12,-4.2144,2.231005,6.445405000000001,6.445405000000001,0.0
488,val,93,4.8276,MIP2D-541-Co1Se2,CoSe2,3,-3.0615,1.7661000000000002,4.8276,4.8276,0.0
489,train,1489,4.211938,MIP2D-78-Au1Te2,AuTe2,3,-1.8472,2.364738,4.211938,4.211938,0.0
490,train,1228,7.763673000000001,MIP2D-876-Ni1O2,NiO2,3,-6.5361,1.227573,7.763673000000001,7.763673000000001,0.0
491,val,152,4.02868,MIP2D-880-Ni1Se2,NiSe2,3,-2.3928,1.6358799999999998,4.02868,4.02868,0.0
492,train,225,4.534581,MIP2D-125-Bi2Se2,Bi2Se2,4,-1.5983,2.936281,4.534581,4.534581,0.0
493,train,1065,6.275606999999999,MIP2D-1401-Cl2S2Sc2,Cl2S2Sc2,6,-4.2298,2.0458069999999995,6.275606999999999,6.275606999999999,0.0
494,val,150,4.720415,MIP2D-809-Ir1S2,IrS2,3,-2.6588,2.061615,4.720415,4.720415,0.0
495,train,1068,4.484051000000001,MIP2D-1632-Nb2Te6,Nb2Te6,8,-0.4099,4.0741510000000005,4.484051000000001,4.484051000000001,0.0
496,train,739,7.907337,MIP2D-513-Cl6Tl2,Cl6Tl2,8,-6.4205,1.486837,7.907337,7.907337,0.0
497,train,794,6.190284999999999,MIP2D-56-As2I6,As2I6,8,-4.5524,1.6378849999999996,6.190284999999999,6.190284999999999,0.0
498,val,82,5.933182,MIP2D-682-Hg1I2,HgI2,3,-4.1825,1.750682,5.933182,5.933182,0.0
499,train,1056,5.961601,MIP2D-91-B1I3,BI3,4,-5.1836,0.7780009999999999,5.961601,5.961601,0.0
500,train,1261,5.711971,MIP2D-1502-Hg2I2O2,Hg2I2O2,6,-3.4638,2.248171,5.711971,5.711971,0.0
501,train,1466,4.707898,MIP2D-1644-O6Pb2,O6Pb2,8,-2.761,1.9468980000000002,4.707898,4.707898,0.0
502,test,185,3.5436810000000003,MIP2D-1888-Sc2Se2,Sc2Se2,4,-2.3363,1.2073810000000003,3.5436810000000003,3.5436810000000003,0.0
503,train,1091,3.2611299999999996,MIP2D-202-Br2W1,Br2W,3,-1.2364,2.02473,3.2611299999999996,3.2611299999999996,0.0
504,train,991,5.393965,MIP2D-74-Au1S2,AuS2,3,-3.6124,1.781565,5.393965,5.393965,0.0
505,train,1506,5.961920999999999,MIP2D-84-Au2I6,Au2I6,8,-4.1389,1.823021,5.961920999999999,5.961920999999999,0.0
506,test,44,5.279681999999999,MIP2D-1245-Br2O2Sn2,Br2O2Sn2,6,-2.5013,2.7783819999999997,5.279681999999999,5.279681999999999,0.0
507,train,1232,6.078094999999999,MIP2D-1611-Mn2S4,Mn2S4,6,-3.8657,2.212395,6.078094999999999,6.078094999999999,0.0
508,val,114,6.126213,MIP2D-1794-I2Nd2O2,I2Nd2O2,6,-3.3504,2.7758130000000003,6.126213,6.126213,0.0
509,train,1379,5.018179,MIP2D-210-Br4Nb2Se4,Br4Nb2Se4,10,-3.1526,1.8655789999999999,5.018179,5.018179,0.0
510,val,59,2.9375980000000004,MIP2D-530-Co1Ga2Se4,CoGa2Se4,7,-1.1887,1.748898,2.9375980000000004,2.9375980000000004,0.0
511,train,1250,5.051803,MIP2D-1615-Mn2Te4,Mn2Te4,6,-2.6132,2.438603,5.051803,5.051803,0.0
512,val,49,6.039035,MIP2D-178-Br2Pd1,Br2Pd,3,-4.2047,1.834335,6.039035,6.039035,0.0
513,train,885,6.0863130000000005,MIP2D-296-C1H2Si1,CH2Si,4,-4.0033,2.0830130000000002,6.0863130000000005,6.0863130000000005,0.0
514,train,583,5.049893,MIP2D-1055-Se1Sn1,SeSn,2,-4.1117,0.9381930000000003,5.049893,5.049893,0.0
515,test,12,5.246554,MIP2D-1781-Ge1Te1,GeTe,2,-3.3753,1.871254,5.246554,5.246554,0.0
516,train,391,4.9455670000000005,MIP2D-24-Al1Cl2,AlCl2,3,-2.9199,2.025667,4.9455670000000005,4.9455670000000005,0.0
517,train,1154,6.47928,MIP2D-454-Cl2Tl1,Cl2Tl,3,-5.0529,1.42638,6.47928,6.47928,0.0
518,train,354,4.5308340000000005,MIP2D-647-Ge2Se2,Ge2Se2,4,-2.2418,2.289034,4.5308340000000005,4.5308340000000005,0.0
519,train,294,6.739216,MIP2D-1293-Br6Sr1Th1,Br6SrTh,8,-4.5404,2.198816,6.739216,6.739216,0.0
520,train,752,4.99817,MIP2D-1010-Ru2Se2,Ru2Se2,4,-1.8747,3.1234699999999997,4.99817,4.99817,0.0
521,train,758,6.1147160000000005,MIP2D-1516-I2Mn2S2,I2Mn2S2,6,-3.1175,2.9972160000000003,6.1147160000000005,6.1147160000000005,0.0
522,train,1332,6.044808,MIP2D-749-I3P1,I3P,4,-5.2406,0.804208,6.044808,6.044808,0.0
523,train,233,4.901858000000001,MIP2D-1091-Te2V2,Te2V2,4,-2.3346,2.5672580000000003,4.901858000000001,4.901858000000001,0.0
524,train,349,3.086301,MIP2D-152-Br2Hf1,Br2Hf,3,-1.1881,1.8982010000000002,3.086301,3.086301,0.0
525,train,1133,5.030414,MIP2D-1557-I2Os2S2,I2Os2S2,6,-2.1766,2.853814,5.030414,5.030414,0.0
526,train,126,2.5868710000000004,MIP2D-1784-Hf2O2,Hf2O2,4,-1.747,0.8398710000000001,2.5868710000000004,2.5868710000000004,0.0
527,train,818,4.410794,MIP2D-1093-Te2W1,Te2W,3,-1.7339,2.676894,4.410794,4.410794,0.0
528,train,413,4.981362,MIP2D-873-Nb2Se2,Nb2Se2,4,-1.2747,3.706662,4.981362,4.981362,0.0
529,train,20,6.291041,MIP2D-1201-Br2In2S2,Br2In2S2,6,-3.9238,2.3672410000000004,6.291041,6.291041,0.0
530,train,1076,4.914343000000001,MIP2D-1365-Cl2N2W2,Cl2N2W2,6,-2.4089,2.505443,4.914343000000001,4.914343000000001,0.0
531,train,1233,4.265559,MIP2D-421-Cl2Mo1,Cl2Mo,3,-1.6103,2.655259,4.265559,4.265559,0.0
532,train,855,5.967638,MIP2D-1791-Ho2I2O2,Ho2I2O2,6,-3.1532,2.814438,5.967638,5.967638,0.0
533,train,1164,5.72047,MIP2D-300-C1Mn2,CMn2,3,-2.8796,2.84087,5.72047,5.72047,0.0
534,train,317,2.532107,MIP2D-526-Co1Ga2S4,CoGa2S4,7,-0.8387,1.693407,2.532107,2.532107,0.0
535,train,1494,6.567011,MIP2D-729-I2Sr1,I2Sr,3,-4.9311,1.6359110000000001,6.567011,6.567011,0.0
536,train,967,1.398257,MIP2D-294-C1H2O2Y2,CH2O2Y2,7,-0.1478,1.2504570000000002,1.398257,1.398257,0.0
537,train,1421,4.152501,MIP2D-619-Ga2S4Ti1,Ga2S4Ti,7,0.0866,4.239101,4.152501,4.152501,0.0
538,train,388,6.376162000000001,MIP2D-1177-Br2Cu2Se2,Br2Cu2Se2,6,-3.7957,2.5804620000000003,6.376162000000001,6.376162000000001,0.0
539,test,40,5.748111,MIP2D-1255-Br2Pb2Se2,Br2Pb2Se2,6,-2.8549,2.893211,5.748111,5.748111,0.0
540,val,180,6.106608,MIP2D-1325-Cl2Ge2S2,Cl2Ge2S2,6,-3.7821,2.3245080000000002,6.106608,6.106608,0.0
541,train,1435,4.539868,MIP2D-1766-Cr2Te2,Cr2Te2,4,-2.0595,2.4803680000000004,4.539868,4.539868,0.0
542,test,132,4.8037790000000005,MIP2D-241-Br6Re2,Br6Re2,8,-3.5438,1.2599790000000002,4.8037790000000005,4.8037790000000005,0.0
543,test,46,5.986636,MIP2D-200-Br2V1,Br2V,3,-3.739,2.247636,5.986636,5.986636,0.0
544,val,26,5.122648,MIP2D-391-Cd1Ga1In1S4,CdGaInS4,7,-1.4941,3.628548,5.122648,5.122648,0.0
545,train,160,4.716165999999999,MIP2D-59-As2S6Sn1Tl2,As2S6SnTl2,11,-2.739,1.977166,4.716165999999999,4.716165999999999,0.0
546,train,368,5.633881000000001,MIP2D-1120-Al2Cl4,Al2Cl4,6,-4.0311,1.6027809999999998,5.633881000000001,5.633881000000001,0.0
547,test,90,6.934088,MIP2D-1149-Ba2Br2Cl2,Ba2Br2Cl2,6,-5.7912,1.142888,6.934088,6.934088,0.0
548,train,486,5.587251,MIP2D-1276-Br2Se2Tl2,Br2Se2Tl2,6,-2.9501,2.637151,5.587251,5.587251,0.0
549,test,59,4.5381610000000006,MIP2D-1686-Ru2Te4,Ru2Te4,6,-1.9193,2.6188610000000003,4.5381610000000006,4.5381610000000006,0.0
550,train,1093,4.632258,MIP2D-252-Br6Ta2,Br6Ta2,8,-2.5512,2.0810579999999996,4.632258,4.632258,0.0
551,train,362,1.8468050000000003,MIP2D-295-C1H2O2Zr2,CH2O2Zr2,7,0.6721,2.518905,1.8468050000000003,1.8468050000000003,0.0
552,train,740,4.122394,MIP2D-50-As2C6,C6As2,8,-3.1398,0.982594,4.122394,4.122394,0.0
553,test,76,5.30021,MIP2D-1205-Br2Ir2S2,Br2Ir2S2,6,-2.8528,2.4474100000000005,5.30021,5.30021,0.0
554,train,1097,5.720431,MIP2D-13-Ag1P2Se6Tm1,AgP2Se6Tm,10,-3.8527,1.8677309999999998,5.720431,5.720431,0.0
555,train,1047,4.06193,MIP2D-1431-Cl4V2,Cl4V2,6,-2.1774,1.8845299999999998,4.06193,4.06193,0.0
556,train,815,6.389373000000001,MIP2D-171-Br2Ni1,Br2Ni,3,-4.3913,1.9980730000000002,6.389373000000001,6.389373000000001,0.0
557,train,1222,4.467453,MIP2D-23-Al1Cl2,AlCl2,3,-2.5316,1.9358529999999998,4.467453,4.467453,0.0
558,train,1443,5.340756,MIP2D-1042-Sb2Se2Te1,Sb2Se2Te,5,-1.6678,3.672956,5.340756,5.340756,0.0
559,train,1185,4.791615,MIP2D-1098-Ag2Bi2O4,Ag2Bi2O4,8,-3.0384,1.7532149999999997,4.791615,4.791615,0.0
560,train,637,4.789788,MIP2D-637-Ge1Te2,GeTe2,3,-2.4678,2.321988,4.789788,4.789788,0.0
561,train,34,7.619476,MIP2D-913-O2Sc1,O2Sc,3,-6.3283,1.2911759999999999,7.619476,7.619476,0.0
562,train,1024,4.129965,MIP2D-1418-Cl4Hf2,Cl4Hf2,6,-2.1871,1.942865,4.129965,4.129965,0.0
563,train,1227,6.701212,MIP2D-227-Br6Mn2,Br6Mn2,8,-5.4663,1.234912,6.701212,6.701212,0.0
564,test,186,6.200668,MIP2D-1503-Hg2I2S2,Hg2I2S2,6,-3.721,2.4796679999999998,6.200668,6.200668,0.0
565,train,785,4.432654,MIP2D-22-Al1Br2,AlBr2,3,-2.6852,1.747454,4.432654,4.432654,0.0
566,train,1073,5.229744999999999,MIP2D-709-I2Ni1,I2Ni,3,-3.0467,2.183045,5.229744999999999,5.229744999999999,0.0
567,train,1427,5.437139,MIP2D-1035-S2W1,S2W,3,-3.1638,2.2733390000000004,5.437139,5.437139,0.0
568,train,1231,5.368765999999999,MIP2D-1188-Br2Ge2O2,Br2Ge2O2,6,-3.0387,2.3300659999999995,5.368765999999999,5.368765999999999,0.0
569,train,319,5.3029340000000005,MIP2D-1322-Cl2Ga2Se2,Cl2Ga2Se2,6,-3.1934,2.109534,5.3029340000000005,5.3029340000000005,0.0
570,test,155,4.471442,MIP2D-1330-Cl2Hf2Se2,Cl2Hf2Se2,6,-2.3401,2.131342,4.471442,4.471442,0.0
571,val,92,5.152856,MIP2D-1005-Ru1Se2,RuSe2,3,-2.9446,2.208256,5.152856,5.152856,0.0
572,train,1358,5.964736,MIP2D-1388-Cl2Os2S2,Cl2Os2S2,6,-3.4431,2.521636,5.964736,5.964736,0.0
573,train,1074,7.710523,MIP2D-467-Cl6Co2,Cl6Co2,8,-5.9273,1.783223,7.710523,7.710523,0.0
574,train,170,3.0566079999999998,MIP2D-70-Au1Mg3,AuMg3,4,-1.9444,1.112208,3.0566079999999998,3.0566079999999998,0.0
575,train,155,3.180742,MIP2D-1608-K2O2Tl2,K2O2Tl2,6,-2.0652,1.115542,3.180742,3.180742,0.0
576,train,6,5.270596,MIP2D-1715-Te6Th2,Te6Th2,8,-1.7679,3.5026960000000003,5.270596,5.270596,0.0
577,train,982,3.903022,MIP2D-279-C1F2Ta2,CF2Ta2,5,-1.566,2.337022,3.903022,3.903022,0.0
578,train,1442,7.750545,MIP2D-566-Cr3O8,Cr3O8,11,-6.7846,0.9659449999999999,7.750545,7.750545,0.0
579,train,54,5.55178,MIP2D-1549-I2O2Sc2,I2O2Sc2,6,-2.7786,2.77318,5.55178,5.55178,0.0
580,train,1034,5.831429,MIP2D-270-C1Cr2F2,CCr2F2,5,-3.0969,2.734529,5.831429,5.831429,0.0
581,train,154,5.76728,MIP2D-1202-Br2In2Se2,Br2In2Se2,6,-3.5464,2.22088,5.76728,5.76728,0.0
582,train,1284,3.9741600000000004,MIP2D-221-Br6Hf2,Br6Hf2,8,-2.2818,1.69236,3.9741600000000004,3.9741600000000004,0.0
583,train,957,4.615129,MIP2D-26-Al1I2,AlI2,3,-2.3537,2.261429,4.615129,4.615129,0.0
584,train,1464,3.9784370000000004,MIP2D-786-I6W2,I6W2,8,-1.7432,2.235237,3.9784370000000004,3.9784370000000004,0.0
585,val,24,4.300417,MIP2D-1780-Ge1Se1,GeSe,2,-3.4123,0.8881169999999999,4.300417,4.300417,0.0
586,train,1224,4.998403,MIP2D-542-Co1Te2,CoTe2,3,-2.4103,2.5881029999999994,4.998403,4.998403,0.0
587,train,287,3.20176,MIP2D-120-Bi2Pb2Se5,Bi2Pb2Se5,9,-0.0228,3.17896,3.20176,3.20176,0.0
588,train,1298,5.323836,MIP2D-1215-Br2Mo2Se2,Br2Mo2Se2,6,-2.5017,2.822136,5.323836,5.323836,0.0
589,train,618,7.610534,MIP2D-328-C2F2,C2F2,4,-5.7663,1.8442340000000002,7.610534,7.610534,0.0
590,train,868,5.433002,MIP2D-555-Cr1S1Se1,CrSSe,3,-2.8768,2.556202,5.433002,5.433002,0.0
591,train,989,5.824467,MIP2D-1139-Au2Cl2Se2,Au2Cl2Se2,6,-3.6408,2.183667,5.824467,5.824467,0.0
592,train,133,4.743848,MIP2D-1456-Cr2Te6,Cr2Te6,8,-1.0946,3.649248,4.743848,4.743848,0.0
593,test,107,4.425115,MIP2D-1656-Os2S6,Os2S6,8,-1.9191,2.506015,4.425115,4.425115,0.0
594,train,745,4.5698810000000005,MIP2D-1079-Sn1Te2,SnTe2,3,-1.7983,2.7715810000000003,4.5698810000000005,4.5698810000000005,0.0
595,train,205,4.53182,MIP2D-1230-Br2N2W2,Br2N2W2,6,-2.0766,2.4552199999999997,4.53182,4.53182,0.0
596,train,380,3.4962890000000004,MIP2D-1555-I2O2W2,I2O2W2,6,-0.7199,2.7763890000000004,3.4962890000000004,3.4962890000000004,0.0
597,train,568,5.1286309999999995,MIP2D-377-C2W3,C2W3,5,-1.24,3.8886309999999993,5.1286309999999995,5.1286309999999995,0.0
598,train,647,7.041126,MIP2D-1643-O6Os2,O6Os2,8,-5.0965,1.9446260000000002,7.041126,7.041126,0.0
599,train,273,4.9561090000000005,MIP2D-565-Cr2Si2Te6,Cr2Si2Te6,10,-2.4277,2.5284090000000004,4.9561090000000005,4.9561090000000005,0.0
600,train,850,6.044338,MIP2D-671-Hf1Se2,HfSe2,3,-4.1866,1.857738,6.044338,6.044338,0.0
601,test,122,5.169661,MIP2D-1052-Sc1Te2,ScTe2,3,-2.7163,2.453361,5.169661,5.169661,0.0
602,val,187,6.699062,MIP2D-1171-Br2Cr2O2,Br2Cr2O2,6,-3.6627,3.036362,6.699062,6.699062,0.0
603,train,1059,5.080235999999999,MIP2D-1838-O2Sn2,O2Sn2,4,-3.2691,1.8111359999999999,5.080235999999999,5.080235999999999,0.0
604,train,916,4.096062,MIP2D-188-Br2Sc1,Br2Sc,3,-2.0194,2.076662,4.096062,4.096062,0.0
605,train,712,5.127783,MIP2D-47-As2,As2,2,-3.9005,1.2272830000000001,5.127783,5.127783,0.0
606,train,1312,9.945628,MIP2D-1767-F2Hg2,F2Hg2,4,-8.2061,1.739528,9.945628,9.945628,0.0
607,train,1031,2.9429629999999998,MIP2D-1878-S2Sm2,S2Sm2,4,-1.283,1.659963,2.9429629999999998,2.9429629999999998,0.0
608,val,14,6.422768,MIP2D-238-Br6Pd2,Br6Pd2,8,-4.9864,1.436368,6.422768,6.422768,0.0
609,train,934,4.753500000000001,MIP2D-493-Cl6Os2,Cl6Os2,8,-3.4195,1.334,4.753500000000001,4.753500000000001,0.0
610,train,898,5.060878000000001,MIP2D-523-Cl7Nb3Te1,Cl7Nb3Te,11,-2.9037,2.157178,5.060878000000001,5.060878000000001,0.0
611,train,972,5.232158,MIP2D-1026-S2Ta2,S2Ta2,4,-2.0561,3.1760580000000003,5.232158,5.232158,0.0
612,val,173,6.507527,MIP2D-1134-Au2Br2O2,Au2Br2O2,6,-3.8863,2.6212269999999998,6.507527,6.507527,0.0
613,train,880,2.318919,MIP2D-1730-Ba4O1Sb2,Ba4OSb2,7,-0.6777,1.641219,2.318919,2.318919,0.0
614,train,1452,1.2539239999999998,MIP2D-289-C1H2O2Sc2,CH2O2Sc2,7,0.095,1.3489239999999998,1.2539239999999998,1.2539239999999998,0.0
615,train,1483,6.03351,MIP2D-1486-Hf1Se8Zr3,HfSe8Zr3,12,-4.0047,2.02881,6.03351,6.03351,0.0
616,train,1318,6.1516459999999995,MIP2D-392-Cd1I2,CdI2,3,-4.3447,1.806946,6.1516459999999995,6.1516459999999995,0.0
617,train,1303,3.311616,MIP2D-741-I2W1,I2W,3,-1.0502,2.2614159999999996,3.311616,3.311616,0.0
618,train,1118,7.328120999999999,MIP2D-911-O2Ru1,O2Ru,3,-5.0766,2.251521,7.328120999999999,7.328120999999999,0.0
619,train,875,3.949902,MIP2D-941-Os1Se2,OsSe2,3,-2.2726,1.6773019999999998,3.949902,3.949902,0.0
620,train,1459,5.321216,MIP2D-1633-Ni2S6,Ni2S6,8,-2.0344,3.2868159999999995,5.321216,5.321216,0.0
621,train,973,5.5709409999999995,MIP2D-1774-Fe2Se2,Fe2Se2,4,-4.1936,1.377341,5.5709409999999995,5.5709409999999995,0.0
622,train,559,4.431037,MIP2D-1850-P1Ta1,PTa,2,-3.5459,0.885137,4.431037,4.431037,0.0
623,train,1299,4.404007,MIP2D-263-Br6Zr2,Br6Zr2,8,-2.4954,1.908607,4.404007,4.404007,0.0
624,train,790,6.156089,MIP2D-369-C2O2W3,C2O2W3,7,-1.534,4.622089,6.156089,6.156089,0.0
625,train,954,6.700850999999999,MIP2D-495-Cl6Pd2,Cl6Pd2,8,-5.0634,1.6374509999999998,6.700850999999999,6.700850999999999,0.0
626,train,1368,3.4845900000000003,MIP2D-725-I2Sc1,I2Sc,3,-1.2822,2.2023900000000003,3.4845900000000003,3.4845900000000003,0.0
627,train,91,3.2255830000000003,MIP2D-935-O2Zr2,O2Zr2,4,-0.8322,2.393383,3.2255830000000003,3.2255830000000003,0.0
628,train,1055,6.977074,MIP2D-4-Ag1Br2,AgBr2,3,-5.0602,1.9168739999999995,6.977074,6.977074,0.0
629,train,323,5.326338,MIP2D-1679-Rh2Se6,Rh2Se6,8,-2.0652,3.261138,5.326338,5.326338,0.0
630,val,153,4.674593999999999,MIP2D-1902-Sm2Te6,Sm2Te6,8,-0.1469,4.527693999999999,4.674593999999999,4.674593999999999,0.0
631,train,207,5.457966000000001,MIP2D-1541-I2Ni2S2,I2Ni2S2,6,-2.5707,2.8872660000000003,5.457966000000001,5.457966000000001,0.0
632,train,1402,1.9884680000000001,MIP2D-1820-Na2P2Zn2,Na2P2Zn2,6,-0.7327,1.2557680000000002,1.9884680000000001,1.9884680000000001,0.0
633,train,683,6.1356209999999995,MIP2D-797-In2O2,In2O2,4,-3.6189,2.5167209999999995,6.1356209999999995,6.1356209999999995,0.0
634,train,1316,5.944879,MIP2D-959-Pb1Se2,PbSe2,3,-4.0685,1.876379,5.944879,5.944879,0.0
635,train,650,4.944909,MIP2D-1053-Sc2Se2,Sc2Se2,4,-2.6612,2.283709,4.944909,4.944909,0.0
636,train,1278,1.533404,MIP2D-1669-Rb4Te2,Rb4Te2,6,-1.1122,0.421204,1.533404,1.533404,0.0
637,train,98,4.498225,MIP2D-1862-Pt2Se2,Pt2Se2,4,-2.7477,1.750525,4.498225,4.498225,0.0
638,train,1128,4.167771,MIP2D-1909-Te2Zr2,Te2Zr2,4,-2.0091,2.158671,4.167771,4.167771,0.0
639,val,123,5.633141,MIP2D-756-I6Mo2,I6Mo2,8,-3.5541,2.079041,5.633141,5.633141,0.0
640,train,224,6.076396,MIP2D-1362-Cl2N2Ti2,Cl2N2Ti2,6,-3.5065,2.569896,6.076396,6.076396,0.0
641,train,949,3.990343,MIP2D-1536-I2Nb2O2,I2Nb2O2,6,-0.7459,3.2444430000000004,3.990343,3.990343,0.0
642,train,687,4.648643,MIP2D-1593-I4Rh2,I4Rh2,6,-2.4538,2.194843,4.648643,4.648643,0.0
643,val,7,5.868057,MIP2D-618-Ga2S2,Ga2S2,4,-3.5096,2.3584570000000005,5.868057,5.868057,0.0
644,train,1490,4.691827,MIP2D-1586-I2Se2Zr2,I2Se2Zr2,6,-1.8157,2.876127,4.691827,4.691827,0.0
645,test,54,7.914486,MIP2D-1619-Mo2O6,Mo2O6,8,-5.3772,2.537286,7.914486,7.914486,0.0
646,train,791,6.557008,MIP2D-1728-Ba2F2I2,Ba2F2I2,6,-4.2085,2.348508,6.557008,6.557008,0.0
647,test,61,5.8898209999999995,MIP2D-683-Hg1I2,HgI2,3,-3.9968,1.8930209999999998,5.8898209999999995,5.8898209999999995,0.0
648,train,1495,5.246995,MIP2D-890-O1Sn1,OSn,2,-4.0478,1.199195,5.246995,5.246995,0.0
649,train,674,4.822363,MIP2D-1234-Br2Nb2Se2,Br2Nb2Se2,6,-2.1153,2.707063,4.822363,4.822363,0.0
650,train,1242,5.826772,MIP2D-1899-Se2Zn2,Se2Zn2,4,-4.5372,1.289572,5.826772,5.826772,0.0
651,train,848,6.920757,MIP2D-909-O2Rh2,O2Rh2,4,-3.8514,3.0693569999999997,6.920757,6.920757,0.0
652,train,493,6.487886,MIP2D-1103-Ag2Cl2N2,Ag2Cl2N2,6,-4.1291,2.358786,6.487886,6.487886,0.0
653,train,377,5.987169000000001,MIP2D-1500-Hf3Se8Zr1,Hf3Se8Zr,12,-4.0536,1.9335690000000003,5.987169000000001,5.987169000000001,0.0
654,train,1015,5.573601000000001,MIP2D-83-Au2I6,Au2I6,8,-3.7543,1.8193010000000005,5.573601000000001,5.573601000000001,0.0
655,train,1220,8.271294,MIP2D-875-Ni1O2,NiO2,3,-6.7805,1.490794,8.271294,8.271294,0.0
656,train,300,7.271576,MIP2D-906-O2Re2,O2Re2,4,-4.2475,3.0240760000000004,7.271576,7.271576,0.0
657,train,60,6.535906000000001,MIP2D-1153-Bi2Br2S2,Bi2Br2S2,6,-4.1062,2.429706,6.535906000000001,6.535906000000001,0.0
658,train,611,6.914622,MIP2D-1244-Br2O2Sc2,Br2O2Sc2,6,-4.6411,2.2735220000000003,6.914622,6.914622,0.0
659,train,78,6.156672,MIP2D-1783-H2I2Sr2,H2I2Sr2,6,-3.8686,2.288072,6.156672,6.156672,0.0
660,train,1293,3.214069,MIP2D-379-C2Zr3,C2Zr3,5,0.0854,3.2994689999999998,3.214069,3.214069,0.0
661,train,1092,4.855174,MIP2D-1748-C4,C4,4,-3.8616,0.9935740000000001,4.855174,4.855174,0.0
662,train,81,4.411574,MIP2D-778-I6Ta2,I6Ta2,8,-2.5179,1.893674,4.411574,4.411574,0.0
663,train,422,5.127047,MIP2D-132-Bi2Te3,Bi2Te3,5,-1.4951,3.6319470000000003,5.127047,5.127047,0.0
664,val,159,3.375864,MIP2D-654-H2Mg3O4,H2Mg3O4,9,-1.6786,1.6972639999999999,3.375864,3.375864,0.0
665,test,70,4.657299,MIP2D-77-Au1Te2,AuTe2,3,-2.4159,2.2413990000000004,4.657299,4.657299,0.0
666,train,1081,7.431792000000001,MIP2D-907-O2Rh1,O2Rh,3,-5.666,1.765792,7.431792000000001,7.431792000000001,0.0
667,train,16,4.25939,MIP2D-452-Cl2Ti1,Cl2Ti,3,-2.5085,1.75089,4.25939,4.25939,0.0
668,train,854,4.668501,MIP2D-561-Cr1Te2,CrTe2,3,-2.1116,2.556901,4.668501,4.668501,0.0
669,train,1314,4.529573,MIP2D-650-Ge6P2,Ge6P2,8,-3.5136,1.015973,4.529573,4.529573,0.0
670,train,1159,4.589817,MIP2D-841-Mo1Te2,MoTe2,3,-1.703,2.886817,4.589817,4.589817,0.0
671,train,1162,6.010357000000001,MIP2D-11-Ag1P2S6Sc1,AgP2S6Sc,10,-3.97,2.040357,6.010357000000001,6.010357000000001,0.0
672,train,501,5.38308,MIP2D-557-Cr1S2,CrS2,3,-2.9833,2.39978,5.38308,5.38308,0.0
673,train,1361,5.033147,MIP2D-604-Fe2Te2,Fe2Te2,4,-2.8418,2.191347,5.033147,5.033147,0.0
674,train,816,7.869109,MIP2D-1654-O8Ti4,O8Ti4,12,-6.2626,1.6065089999999997,7.869109,7.869109,0.0
675,train,341,6.390236,MIP2D-1102-Ag2Br2Se2,Ag2Br2Se2,6,-3.1507,3.239536,6.390236,6.390236,0.0
676,train,744,5.517804,MIP2D-239-Br6Pt2,Br6Pt2,8,-4.0309,1.486904,5.517804,5.517804,0.0
677,val,96,5.001107999999999,MIP2D-624-Ga2Te2,Ga2Te2,4,-2.5532,2.4479079999999995,5.001107999999999,5.001107999999999,0.0
678,train,1208,5.0892029999999995,MIP2D-1087-Te2Ti1,Te2Ti,3,-2.6878,2.4014029999999997,5.0892029999999995,5.0892029999999995,0.0
679,train,1352,4.883854,MIP2D-517-Cl6W2,Cl6W2,8,-2.995,1.8888540000000003,4.883854,4.883854,0.0
680,train,719,6.024929,MIP2D-1113-Al2Br2O2,Al2Br2O2,6,-3.4893,2.5356289999999997,6.024929,6.024929,0.0
681,train,1382,5.978454999999999,MIP2D-1410-Cl2Se2Sn2,Cl2Se2Sn2,6,-3.6536,2.3248549999999994,5.978454999999999,5.978454999999999,0.0
682,train,539,6.641067,MIP2D-1451-Cr2O6,Cr2O6,8,-4.5291,2.111967,6.641067,6.641067,0.0
683,train,263,5.6451329999999995,MIP2D-1823-Nb2Se2,Nb2Se2,4,-3.1828,2.462333,5.6451329999999995,5.6451329999999995,0.0
684,train,1424,9.106377,MIP2D-930-O2W1,O2W,3,-7.2178,1.8885770000000002,9.106377,9.106377,0.0
685,train,106,4.447993,MIP2D-129-Bi2Sn6,Bi2Sn6,8,-3.3443,1.1036930000000003,4.447993,4.447993,0.0
686,train,503,4.956718,MIP2D-826-Mn1Te2,MnTe2,3,-2.5203,2.4364179999999998,4.956718,4.956718,0.0
687,train,1281,7.501199,MIP2D-902-O2Pt1,O2Pt,3,-5.5289,1.972299,7.501199,7.501199,0.0
688,train,1221,7.812500999999999,MIP2D-397-Cl2Co1,Cl2Co,3,-5.6869,2.125601,7.812500999999999,7.812500999999999,0.0
689,train,1180,5.349959999999999,MIP2D-438-Cl2Rh1,Cl2Rh,3,-3.5892,1.7607599999999999,5.349959999999999,5.349959999999999,0.0
690,test,141,5.019724,MIP2D-553-Cr1I2,CrI2,3,-2.8595,2.1602240000000004,5.019724,5.019724,0.0
691,train,870,5.220304,MIP2D-785-I6W2,I6W2,8,-3.4288,1.7915039999999998,5.220304,5.220304,0.0
692,train,1158,5.385197,MIP2D-877-Ni1S2,NiS2,3,-3.4537,1.9314970000000002,5.385197,5.385197,0.0
693,val,111,5.291043,MIP2D-1243-Br2O2Ru2,Br2O2Ru2,6,-2.7385,2.552543,5.291043,5.291043,0.0
694,train,163,4.945081,MIP2D-1455-Cr2Se6,Cr2Se6,8,-2.669,2.2760810000000005,4.945081,4.945081,0.0
695,val,61,4.214311,MIP2D-1854-Pb2S2,Pb2S2,4,-2.9885,1.225811,4.214311,4.214311,0.0
696,train,516,3.615821,MIP2D-747-I2Zr1,I2Zr,3,-0.714,2.901821,3.615821,3.615821,0.0
697,test,146,3.6902690000000002,MIP2D-1702-Se2,Se2,2,-2.4931,1.1971690000000001,3.6902690000000002,3.6902690000000002,0.0
698,train,1075,6.037786,MIP2D-214-Br6Cr2,Br6Cr2,8,-4.5519,1.485886,6.037786,6.037786,0.0
699,train,1109,5.373049999999999,MIP2D-430-Cl2Os1,Cl2Os,3,-3.4391,1.9339499999999998,5.373049999999999,5.373049999999999,0.0
700,train,403,4.522848,MIP2D-54-As2Ge6,As2Ge6,8,-3.6083,0.9145480000000001,4.522848,4.522848,0.0
701,train,100,3.708698,MIP2D-1531-I2N2Ta2,I2N2Ta2,6,-1.0016,2.707098,3.708698,3.708698,0.0
702,train,533,4.7334879999999995,MIP2D-1578-I2S2Zr2,I2S2Zr2,6,-1.7569,2.976588,4.7334879999999995,4.7334879999999995,0.0
703,train,1439,5.353744,MIP2D-1580-I2Se2Sn2,I2Se2Sn2,6,-2.7068,2.646944,5.353744,5.353744,0.0
704,train,922,4.013014,MIP2D-999-Rh1Te2,RhTe2,3,-1.5151,2.4979139999999997,4.013014,4.013014,0.0
705,test,134,4.471224,MIP2D-1246-Br2O2Ta2,Br2O2Ta2,6,-1.8915,2.579724,4.471224,4.471224,0.0
706,train,935,5.231096000000001,MIP2D-1340-Cl2Ir2O2,Cl2Ir2O2,6,-3.0283,2.202796,5.231096000000001,5.231096000000001,0.0
707,train,628,5.504093,MIP2D-174-Br2Os1,Br2Os,3,-3.3884,2.1156930000000003,5.504093,5.504093,0.0
708,train,1341,5.227885000000001,MIP2D-972-Pd2Se2,Pd2Se2,4,-2.8057,2.4221850000000003,5.227885000000001,5.227885000000001,0.0
709,train,673,4.984501,MIP2D-1060-Se2Ta1,Se2Ta,3,-3.113,1.8715010000000003,4.984501,4.984501,0.0
710,train,394,4.539886,MIP2D-1076-Si2,Si2,2,-3.4937,1.046186,4.539886,4.539886,0.0
711,train,834,4.088278000000001,MIP2D-840-Mo1Te2,MoTe2,3,-1.1384,2.9498780000000004,4.088278000000001,4.088278000000001,0.0
712,train,1115,6.203492,MIP2D-1326-Cl2Ge2Se2,Cl2Ge2Se2,6,-3.98,2.223492,6.203492,6.203492,0.0
713,train,514,4.681691000000001,MIP2D-1664-Pb2Te6,Pb2Te6,8,-1.6193,3.0623910000000003,4.681691000000001,4.681691000000001,0.0
714,train,165,1.182303,MIP2D-1806-K2Mn2P2,K2Mn2P2,6,-0.1262,1.056103,1.182303,1.182303,0.0
715,train,1468,3.197007,MIP2D-663-Hf1I2,HfI2,3,-0.6817,2.5153070000000004,3.197007,3.197007,0.0
716,train,795,7.141496,MIP2D-81-Au2Cl6,Au2Cl6,8,-5.3312,1.8102959999999997,7.141496,7.141496,0.0
717,train,1369,6.102373,MIP2D-1297-Ca1I4Pb1,CaI4Pb,6,-4.2399,1.8624730000000003,6.102373,6.102373,0.0
718,train,86,6.661682,MIP2D-1335-Cl2In2N2,Cl2In2N2,6,-3.9206,2.741082,6.661682,6.661682,0.0
719,train,279,5.874777,MIP2D-1338-Cl2In2Se2,Cl2In2Se2,6,-3.6275,2.247277,5.874777,5.874777,0.0
720,train,1357,3.3461939999999997,MIP2D-707-I2Nb1,I2Nb,3,-0.4005,2.9456939999999996,3.3461939999999997,3.3461939999999997,0.0
721,train,1194,3.885301,MIP2D-458-Cl2W1,Cl2W,3,-1.2563,2.629001,3.885301,3.885301,0.0
722,train,621,4.608364,MIP2D-114-Bi2Ge6,Bi2Ge6,8,-3.6178,0.9905639999999998,4.608364,4.608364,0.0
723,train,770,6.952802999999999,MIP2D-1309-Cl2Cu2O2,Cl2Cu2O2,6,-4.7962,2.156603,6.952802999999999,6.952802999999999,0.0
724,train,928,5.151494,MIP2D-1481-Ge2I2N2,Ge2I2N2,6,-2.0859,3.065594,5.151494,5.151494,0.0
725,train,1393,7.3257200000000005,MIP2D-1492-Hf2O6,Hf2O6,8,-5.115,2.2107200000000002,7.3257200000000005,7.3257200000000005,0.0
726,val,74,5.482844,MIP2D-1584-I2Se2V2,I2Se2V2,6,-2.9638,2.519044,5.482844,5.482844,0.0
727,train,1077,6.270846000000001,MIP2D-1141-Au2Cl4,Au2Cl4,6,-4.7247,1.546146,6.270846000000001,6.270846000000001,0.0
728,test,93,6.405811999999999,MIP2D-1209-Br2Mn2O2,Br2Mn2O2,6,-4.0947,2.311112,6.405811999999999,6.405811999999999,0.0
729,train,620,6.298776999999999,MIP2D-1461-Dy2I2S2,Dy2I2S2,6,-3.9508,2.3479769999999998,6.298776999999999,6.298776999999999,0.0
730,train,151,2.777257,MIP2D-318-C1Ti2,CTi2,3,-0.9203,1.856957,2.777257,2.777257,0.0
731,train,150,6.854716,MIP2D-433-Cl2Pd1,Cl2Pd,3,-4.801,2.053716,6.854716,6.854716,0.0
732,train,23,6.894401,MIP2D-1638-O4Ru2,O4Ru2,6,-5.0517,1.842701,6.894401,6.894401,0.0
733,train,1399,4.516776,MIP2D-1863-Pt2Te2,Pt2Te2,4,-1.7673,2.7494759999999996,4.516776,4.516776,0.0
734,train,773,6.414575000000001,MIP2D-1199-Br2In2N2,Br2In2N2,6,-3.6759,2.7386750000000006,6.414575000000001,6.414575000000001,0.0
735,train,56,5.60435,MIP2D-1350-Cl2Mo2Se2,Cl2Mo2Se2,6,-3.2791,2.32525,5.60435,5.60435,0.0
736,test,136,3.859229,MIP2D-1722-Al1S1,AlS,2,-2.778,1.081229,3.859229,3.859229,0.0
737,train,159,2.1092560000000002,MIP2D-1738-Bi2O2Se1,Bi2O2Se,5,-1.9873,0.121956,2.1092560000000002,2.1092560000000002,0.0
738,train,375,7.225343,MIP2D-901-O2Pt1,O2Pt,3,-5.6014,1.623943,7.225343,7.225343,0.0
739,train,633,4.715616,MIP2D-1745-Br2O2Pu2,Br2O2Pu2,6,-1.3274,3.388216,4.715616,4.715616,0.0
740,train,1029,4.962263,MIP2D-182-Br2Re1,Br2Re,3,-2.2033,2.758963,4.962263,4.962263,0.0
741,test,116,4.9214269999999996,MIP2D-793-I7Ta3Te1,I7Ta3Te,11,-2.3327,2.588727,4.9214269999999996,4.9214269999999996,0.0
742,test,34,5.7340040000000005,MIP2D-7-Ag1Er1P2Se6,AgErP2Se6,10,-3.8701,1.8639040000000004,5.7340040000000005,5.7340040000000005,0.0
743,train,144,4.320301,MIP2D-94-B1Sb1,BSb,2,-3.1691,1.151201,4.320301,4.320301,0.0
744,val,155,3.531772,MIP2D-151-Br2Hf1,Br2Hf,3,-1.5222,2.0095720000000004,3.531772,3.531772,0.0
745,train,76,4.977336,MIP2D-1764-Cr2S2,Cr2S2,4,-3.5868,1.390536,4.977336,4.977336,0.0
746,train,1325,4.168764,MIP2D-444-Cl2Sc2,Cl2Sc2,4,-1.7781,2.390664,4.168764,4.168764,0.0
747,train,1401,7.854283,MIP2D-482-Cl6In2,Cl6In2,8,-6.2818,1.572483,7.854283,7.854283,0.0
748,test,96,5.299953,MIP2D-697-I2In1,I2In,3,-3.0967,2.203253,5.299953,5.299953,0.0
749,train,530,7.423436000000001,MIP2D-412-Cl2Hg1,Cl2Hg,3,-6.0435,1.3799360000000003,7.423436000000001,7.423436000000001,0.0
750,train,497,5.931344000000001,MIP2D-85-Au2O2,Au2O2,4,-3.8734,2.0579440000000004,5.931344000000001,5.931344000000001,0.0
751,train,64,5.8390640000000005,MIP2D-1135-Au2Br2S2,Au2Br2S2,6,-3.4724,2.366664,5.8390640000000005,5.8390640000000005,0.0
752,train,148,2.8125099999999996,MIP2D-1740-Br2Co1O2Sr2,Br2CoO2Sr2,7,-0.7985,2.01401,2.8125099999999996,2.8125099999999996,0.0
753,train,877,4.165708,MIP2D-1855-Pb2S2,Pb2S2,4,-2.3739,1.791808,4.165708,4.165708,0.0
754,train,231,5.885397,MIP2D-257-Br6V2,Br6V2,8,-4.3753,1.510097,5.885397,5.885397,0.0
755,train,532,6.952228,MIP2D-331-C2F2Mo3,C2F2Mo3,7,-0.4345,6.517728,6.952228,6.952228,0.0
756,train,1132,5.633535999999999,MIP2D-20-Ag2I6,Ag2I6,8,-3.6536,1.979936,5.633535999999999,5.633535999999999,0.0
757,train,1465,1.7171580000000002,MIP2D-349-C2H2O2Sc3,C2H2O2Sc3,9,0.4719,2.189058,1.7171580000000002,1.7171580000000002,0.0
758,train,953,7.3869560000000005,MIP2D-512-Cl6Ti2,Cl6Ti2,8,-5.7377,1.649256,7.3869560000000005,7.3869560000000005,0.0
759,test,94,4.9255759999999995,MIP2D-1004-Ru1S2,RuS2,3,-2.6881,2.2374759999999996,4.9255759999999995,4.9255759999999995,0.0
760,train,13,5.230432,MIP2D-1064-Se2Ti2,Se2Ti2,4,-2.3844,2.846032,5.230432,5.230432,0.0
761,train,404,3.646617,MIP2D-1433-Cl4Y2,Cl4Y2,6,-1.9314,1.7152170000000002,3.646617,3.646617,0.0
762,train,727,2.245657,MIP2D-1750-Ca2Mn2Si2,Ca2Mn2Si2,6,-0.3353,1.910357,2.245657,2.245657,0.0
763,train,261,5.877098,MIP2D-1773-Fe2S2,Fe2S2,4,-4.3755,1.501598,5.877098,5.877098,0.0
764,train,398,8.143766,MIP2D-916-O2Sn1,O2Sn,3,-6.2911,1.852666,8.143766,8.143766,0.0
765,val,119,7.637538,MIP2D-923-O2Ti1,O2Ti,3,-6.5396,1.097938,7.637538,7.637538,0.0
766,val,167,4.3849990000000005,MIP2D-991-Re1Te2,ReTe2,3,-1.4598,2.925199,4.3849990000000005,4.3849990000000005,0.0
767,train,897,5.347030999999999,MIP2D-1420-Cl4I4Ta2,Cl4I4Ta2,10,-4.1205,1.226531,5.347030999999999,5.347030999999999,0.0
768,train,624,6.011241,MIP2D-1508-I2In2S2,I2In2S2,6,-3.3149,2.6963410000000003,6.011241,6.011241,0.0
769,train,1124,4.748443,MIP2D-646-Ge2S2,Ge2S2,4,-2.2866,2.4618429999999996,4.748443,4.748443,0.0
770,train,582,4.567284000000001,MIP2D-1518-I2Mo2N2,I2Mo2N2,6,-1.4333,3.1339840000000003,4.567284000000001,4.567284000000001,0.0
771,train,1013,5.92552,MIP2D-225-Br6Ir2,Br6Ir2,8,-4.4026,1.5229199999999998,5.92552,5.92552,0.0
772,train,292,4.989164000000001,MIP2D-635-Ge1Te1,GeTe,2,-3.5327,1.4564640000000002,4.989164000000001,4.989164000000001,0.0
773,train,240,4.792745,MIP2D-960-Pb1Se2,PbSe2,3,-3.6221,1.170645,4.792745,4.792745,0.0
774,train,112,3.765118,MIP2D-1491-Hf2I4,Hf2I4,6,-1.4023,2.362818,3.765118,3.765118,0.0
775,train,858,4.0476410000000005,MIP2D-1522-I2N2Nb2,I2N2Nb2,6,-0.9398,3.1078410000000005,4.0476410000000005,4.0476410000000005,0.0
776,test,125,5.223929,MIP2D-1537-I2Nb2O4,I2Nb2O4,8,-1.6675,3.556429,5.223929,5.223929,0.0
777,val,29,4.602952,MIP2D-1907-Te2V2,Te2V2,4,-2.0984,2.504552,4.602952,4.602952,0.0
778,test,77,7.03674,MIP2D-3-Ag1Br2,AgBr2,3,-5.2482,1.7885399999999998,7.03674,7.03674,0.0
779,test,138,7.179787,MIP2D-592-Fe1O2,FeO2,3,-5.9749,1.204887,7.179787,7.179787,0.0
780,train,1197,5.507175000000001,MIP2D-1464-Er2Te6,Er2Te6,8,-0.2243,5.282875000000001,5.507175000000001,5.507175000000001,0.0
781,train,5,5.715412999999999,MIP2D-275-C1F2Mo2,CF2Mo2,5,-1.9639,3.751512999999999,5.715412999999999,5.715412999999999,0.0
782,test,16,3.8935939999999998,MIP2D-980-Pt1Te2,PtTe2,3,-1.6006,2.2929939999999998,3.8935939999999998,3.8935939999999998,0.0
783,train,975,6.196833,MIP2D-1366-Cl2N2Zr2,Cl2N2Zr2,6,-3.4663,2.730533,6.196833,6.196833,0.0
784,train,1375,5.065405,MIP2D-499-Cl6Re2,Cl6Re2,8,-3.5414,1.524005,5.065405,5.065405,0.0
785,train,1214,2.282811,MIP2D-733-I2Th1,I2Th,3,-1.4325,0.8503109999999999,2.282811,2.282811,0.0
786,train,763,3.145467,MIP2D-378-C2Y3,C2Y3,5,-1.0712,2.074267,3.145467,3.145467,0.0
787,train,1264,4.24546,MIP2D-648-Ge2Te2,Ge2Te2,4,-1.6224,2.6230599999999997,4.24546,4.24546,0.0
788,train,194,5.8939699999999995,MIP2D-701-I2Mg1,I2Mg,3,-3.8768,2.0171699999999997,5.8939699999999995,5.8939699999999995,0.0
789,test,17,4.310343000000001,MIP2D-847-Mo2Te2,Mo2Te2,4,0.012,4.322343000000001,4.310343000000001,4.310343000000001,0.0
790,train,426,6.45446,MIP2D-932-O2W2,O2W2,4,-3.674,2.78046,6.45446,6.45446,0.0
791,train,230,5.597473,MIP2D-147-Br2Ga1,Br2Ga,3,-3.9129,1.6845729999999999,5.597473,5.597473,0.0
792,train,820,3.629328,MIP2D-165-Br2Mo1,Br2Mo,3,-1.6436,1.985728,3.629328,3.629328,0.0
793,train,669,5.363130999999999,MIP2D-687-Hg1S1,HgS,2,-4.7761,0.5870310000000001,5.363130999999999,5.363130999999999,0.0
794,train,500,7.569381,MIP2D-908-O2Rh1,O2Rh,3,-5.4368,2.1325809999999996,7.569381,7.569381,0.0
795,train,968,5.315917000000001,MIP2D-952-P2Sn2,P2Sn2,4,-2.4912,2.8247170000000006,5.315917000000001,5.315917000000001,0.0
796,train,418,5.2073920000000005,MIP2D-963-Pb1Te2,PbTe2,3,-2.8761,2.331292,5.2073920000000005,5.2073920000000005,0.0
797,train,1181,6.265086,MIP2D-237-Br6Pd2,Br6Pd2,8,-4.6021,1.662986,6.265086,6.265086,0.0
798,train,1201,3.6104650000000005,MIP2D-388-Ca2N1,Ca2N,3,-1.9559,1.6545650000000003,3.6104650000000005,3.6104650000000005,0.0
799,train,1192,6.630276,MIP2D-49-As2Br6,As2Br6,8,-5.2103,1.4199759999999997,6.630276,6.630276,0.0
800,val,27,5.673091,MIP2D-593-Fe1S2,FeS2,3,-3.958,1.715091,5.673091,5.673091,0.0
801,train,751,4.485307,MIP2D-879-Ni1Se2,NiSe2,3,-3.0368,1.448507,4.485307,4.485307,0.0
802,train,63,7.595565,MIP2D-341-C2F6O6S2Zn1,C2F6O6S2Zn,17,-5.3468,2.2487649999999997,7.595565,7.595565,0.0
803,train,104,7.396006999999999,MIP2D-404-Cl2Fe1,Cl2Fe,3,-5.691,1.7050069999999997,7.396006999999999,7.396006999999999,0.0
804,train,644,6.146763,MIP2D-1016-S1Se1Zr1,SSeZr,3,-3.8994,2.247363,6.146763,6.146763,0.0
805,train,634,5.7587649999999995,MIP2D-1711-Se8Ti1Zr3,Se8TiZr3,12,-3.6807,2.0780649999999996,5.7587649999999995,5.7587649999999995,0.0
806,train,145,7.90615,MIP2D-385-Ca1Cl2,CaCl2,3,-6.335,1.5711499999999998,7.90615,7.90615,0.0
807,train,1173,5.044236000000001,MIP2D-722-I2Ru1,I2Ru,3,-2.8622,2.1820360000000005,5.044236000000001,5.044236000000001,0.0
808,train,11,4.314334,MIP2D-789-I6Zr2,I6Zr2,8,-2.0858,2.228534,4.314334,4.314334,0.0
809,train,47,5.170335,MIP2D-1110-Ag2I2Se2,Ag2I2Se2,6,-1.4719,3.698435,5.170335,5.170335,0.0
810,train,971,5.093105999999999,MIP2D-1395-Cl2Pt2Se2,Cl2Pt2Se2,6,-2.8421,2.2510059999999994,5.093105999999999,5.093105999999999,0.0
811,test,50,6.74657,MIP2D-206-Br2Zn1,Br2Zn,3,-5.3345,1.41207,6.74657,6.74657,0.0
812,train,900,7.6194239999999995,MIP2D-477-Cl6Ga2,Cl6Ga2,8,-6.0587,1.5607239999999998,7.6194239999999995,7.6194239999999995,0.0
813,train,1123,4.576770000000001,MIP2D-640-Ge2H2,H2Ge2,4,-3.5767,1.0000700000000002,4.576770000000001,4.576770000000001,0.0
814,train,371,5.73438,MIP2D-105-Bi1I1Te1,BiITe,3,-3.3984,2.3359799999999997,5.73438,5.73438,0.0
815,train,249,6.53704,MIP2D-1355-Cl2N2Pd2,Cl2N2Pd2,6,-3.963,2.57404,6.53704,6.53704,0.0
816,train,462,6.510261,MIP2D-31-Al2Br6,Al2Br6,8,-5.0779,1.432361,6.510261,6.510261,0.0
817,train,1362,6.7714859999999994,MIP2D-587-F2Sn2,F2Sn2,4,-5.2863,1.4851860000000001,6.7714859999999994,6.7714859999999994,0.0
818,test,35,5.074717,MIP2D-1494-Hf2Se6,Hf2Se6,8,-2.3177,2.7570170000000003,5.074717,5.074717,0.0
819,train,1354,5.585586000000001,MIP2D-1743-Br2N2Th2,Br2N2Th2,6,-2.9117,2.6738860000000004,5.585586000000001,5.585586000000001,0.0
820,train,254,6.1085460000000005,MIP2D-931-O2W1,O2W,3,-4.3139,1.7946460000000002,6.1085460000000005,6.1085460000000005,0.0
821,train,51,6.439514,MIP2D-1028-S2Ti1,S2Ti,3,-4.2409,2.198614,6.439514,6.439514,0.0
822,test,60,6.941705000000001,MIP2D-1138-Au2Cl2O2,Au2Cl2O2,6,-4.3719,2.569805,6.941705000000001,6.941705000000001,0.0
823,train,44,5.317826999999999,MIP2D-529-Co1Ga2Se4,CoGa2Se4,7,-1.4343,3.8835269999999995,5.317826999999999,5.317826999999999,0.0
824,train,914,5.014298,MIP2D-610-Ga1P1,GaP,2,-4.1111,0.9031980000000001,5.014298,5.014298,0.0
825,val,63,5.441997000000001,MIP2D-693-Hg1Te1,HgTe,2,-4.3383,1.1036970000000002,5.441997000000001,5.441997000000001,0.0
826,train,244,4.454272,MIP2D-44-As1Ga1,AsGa,2,-3.9938,0.46047200000000005,4.454272,4.454272,0.0
827,train,1509,3.73799,MIP2D-744-I2Y1,I2Y,3,-1.4327,2.30529,3.73799,3.73799,0.0
828,train,715,6.80614,MIP2D-910-O2Ru1,O2Ru,3,-4.9333,1.87284,6.80614,6.80614,0.0
829,train,1179,6.5493310000000005,MIP2D-216-Br6Cu2,Br6Cu2,8,-5.2535,1.2958310000000002,6.5493310000000005,6.5493310000000005,0.0
830,train,803,7.683713,MIP2D-33-Al2Cl6,Al2Cl6,8,-6.0393,1.6444130000000001,7.683713,7.683713,0.0
831,train,983,6.157356,MIP2D-958-Pb1Se1,PbSe,2,-3.8895,2.267856,6.157356,6.157356,0.0
832,train,1302,4.6485270000000005,MIP2D-1193-Br2Hf2S2,Br2Hf2S2,6,-2.3711,2.2774270000000003,4.6485270000000005,4.6485270000000005,0.0
833,val,36,6.1632359999999995,MIP2D-487-Cl6Mo2,Cl6Mo2,8,-4.5207,1.6425360000000002,6.1632359999999995,6.1632359999999995,0.0
834,val,80,4.511677,MIP2D-680-Hf2Se2,Hf2Se2,4,-1.955,2.5566769999999996,4.511677,4.511677,0.0
835,train,1209,3.111803,MIP2D-1842-O2V2,O2V2,4,-2.1657,0.9461030000000001,3.111803,3.111803,0.0
836,train,658,3.2378229999999997,MIP2D-321-C1Y2,CY2,3,-1.773,1.464823,3.2378229999999997,3.2378229999999997,0.0
837,train,1315,5.858283,MIP2D-1259-Br2Rh2S2,Br2Rh2S2,6,-3.2706,2.587683,5.858283,5.858283,0.0
838,train,416,4.381836,MIP2D-1573-I2S2Ta2,I2S2Ta2,6,-1.3364,3.0454359999999996,4.381836,4.381836,0.0
839,train,124,6.38423,MIP2D-1484-Hf1S8Ti3,HfS8Ti3,12,-4.2615,2.12273,6.38423,6.38423,0.0
840,train,454,4.939149,MIP2D-1719-Te6Zr2,Te6Zr2,8,-1.0449,3.894249,4.939149,4.939149,0.0
841,train,508,4.042231,MIP2D-1848-Os2Se2,Os2Se2,4,-2.2346,1.807631,4.042231,4.042231,0.0
842,val,72,4.607470999999999,MIP2D-62-As2Te3,As2Te3,5,-1.2162,3.3912709999999997,4.607470999999999,4.607470999999999,0.0
843,train,548,5.452966,MIP2D-595-Fe1Se2,FeSe2,3,-3.7733,1.6796660000000003,5.452966,5.452966,0.0
844,train,1381,7.133564999999999,MIP2D-427-Cl2Ni1,Cl2Ni,3,-5.1423,1.9912649999999998,7.133564999999999,7.133564999999999,0.0
845,train,1385,4.482137999999999,MIP2D-723-I2Ru1,I2Ru,3,-2.3823,2.0998379999999996,4.482137999999999,4.482137999999999,0.0
846,train,511,5.876354000000001,MIP2D-971-Pd2S2,Pd2S2,4,-3.0428,2.8335540000000004,5.876354000000001,5.876354000000001,0.0
847,train,905,6.025437999999999,MIP2D-1164-Bi2I2Se2,Bi2I2Se2,6,-3.4531,2.572338,6.025437999999999,6.025437999999999,0.0
848,train,716,8.010888,MIP2D-1380-Cl2O2Sc2,Cl2O2Sc2,6,-5.7513,2.259588,8.010888,8.010888,0.0
849,train,1267,6.866991,MIP2D-162-Br2Mg1,Br2Mg,3,-5.2672,1.599791,6.866991,6.866991,0.0
850,train,1210,7.8230889999999995,MIP2D-1640-O4Ti2,O4Ti2,6,-6.1795,1.6435889999999997,7.8230889999999995,7.8230889999999995,0.0
851,train,162,4.544376,MIP2D-344-C2H2Hf3O2,C2H2Hf3O2,9,-0.362,4.182376,4.544376,4.544376,0.0
852,train,1205,4.034143,MIP2D-1226-Br2N2Ta2,Br2N2Ta2,6,-1.915,2.1191429999999998,4.034143,4.034143,0.0
853,train,361,6.616553000000001,MIP2D-1641-O4V2,O4V2,6,-5.1104,1.506153,6.616553000000001,6.616553000000001,0.0
854,train,804,6.940194,MIP2D-255-Br6Tl2,Br6Tl2,8,-5.5902,1.3499940000000001,6.940194,6.940194,0.0
855,train,718,6.121356,MIP2D-1022-S2Sn1,S2Sn,3,-3.8156,2.3057559999999997,6.121356,6.121356,0.0
856,train,520,4.907546,MIP2D-1033-S2V2,S2V2,4,-2.4754,2.4321460000000004,4.907546,4.907546,0.0
857,train,869,5.822816,MIP2D-1229-Br2N2V2,Br2N2V2,6,-3.0787,2.7441160000000004,5.822816,5.822816,0.0
858,train,654,4.758549,MIP2D-1846-O6Pb4,O6Pb4,10,-2.6133,2.1452489999999997,4.758549,4.758549,0.0
859,train,1500,4.17991,MIP2D-882-Ni1Te2,NiTe2,3,-1.5247,2.65521,4.17991,4.17991,0.0
860,test,159,4.747918,MIP2D-1258-Br2Pt2Se2,Br2Pt2Se2,6,-2.5362,2.211718,4.747918,4.747918,0.0
861,train,1202,5.506079,MIP2D-1480-Ga2I2Se2,Ga2I2Se2,6,-3.0562,2.449879,5.506079,5.506079,0.0
862,train,1308,5.509848,MIP2D-1602-Ir2Se4,Ir2Se4,6,-3.4633,2.046548,5.509848,5.509848,0.0
863,train,52,6.538984,MIP2D-486-Cl6Mn2,Cl6Mn2,8,-4.9836,1.5553840000000003,6.538984,6.538984,0.0
864,train,1155,5.769043,MIP2D-905-O2Re1,O2Re,3,-3.7535,2.015543,5.769043,5.769043,0.0
865,test,174,4.096087,MIP2D-168-Br2Nb1,Br2Nb,3,-1.479,2.6170869999999997,4.096087,4.096087,0.0
866,test,147,5.790846999999999,MIP2D-393-Cd1I2,CdI2,3,-3.9082,1.882647,5.790846999999999,5.790846999999999,0.0
867,val,131,3.8147049999999996,MIP2D-582-Cu2Se2,Cu2Se2,4,-2.3545,1.4602049999999998,3.8147049999999996,3.8147049999999996,0.0
868,val,73,5.944865,MIP2D-831-Mo1N2,MoN2,3,-4.5068,1.438065,5.944865,5.944865,0.0
869,train,335,4.461316999999999,MIP2D-1489-Hf2I2S2,Hf2I2S2,6,-1.7986,2.662717,4.461316999999999,4.461316999999999,0.0
870,train,844,5.746352,MIP2D-1677-Rh2S6,Rh2S6,8,-2.8077,2.938652,5.746352,5.746352,0.0
871,train,1257,3.747954,MIP2D-1785-Hf2S2,Hf2S2,4,-2.5043,1.243654,3.747954,3.747954,0.0
872,train,1051,4.930926,MIP2D-1814-Mn2Se2,Mn2Se2,4,-3.2179,1.713026,4.930926,4.930926,0.0
873,train,845,3.510997,MIP2D-299-C1Ho2,CHo2,3,-1.6903,1.8206970000000002,3.510997,3.510997,0.0
874,train,1239,1.7369670000000001,MIP2D-356-C2H2O2Zr3,C2H2O2Zr3,9,1.9658,3.702767,1.7369670000000001,1.7369670000000001,0.0
875,train,629,4.701174,MIP2D-721-I2Rh1,I2Rh,3,-2.5142,2.186974,4.701174,4.701174,0.0
876,train,1417,1.9783299999999997,MIP2D-1810-Mn2Na2P2,Mn2Na2P2,6,-0.523,1.4553299999999998,1.9783299999999997,1.9783299999999997,0.0
877,train,183,4.9871609999999995,MIP2D-488-Cl6Mo2,Cl6Mo2,8,-2.9292,2.0579609999999997,4.9871609999999995,4.9871609999999995,0.0
878,test,37,5.048755,MIP2D-957-Pb1S2,PbS2,3,-3.8224,1.2263549999999999,5.048755,5.048755,0.0
879,train,128,7.5733299999999995,MIP2D-485-Cl6Mn2,Cl6Mn2,8,-5.9979,1.57543,7.5733299999999995,7.5733299999999995,0.0
880,train,600,5.355847000000001,MIP2D-544-Co2I6,Co2I6,8,-3.3391,2.016747,5.355847000000001,5.355847000000001,0.0
881,train,1405,4.178299,MIP2D-988-Re1Se2,ReSe2,3,-1.9837,2.1945989999999997,4.178299,4.178299,0.0
882,train,693,5.722233,MIP2D-1509-I2In2Se2,I2In2Se2,6,-3.2107,2.511533,5.722233,5.722233,0.0
883,val,75,5.005529,MIP2D-1596-I4Ti2,I4Ti2,6,-3.0657,1.939829,5.005529,5.005529,0.0
884,train,1324,4.009856,MIP2D-1727-Ba1O2,BaO2,3,-3.272,0.7378560000000001,4.009856,4.009856,0.0
885,train,586,6.053801,MIP2D-243-Br6Rh2,Br6Rh2,8,-4.7386,1.315201,6.053801,6.053801,0.0
886,train,28,5.92833,MIP2D-39-Al2S2,Al2S2,4,-3.4005,2.52783,5.92833,5.92833,0.0
887,train,214,5.303704,MIP2D-1143-Au2I2O2,Au2I2O2,6,-2.5527,2.7510039999999996,5.303704,5.303704,0.0
888,train,1104,5.3426,MIP2D-715-I2Pd1,I2Pd,3,-2.9885,2.3541,5.3426,5.3426,0.0
889,train,284,7.338674,MIP2D-1435-Cl6Dy2,Cl6Dy2,8,-5.6517,1.686974,7.338674,7.338674,0.0
890,train,1342,4.986565,MIP2D-1663-Pb2Se6,Pb2Se6,8,-2.6281,2.358465,4.986565,4.986565,0.0
891,val,186,7.242033,MIP2D-820-Mn1O2,MnO2,3,-5.7499,1.4921330000000002,7.242033,7.242033,0.0
892,train,1100,7.513748,MIP2D-933-O2Zr1,O2Zr,3,-5.9144,1.599348,7.513748,7.513748,0.0
893,train,1184,4.536479,MIP2D-1274-Br2Se2Ta2,Br2Se2Ta2,6,-2.1957,2.3407789999999995,4.536479,4.536479,0.0
894,train,1339,6.0412989999999995,MIP2D-799-In2S2,In2S2,4,-3.3768,2.6644989999999997,6.0412989999999995,6.0412989999999995,0.0
895,train,832,4.789671,MIP2D-1590-I4O2Ta2,I4O2Ta2,8,-2.691,2.098671,4.789671,4.789671,0.0
896,train,250,4.303985,MIP2D-614-Ga2Mn1S4,Ga2MnS4,7,-0.686,3.617985,4.303985,4.303985,0.0
897,train,132,5.397817999999999,MIP2D-1067-Se2V1,Se2V,3,-3.3185,2.0793179999999998,5.397817999999999,5.397817999999999,0.0
898,val,118,5.7705090000000006,MIP2D-1136-Au2Br2Se2,Au2Br2Se2,6,-3.4508,2.3197090000000005,5.7705090000000006,5.7705090000000006,0.0
899,train,197,9.515794,MIP2D-1845-O3Pb1Ti1,O3PbTi,5,-4.5028,5.012994000000001,9.515794,9.515794,0.0
900,train,437,5.554481999999999,MIP2D-844-Mo2S2,Mo2S2,4,-1.6003,3.9541819999999994,5.554481999999999,5.554481999999999,0.0
901,train,1226,4.400256,MIP2D-954-P2Sn6,P2Sn6,8,-3.3322,1.068056,4.400256,4.400256,0.0
902,train,74,5.743695000000001,MIP2D-1191-Br2Hf2N2,Br2Hf2N2,6,-3.5055,2.238195,5.743695000000001,5.743695000000001,0.0
903,train,259,4.1524920000000005,MIP2D-1250-Br2O2W2,Br2O2W2,6,-1.6658,2.4866920000000006,4.1524920000000005,4.1524920000000005,0.0
904,train,312,5.820272,MIP2D-1553-I2O2Tl2,I2O2Tl2,6,-3.0243,2.795972,5.820272,5.820272,0.0
905,train,1419,6.8940529999999995,MIP2D-372-C2O6V1,C2O6V,9,-5.4152,1.4788530000000002,6.8940529999999995,6.8940529999999995,0.0
906,train,1290,4.2164150000000005,MIP2D-759-I6Nb2,I6Nb2,8,-1.9163,2.3001150000000004,4.2164150000000005,4.2164150000000005,0.0
907,train,1241,5.962548000000001,MIP2D-1013-S1Se1Ti1,SSeTi,3,-4.0227,1.9398480000000002,5.962548000000001,5.962548000000001,0.0
908,val,47,5.58982,MIP2D-1682-Ru2S4,Ru2S4,6,-3.3534,2.23642,5.58982,5.58982,0.0
909,train,776,5.011054,MIP2D-1704-Se4W2,Se4W2,6,-2.9582,2.0528539999999995,5.011054,5.011054,0.0
910,train,780,6.451729,MIP2D-1292-Br6Sm2,Br6Sm2,8,-4.8408,1.610929,6.451729,6.451729,0.0
911,train,489,6.010268999999999,MIP2D-1544-I2O2Pb2,I2O2Pb2,6,-2.9981,3.0121689999999997,6.010268999999999,6.010268999999999,0.0
912,train,576,8.212719,MIP2D-917-O2Sn1,O2Sn,3,-6.0913,2.1214190000000004,8.212719,8.212719,0.0
913,train,110,5.83747,MIP2D-1032-S2V1,S2V,3,-3.5789,2.2585699999999997,5.83747,5.83747,0.0
914,train,1237,6.314568,MIP2D-1167-Br2Co2O2,Br2Co2O2,6,-3.9697,2.3448680000000004,6.314568,6.314568,0.0
915,train,399,6.412901,MIP2D-1352-Cl2N2Ni2,Cl2N2Ni2,6,-3.9956,2.4173009999999997,6.412901,6.412901,0.0
916,train,593,6.311587,MIP2D-139-Br2Co1,Br2Co,3,-4.3497,1.9618870000000002,6.311587,6.311587,0.0
917,train,241,4.040877999999999,MIP2D-1802-Ir2S2,Ir2S2,4,-2.2466,1.7942779999999998,4.040877999999999,4.040877999999999,0.0
918,train,1062,6.684506999999999,MIP2D-1176-Br2Cu2S2,Br2Cu2S2,6,-3.7798,2.9047069999999993,6.684506999999999,6.684506999999999,0.0
919,val,55,5.356040999999999,MIP2D-1471-Fe2S6,Fe2S6,8,-2.9422,2.4138409999999997,5.356040999999999,5.356040999999999,0.0
920,test,157,5.256850999999999,MIP2D-1813-Mn2S2,Mn2S2,4,-3.9463,1.3105509999999998,5.256850999999999,5.256850999999999,0.0
921,train,565,4.870885,MIP2D-796-In1Sb1,InSb,2,-3.4399,1.430985,4.870885,4.870885,0.0
922,train,1234,5.037863,MIP2D-1369-Cl2Nb2Se2,Cl2Nb2Se2,6,-2.2925,2.745363,5.037863,5.037863,0.0
923,train,66,6.510518,MIP2D-220-Br6Ga2,Br6Ga2,8,-5.1249,1.3856180000000002,6.510518,6.510518,0.0
924,train,1088,4.013183,MIP2D-58-As2Pb6,As2Pb6,8,-3.196,0.817183,4.013183,4.013183,0.0
925,val,116,5.813397,MIP2D-780-I6Ti2,I6Ti2,8,-4.0215,1.791897,5.813397,5.813397,0.0
926,train,458,5.063879,MIP2D-1861-Pt2S2,Pt2S2,4,-3.6369,1.426979,5.063879,5.063879,0.0
927,train,638,7.11831,MIP2D-914-O2Sc1,O2Sc,3,-5.7949,1.32341,7.11831,7.11831,0.0
928,train,749,6.508093000000001,MIP2D-1219-Br2N2Pb2,Br2N2Pb2,6,-3.9062,2.601893,6.508093000000001,6.508093000000001,0.0
929,test,99,4.861779,MIP2D-1348-Cl2Mo2O2,Cl2Mo2O2,6,-1.9805,2.881279,4.861779,4.861779,0.0
930,val,184,4.1920779999999995,MIP2D-334-C2F2Ta3,C2F2Ta3,7,-0.752,3.4400779999999997,4.1920779999999995,4.1920779999999995,0.0
931,train,964,3.4031720000000005,MIP2D-410-Cl2Hf1,Cl2Hf,3,-1.4507,1.9524720000000002,3.4031720000000005,3.4031720000000005,0.0
932,val,25,7.223898,MIP2D-511-Cl6Ti2,Cl6Ti2,8,-5.3384,1.8854979999999997,7.223898,7.223898,0.0
933,train,1268,5.277358,MIP2D-1381-Cl2O2Sn2,Cl2O2Sn2,6,-2.6548,2.6225580000000006,5.277358,5.277358,0.0
934,train,856,4.738303,MIP2D-1706-Se6Ti2,Se6Ti2,8,-1.8939,2.844403,4.738303,4.738303,0.0
935,train,1248,5.076399,MIP2D-75-Au1Se2,AuSe2,3,-3.2707,1.8056990000000002,5.076399,5.076399,0.0
936,train,890,4.597125,MIP2D-1871-Ru2Se2,Ru2Se2,4,-2.5103,2.086825,4.597125,4.597125,0.0
937,train,1482,5.619408,MIP2D-691-Hg1Se2,HgSe2,3,-4.1826,1.436808,5.619408,5.619408,0.0
938,train,842,5.592273,MIP2D-548-Co2Se2,Co2Se2,4,-3.711,1.8812729999999998,5.592273,5.592273,0.0
939,train,1478,5.925048,MIP2D-777-I6Sc2,I6Sc2,8,-4.2652,1.6598479999999998,5.925048,5.925048,0.0
940,test,48,4.617358,MIP2D-874-Nb2Te2,Nb2Te2,4,-0.2445,4.372858,4.617358,4.617358,0.0
941,test,128,5.685122,MIP2D-1237-Br2Ni2Se2,Br2Ni2Se2,6,-3.4588,2.226322,5.685122,5.685122,0.0
942,train,1102,6.405989999999999,MIP2D-1399-Cl2Ru2S2,Cl2Ru2S2,6,-3.6218,2.7841899999999997,6.405989999999999,6.405989999999999,0.0
943,train,1370,5.541492999999999,MIP2D-1507-I2In2O2,I2In2O2,6,-2.5128,3.0286929999999996,5.541492999999999,5.541492999999999,0.0
944,train,789,5.207072999999999,MIP2D-1542-I2Ni2Se2,I2Ni2Se2,6,-2.6228,2.584273,5.207072999999999,5.207072999999999,0.0
945,train,939,4.7716769999999995,MIP2D-1732-Bi1Se1,BiSe,2,-3.4427,1.3289769999999999,4.7716769999999995,4.7716769999999995,0.0
946,train,1167,4.028881,MIP2D-948-P2Pb6,P2Pb6,8,-3.1646,0.8642809999999999,4.028881,4.028881,0.0
947,test,78,6.297025,MIP2D-1152-Bi2Br2S2,Bi2Br2S2,6,-4.4616,1.835425,6.297025,6.297025,0.0
948,val,50,4.370542,MIP2D-1496-Hf2Te10,Hf2Te10,12,-2.0224,2.348142,4.370542,4.370542,0.0
949,train,350,5.918076000000001,MIP2D-1517-I2Mn2Se2,I2Mn2Se2,6,-3.2158,2.7022760000000003,5.918076000000001,5.918076000000001,0.0
950,train,917,3.55265,MIP2D-1885-S6Sn2Tl8,S6Sn2Tl8,16,-1.5553,1.9973499999999997,3.55265,3.55265,0.0
951,train,381,4.361254,MIP2D-109-Bi2C6,C6Bi2,8,-3.2656,1.095654,4.361254,4.361254,0.0
952,train,1253,4.592821,MIP2D-1666-Pt2Se6,Pt2Se6,8,-2.0526,2.540221,4.592821,4.592821,0.0
953,train,1292,3.810789,MIP2D-1849-Os2Te2,Os2Te2,4,-1.6987,2.112089,3.810789,3.810789,0.0
954,train,318,5.552497000000001,MIP2D-784-I6V2,I6V2,8,-3.6291,1.923397,5.552497000000001,5.552497000000001,0.0
955,train,1206,4.132186,MIP2D-1040-Sb1,Sb,1,-2.8401,1.2920859999999998,4.132186,4.132186,0.0
956,train,902,6.351443,MIP2D-1397-Cl2Rh2Se2,Cl2Rh2Se2,6,-3.9139,2.4375430000000002,6.351443,6.351443,0.0
957,val,71,6.290907000000001,MIP2D-1698-S8Ti1Zr3,S8TiZr3,12,-4.1763,2.114607,6.290907000000001,6.290907000000001,0.0
958,train,1177,5.875287999999999,MIP2D-1277-Br2Se2V2,Br2Se2V2,6,-3.5021,2.373188,5.875287999999999,5.875287999999999,0.0
959,test,14,7.160025,MIP2D-191-Br2Sr1,Br2Sr,3,-5.9086,1.251425,7.160025,7.160025,0.0
960,train,477,4.759512000000001,MIP2D-1083-Ta1Te2,TaTe2,3,-2.3349,2.424612,4.759512000000001,4.759512000000001,0.0
961,train,411,5.5688,MIP2D-226-Br6Ir2,Br6Ir2,8,-3.9018,1.6670000000000003,5.5688,5.5688,0.0
962,train,925,5.931841,MIP2D-751-I6In2,I6In2,8,-4.1157,1.8161409999999996,5.931841,5.931841,0.0
963,train,281,5.65374,MIP2D-836-Mo1S2,MoS2,3,-3.1049,2.5488399999999998,5.65374,5.65374,0.0
964,train,1373,4.401625,MIP2D-1856-Pb2Se2,Pb2Se2,4,-3.1448,1.256825,4.401625,4.401625,0.0
965,train,645,7.228517,MIP2D-228-Br6Mn2,Br6Mn2,8,-5.3461,1.8824170000000002,7.228517,7.228517,0.0
966,train,936,4.7284299999999995,MIP2D-333-C2F2Sc3,C2F2Sc3,7,-1.9248,2.8036299999999996,4.7284299999999995,4.7284299999999995,0.0
967,train,1017,1.347931,MIP2D-271-C1Cr2H2O2,CH2Cr2O2,7,0.3899,1.737831,1.347931,1.347931,0.0
968,train,526,2.211959,MIP2D-288-C1H2Nb2O2,CH2Nb2O2,7,0.666,2.8779589999999997,2.211959,2.211959,0.0
969,val,83,7.2486,MIP2D-32-Al2Cl6,Al2Cl6,8,-5.7585,1.4901,7.2486,7.2486,0.0
970,train,1287,4.935469,MIP2D-559-Cr1Se2,CrSe2,3,-2.737,2.1984690000000002,4.935469,4.935469,0.0
971,train,22,4.340674,MIP2D-695-Hg1Te2,HgTe2,3,-1.8367,2.503974,4.340674,4.340674,0.0
972,train,981,6.473568,MIP2D-1428-Cl4Sn2,Cl4Sn2,6,-5.0147,1.458868,6.473568,6.473568,0.0
973,train,1235,1.9167500000000004,MIP2D-1805-K2Mg2Sb2,K2Mg2Sb2,6,-0.6484,1.2683500000000003,1.9167500000000004,1.9167500000000004,0.0
974,val,137,5.569896999999999,MIP2D-534-Co1I2,CoI2,3,-3.3846,2.185297,5.569896999999999,5.569896999999999,0.0
975,train,30,5.864788000000001,MIP2D-631-Ge1S2,GeS2,3,-3.733,2.1317880000000002,5.864788000000001,5.864788000000001,0.0
976,train,1064,5.0965430000000005,MIP2D-766-I6Pt2,I6Pt2,8,-3.003,2.093543,5.0965430000000005,5.0965430000000005,0.0
977,val,3,4.916717,MIP2D-123-Bi2S2,Bi2S2,4,-1.8382,3.078517,4.916717,4.916717,0.0
978,train,461,5.666729999999999,MIP2D-1253-Br2Os2Se2,Br2Os2Se2,6,-3.3309,2.3358299999999996,5.666729999999999,5.666729999999999,0.0
979,train,257,6.447363,MIP2D-1346-Cl2Mn2Se2,Cl2Mn2Se2,6,-4.1527,2.294663,6.447363,6.447363,0.0
980,train,71,6.258857000000001,MIP2D-1485-Hf1S8Zr3,HfS8Zr3,12,-4.2441,2.0147570000000004,6.258857000000001,6.258857000000001,0.0
981,train,889,5.275281,MIP2D-1126-Al6I2Te6,Al6I2Te6,14,-2.4473,2.827981,5.275281,5.275281,0.0
982,train,203,7.867132,MIP2D-1312-Cl2Er2O2,Cl2Er2O2,6,-5.7169,2.1502320000000004,7.867132,7.867132,0.0
983,train,236,4.934785,MIP2D-21-Al1As1,AlAs,2,-3.9996,0.935185,4.934785,4.934785,0.0
984,train,313,6.211913,MIP2D-586-F2Si2,F2Si2,4,-4.7008,1.511113,6.211913,6.211913,0.0
985,train,907,7.754842,MIP2D-896-O2Pb1,O2Pb,3,-6.1137,1.6411419999999999,7.754842,7.754842,0.0
986,val,34,6.41929,MIP2D-1178-Br2Dy2S2,Br2Dy2S2,6,-4.4585,1.9607899999999998,6.41929,6.41929,0.0
987,train,67,5.103409,MIP2D-1247-Br2O2Ti2,Br2O2Ti2,6,-2.4679,2.635509,5.103409,5.103409,0.0
988,train,631,3.5958049999999995,MIP2D-459-Cl2W1,Cl2W,3,-1.3047,2.2911049999999995,3.5958049999999995,3.5958049999999995,0.0
989,train,1001,7.722500999999999,MIP2D-5-Ag1Cl2,AgCl2,3,-5.7321,1.9904009999999996,7.722500999999999,7.722500999999999,0.0
990,train,861,5.744279,MIP2D-903-O2Pt2,O2Pt2,4,-2.9894,2.754879,5.744279,5.744279,0.0
991,train,1096,4.4167309999999995,MIP2D-61-As2Sn6,As2Sn6,8,-3.3547,1.0620309999999997,4.4167309999999995,4.4167309999999995,0.0
992,train,1036,5.329898,MIP2D-1203-Br2Ir2N2,Br2Ir2N2,6,-2.8044,2.5254980000000002,5.329898,5.329898,0.0
993,train,1229,6.090311,MIP2D-1231-Br2N2Zr2,Br2N2Zr2,6,-3.3712,2.719111,6.090311,6.090311,0.0
994,train,475,4.491784,MIP2D-1505-I10Pr4,I10Pr4,14,-0.0042,4.487584,4.491784,4.491784,0.0
995,val,90,4.933451,MIP2D-1707-Se6U2,Se6U2,8,-1.6822,3.251251,4.933451,4.933451,0.0
996,val,145,6.6706319999999995,MIP2D-556-Cr1S2,CrS2,3,-4.313,2.357632,6.6706319999999995,6.6706319999999995,0.0
997,val,17,7.121364,MIP2D-626-Ge1O1,GeO,2,-5.1128,2.0085640000000002,7.121364,7.121364,0.0
998,train,1022,4.729855,MIP2D-716-I2Pt1,I2Pt,3,-2.532,2.1978549999999997,4.729855,4.729855,0.0
999,train,1079,5.934008,MIP2D-739-I2V1,I2V,3,-3.3078,2.6262080000000005,5.934008,5.934008,0.0
1000,train,1187,5.802753,MIP2D-86-Au2S2,Au2S2,4,-3.6464,2.156353,5.802753,5.802753,0.0
1001,val,158,5.468608999999999,MIP2D-306-C1Nb2S2,CNb2S2,5,-1.5427,3.9259089999999994,5.468608999999999,5.468608999999999,0.0
1002,train,291,4.463979,MIP2D-944-Os2S2,Os2S2,4,-2.0899,2.374079,4.463979,4.463979,0.0
1003,train,333,4.908104,MIP2D-1605-Ir2Te4,Ir2Te4,6,-2.5865,2.3216040000000002,4.908104,4.908104,0.0
1004,train,1106,3.6276080000000004,MIP2D-382-C6P2,C6P2,8,-2.5478,1.079808,3.6276080000000004,3.6276080000000004,0.0
1005,train,598,4.199253000000001,MIP2D-1434-Cl4Zr2,Cl4Zr2,6,-1.9949,2.2043530000000002,4.199253000000001,4.199253000000001,0.0
1006,train,1063,5.236174999999999,MIP2D-1583-I2Se2Tl2,I2Se2Tl2,6,-2.3408,2.8953749999999996,5.236174999999999,5.236174999999999,0.0
1007,train,699,6.108727999999999,MIP2D-177-Br2Pd1,Br2Pd,3,-4.2597,1.849028,6.108727999999999,6.108727999999999,0.0
1008,train,232,6.804696,MIP2D-925-O2Tl2,O2Tl2,4,-4.4974,2.307296,6.804696,6.804696,0.0
1009,train,456,5.058127,MIP2D-1062-Se2Ti1,Se2Ti,3,-3.1431,1.9150269999999998,5.058127,5.058127,0.0
1010,train,93,6.487079,MIP2D-1195-Br2Hg2N2,Br2Hg2N2,6,-4.4909,1.9961789999999997,6.487079,6.487079,0.0
1011,test,30,4.718656,MIP2D-1687-Ru2Te6,Ru2Te6,8,-0.9584,3.7602560000000005,4.718656,4.718656,0.0
1012,train,496,6.805162000000001,MIP2D-219-Br6Ga2,Br6Ga2,8,-5.3295,1.4756620000000003,6.805162000000001,6.805162000000001,0.0
1013,train,1263,5.355587,MIP2D-634-Ge1Se2,GeSe2,3,-3.4466,1.9089870000000002,5.355587,5.355587,0.0
1014,train,180,4.942173,MIP2D-696-I2In1,I2In,3,-2.9466,1.9955730000000003,4.942173,4.942173,0.0
1015,train,543,4.225281,MIP2D-1080-Sn2,Sn2,2,-3.0803,1.144981,4.225281,4.225281,0.0
1016,train,299,6.252203,MIP2D-1170-Br2Cr2N2,Br2Cr2N2,6,-3.9502,2.302003,6.252203,6.252203,0.0
1017,train,714,3.453564,MIP2D-450-Cl2Ta1,Cl2Ta,3,-1.2297,2.223864,3.453564,3.453564,0.0
1018,train,689,7.220375,MIP2D-1384-Cl2O2Tl2,Cl2O2Tl2,6,-4.8294,2.390975,7.220375,7.220375,0.0
1019,train,730,4.415898,MIP2D-1815-Mn2Te2,Mn2Te2,4,-3.1125,1.303398,4.415898,4.415898,0.0
1020,train,408,4.902629,MIP2D-829-Mn2Se2,Mn2Se2,4,-2.8996,2.003029,4.902629,4.902629,0.0
1021,train,320,4.830645,MIP2D-1061-Se2Ta2,Se2Ta2,4,-1.9078,2.9228449999999997,4.830645,4.830645,0.0
1022,train,812,3.698477,MIP2D-1592-I4Re2,I4Re2,6,-1.4489,2.249577,3.698477,3.698477,0.0
1023,test,51,5.375322000000001,MIP2D-267-C1Cl2Lu2,CCl2Lu2,5,-2.9266,2.448722,5.375322000000001,5.375322000000001,0.0
1024,train,872,5.291043,MIP2D-1700-Sc2Se6,Sc2Se6,8,-2.49,2.801043,5.291043,5.291043,0.0
1025,train,72,7.215067,MIP2D-192-Br2Sr1,Br2Sr,3,-5.7621,1.4529670000000001,7.215067,7.215067,0.0
1026,val,179,5.807924,MIP2D-1356-Cl2N2Pt2,Cl2N2Pt2,6,-3.1416,2.666324,5.807924,5.807924,0.0
1027,train,268,6.230867,MIP2D-1405-Cl2S2Tl2,Cl2S2Tl2,6,-3.4264,2.804467,6.230867,6.230867,0.0
1028,train,518,5.570133,MIP2D-1458-Cu2I2O2,Cu2I2O2,6,-2.676,2.894133,5.570133,5.570133,0.0
1029,train,664,4.023394,MIP2D-283-C1F2Y2,CF2Y2,5,-2.2928,1.730594,4.023394,4.023394,0.0
1030,val,2,6.268991,MIP2D-894-O2Os1,O2Os,3,-4.5292,1.7397909999999999,6.268991,6.268991,0.0
1031,train,826,5.902315,MIP2D-403-Cl2Fe1,Cl2Fe,3,-4.1041,1.7982150000000001,5.902315,5.902315,0.0
1032,train,19,5.157082000000001,MIP2D-601-Fe2P2Se6,Fe2P2Se6,10,-3.2923,1.8647820000000004,5.157082000000001,5.157082000000001,0.0
1033,train,537,5.364959000000001,MIP2D-1221-Br2N2Pt2,Br2N2Pt2,6,-2.7503,2.614659,5.364959000000001,5.364959000000001,0.0
1034,train,1240,6.237413999999999,MIP2D-1533-I2N2Tl2,I2N2Tl2,6,-3.0161,3.2213139999999996,6.237413999999999,6.237413999999999,0.0
1035,test,168,4.61638,MIP2D-1547-I2O2Rh2,I2O2Rh2,6,-1.721,2.8953800000000003,4.61638,4.61638,0.0
1036,train,1434,5.475116,MIP2D-1612-Mn2S6,Mn2S6,8,-3.5306,1.9445160000000001,5.475116,5.475116,0.0
1037,train,1471,4.250329999999999,MIP2D-1668-Pt2Te6,Pt2Te6,8,-0.9709,3.279429999999999,4.250329999999999,4.250329999999999,0.0
1038,train,468,5.29814,MIP2D-1552-I2O2Ti2,I2O2Ti2,6,-2.3426,2.95554,5.29814,5.29814,0.0
1039,train,1317,4.17358,MIP2D-1832-O2Pb2,O2Pb2,4,-2.7185,1.45508,4.17358,4.17358,0.0
1040,val,176,4.787191,MIP2D-1006-Ru1Se2,RuSe2,3,-2.3885,2.398691,4.787191,4.787191,0.0
1041,train,1517,4.892144,MIP2D-1840-O2Ta2,O2Ta2,4,-3.5812,1.310944,4.892144,4.892144,0.0
1042,train,680,2.927732,MIP2D-380-C6N2,C6N2,8,-1.9197,1.008032,2.927732,2.927732,0.0
1043,train,332,4.239034,MIP2D-121-Bi2Pb6,Bi2Pb6,8,-3.3391,0.899934,4.239034,4.239034,0.0
1044,test,31,3.190356,MIP2D-101-Ba2N1,Ba2N,3,-1.515,1.675356,3.190356,3.190356,0.0
1045,train,778,5.840552000000001,MIP2D-1392-Cl2Pd2S2,Cl2Pd2S2,6,-3.4497,2.390852,5.840552000000001,5.840552000000001,0.0
1046,train,713,4.079867999999999,MIP2D-611-Ga2I2Y2,Ga2I2Y2,6,-0.7865,3.2933679999999996,4.079867999999999,4.079867999999999,0.0
1047,train,1288,6.347449,MIP2D-1769-F2I2Sr2,F2I2Sr2,6,-3.8318,2.5156490000000002,6.347449,6.347449,0.0
1048,train,1337,5.095935999999999,MIP2D-266-C18,C18,18,-4.4994,0.5965359999999998,5.095935999999999,5.095935999999999,0.0
1049,train,894,7.143342,MIP2D-301-C1Mn2O2,CMn2O2,5,-4.4473,2.6960419999999994,7.143342,7.143342,0.0
1050,train,33,5.867414,MIP2D-803-In2Se3,In2Se3,5,-2.7941,3.073314,5.867414,5.867414,0.0
1051,train,915,4.486688,MIP2D-1216-Br2N2Nb2,Br2N2Nb2,6,-1.8429,2.643788,4.486688,4.486688,0.0
1052,train,430,6.573514,MIP2D-1228-Br2N2Tl2,Br2N2Tl2,6,-4.107,2.466514,6.573514,6.573514,0.0
1053,val,94,4.147013,MIP2D-1283-Br4Mo2,Br4Mo2,6,-2.0808,2.0662130000000003,4.147013,4.147013,0.0
1054,train,572,6.049983,MIP2D-547-Co2S2,Co2S2,4,-3.8627,2.1872830000000003,6.049983,6.049983,0.0
1055,train,515,5.615721,MIP2D-1197-Br2Hg2S2,Br2Hg2S2,6,-3.211,2.404721,5.615721,5.615721,0.0
1056,train,1283,5.745544,MIP2D-180-Br2Pt1,Br2Pt,3,-3.7883,1.957244,5.745544,5.745544,0.0
1057,train,305,5.0330189999999995,MIP2D-1816-Mo2O2,Mo2O2,4,-3.4231,1.609919,5.0330189999999995,5.0330189999999995,0.0
1058,train,172,4.917527,MIP2D-982-Pt2Se2,Pt2Se2,4,-2.5046,2.4129270000000003,4.917527,4.917527,0.0
1059,train,1071,5.353054,MIP2D-1444-Co2Te4,Co2Te4,6,-2.5602,2.7928540000000006,5.353054,5.353054,0.0
1060,val,117,4.373207,MIP2D-535-Co1Nb2S4,CoNb2S4,7,0.1595,4.532707,4.373207,4.373207,0.0
1061,train,1254,5.385495000000001,MIP2D-752-I6Ir2,I6Ir2,8,-3.3868,1.998695,5.385495000000001,5.385495000000001,0.0
1062,train,495,5.4700560000000005,MIP2D-770-I6Rh2,I6Rh2,8,-3.4284,2.0416560000000006,5.4700560000000005,5.4700560000000005,0.0
1063,train,805,5.064885,MIP2D-500-Cl6Re2,Cl6Re2,8,-3.6067,1.4581849999999998,5.064885,5.064885,0.0
1064,train,359,4.486296,MIP2D-543-Co1Te2,CoTe2,3,-2.0084,2.4778960000000003,4.486296,4.486296,0.0
1065,train,1328,4.198009,MIP2D-1081-Sn2Te2,Sn2Te2,4,-1.311,2.887009,4.198009,4.198009,0.0
1066,train,215,5.871795,MIP2D-1501-Hg2I2N2,Hg2I2N2,6,-3.4249,2.4468949999999996,5.871795,5.871795,0.0
1067,train,802,4.0097819999999995,MIP2D-1788-Hf2Te2,Hf2Te2,4,-2.1927,1.8170819999999999,4.0097819999999995,4.0097819999999995,0.0
1068,train,1230,4.607549000000001,MIP2D-1873-S1Sb1,SSb,2,-3.4051,1.202449,4.607549000000001,4.607549000000001,0.0
1069,train,1098,6.356224,MIP2D-330-C2F2Mn3,C2F2Mn3,7,-2.4557,3.900524,6.356224,6.356224,0.0
1070,train,141,4.645475000000001,MIP2D-1218-Br2N2Os2,Br2N2Os2,6,-2.337,2.3084750000000005,4.645475000000001,4.645475000000001,0.0
1071,train,1496,6.6412949999999995,MIP2D-368-C2O2V3,C2O2V3,7,-1.9213,4.719995,6.6412949999999995,6.6412949999999995,0.0
1072,train,963,6.197216,MIP2D-411-Cl2Hf2N2,Cl2Hf2N2,6,-3.4996,2.697616,6.197216,6.197216,0.0
1073,train,204,5.627301,MIP2D-87-Au2Se2,Au2Se2,4,-3.5896,2.037701,5.627301,5.627301,0.0
1074,train,941,3.6454850000000003,MIP2D-1551-I2O2Ta2,I2O2Ta2,6,-0.8454,2.800085,3.6454850000000003,3.6454850000000003,0.0
1075,train,440,4.299834000000001,MIP2D-338-C2F2Y3,C2F2Y3,7,-1.7588,2.5410340000000002,4.299834000000001,4.299834000000001,0.0
1076,train,577,4.921275,MIP2D-711-I2Os1,I2Os,3,-2.6478,2.273475,4.921275,4.921275,0.0
1077,train,289,5.973101,MIP2D-1371-Cl2Ni2S2,Cl2Ni2S2,6,-3.4037,2.569401,5.973101,5.973101,0.0
1078,train,788,5.041596,MIP2D-183-Br2Rh1,Br2Rh,3,-3.3759,1.665696,5.041596,5.041596,0.0
1079,train,630,4.042834,MIP2D-994-Re2Te2,Re2Te2,4,0.2076,4.250434,4.042834,4.042834,0.0
1080,train,134,6.513261,MIP2D-1150-Bi2Br2N2,Bi2Br2N2,6,-3.7021,2.8111610000000002,6.513261,6.513261,0.0
1081,val,133,5.421733,MIP2D-1630-Nb2S6,Nb2S6,8,-1.5613,3.8604329999999996,5.421733,5.421733,0.0
1082,train,694,4.505269,MIP2D-1731-Bi1S1,BiS,2,-3.2457,1.2595690000000002,4.505269,4.505269,0.0
1083,train,498,5.963842,MIP2D-434-Cl2Pt1,Cl2Pt,3,-4.2814,1.6824419999999995,5.963842,5.963842,0.0
1084,test,13,5.333087000000001,MIP2D-1029-S2Ti2,S2Ti2,4,-2.37,2.9630870000000002,5.333087000000001,5.333087000000001,0.0
1085,train,864,5.770554000000001,MIP2D-545-Co2I6,Co2I6,8,-4.0098,1.760754,5.770554000000001,5.770554000000001,0.0
1086,train,301,4.609472,MIP2D-720-I2Rh1,I2Rh,3,-2.4285,2.180972,4.609472,4.609472,0.0
1087,val,162,5.87043,MIP2D-1268-Br2S2Tl2,Br2S2Tl2,6,-3.1304,2.74003,5.87043,5.87043,0.0
1088,val,1,4.3461359999999996,MIP2D-1604-Ir2Ta2Te8,Ir2Ta2Te8,12,-1.8932,2.452936,4.3461359999999996,4.3461359999999996,0.0
1089,train,308,6.762104,MIP2D-215-Br6Cu2,Br6Cu2,8,-5.1217,1.6404040000000002,6.762104,6.762104,0.0
1090,train,976,6.063374,MIP2D-567-Cu1I2,CuI2,3,-3.5984,2.4649739999999998,6.063374,6.063374,0.0
1091,val,142,5.624382,MIP2D-883-Ni2O2,Ni2O2,4,-3.7281,1.896282,5.624382,5.624382,0.0
1092,train,1114,5.730702,MIP2D-1050-Sc1Se2,ScSe2,3,-3.9192,1.8115020000000002,5.730702,5.730702,0.0
1093,train,43,8.512535,MIP2D-627-Ge1O2,GeO2,3,-6.8442,1.6683350000000001,8.512535,8.512535,0.0
1094,test,82,5.997001,MIP2D-1285-Br4O2,Br4O2,6,-5.2863,0.710701,5.997001,5.997001,0.0
1095,train,32,6.096964999999999,MIP2D-1559-I2Pb2S2,I2Pb2S2,6,-3.4435,2.6534649999999997,6.096964999999999,6.096964999999999,0.0
1096,train,531,2.027939,MIP2D-350-C2H2O2Ta3,C2H2O2Ta3,9,1.1234,3.1513389999999997,2.027939,2.027939,0.0
1097,train,635,5.363521,MIP2D-405-Cl2Ga1,Cl2Ga,3,-3.7866,1.576921,5.363521,5.363521,0.0
1098,train,393,6.070990999999999,MIP2D-598-Fe2I6,Fe2I6,8,-4.0371,2.033891,6.070990999999999,6.070990999999999,0.0
1099,test,127,5.896198,MIP2D-1571-I2S2Sc2,I2S2Sc2,6,-3.3982,2.4979980000000004,5.896198,5.896198,0.0
1100,test,5,6.918346,MIP2D-470-Cl6Cr2,Cl6Cr2,8,-5.2958,1.6225460000000003,6.918346,6.918346,0.0
1101,train,575,4.826675000000001,MIP2D-1770-F2Sb2Se4Sr2,F2Sb2Se4Sr2,10,-0.6405,4.186175,4.826675000000001,4.826675000000001,0.0
1102,train,1473,5.788785000000001,MIP2D-1378-Cl2O2Rh2,Cl2O2Rh2,6,-3.3285,2.4602850000000003,5.788785000000001,5.788785000000001,0.0
1103,train,1327,4.419614,MIP2D-1659-Os2Te4,Os2Te4,6,-1.9786,2.441014,4.419614,4.419614,0.0
1104,test,41,8.388165,MIP2D-628-Ge1O2,GeO2,3,-6.495,1.8931649999999998,8.388165,8.388165,0.0
1105,val,164,6.117180000000001,MIP2D-630-Ge1S2,GeS2,3,-4.0997,2.0174800000000004,6.117180000000001,6.117180000000001,0.0
1106,train,948,3.4410040000000004,MIP2D-924-O2Ti2,O2Ti2,4,-1.2241,2.2169040000000004,3.4410040000000004,3.4410040000000004,0.0
1107,train,1219,4.564506,MIP2D-1387-Cl2O2Zr2,Cl2O2Zr2,6,-1.9801,2.584406,4.564506,4.564506,0.0
1108,val,42,5.317703,MIP2D-1465-Fe2I2N2,Fe2I2N2,6,-2.2392,3.0785030000000004,5.317703,5.317703,0.0
1109,train,554,6.266197999999999,MIP2D-274-C1F2Mn2,CF2Mn2,5,-3.7611,2.505098,6.266197999999999,6.266197999999999,0.0
1110,train,402,6.177504,MIP2D-781-I6Tl2,I6Tl2,8,-4.3632,1.814304,6.177504,6.177504,0.0
1111,val,9,4.826784999999999,MIP2D-1023-S2Sn2,S2Sn2,4,-2.0094,2.817385,4.826784999999999,4.826784999999999,0.0
1112,train,1207,5.975044,MIP2D-106-Bi1O2,BiO2,3,-4.3523,1.6227440000000002,5.975044,5.975044,0.0
1113,train,1461,4.997237,MIP2D-1109-Ag2I2S2,Ag2I2S2,6,-1.087,3.910237,4.997237,4.997237,0.0
1114,train,173,5.791666,MIP2D-126-Bi2Se2Te1,Bi2Se2Te,5,-2.1045,3.6871660000000004,5.791666,5.791666,0.0
1115,train,1012,6.812384000000001,MIP2D-253-Br6Ti2,Br6Ti2,8,-5.2746,1.537784,6.812384000000001,6.812384000000001,0.0
1116,train,510,7.07775,MIP2D-136-Br2Cd1,Br2Cd,3,-5.7155,1.36225,7.07775,7.07775,0.0
1117,test,177,4.599957,MIP2D-1858-Pb2Te2,Pb2Te2,4,-3.0583,1.5416570000000003,4.599957,4.599957,0.0
1118,train,1411,5.039968,MIP2D-569-Cu1In1P2Se6,CuInP2Se6,10,-3.0511,1.988868,5.039968,5.039968,0.0
1119,train,1189,5.8703199999999995,MIP2D-1107-Ag2I2N2,Ag2I2N2,6,-2.9853,2.88502,5.8703199999999995,5.8703199999999995,0.0
1120,train,801,7.1020959999999995,MIP2D-420-Cl2Mn1,Cl2Mn,3,-5.3011,1.800996,7.1020959999999995,7.1020959999999995,0.0
1121,train,505,3.007762,MIP2D-743-I2Y1,I2Y,3,-0.9531,2.054662,3.007762,3.007762,0.0
1122,train,985,5.841851,MIP2D-745-I2Zn1,I2Zn,3,-3.9588,1.883051,5.841851,5.841851,0.0
1123,train,1301,6.517206,MIP2D-1637-O4Re2,O4Re2,6,-4.8422,1.6750060000000002,6.517206,6.517206,0.0
1124,train,441,4.6459589999999995,MIP2D-1713-Te4Ti1Zr1,Te4TiZr,6,-2.2641,2.3818589999999995,4.6459589999999995,4.6459589999999995,0.0
1125,train,590,5.055995,MIP2D-29-Al1Sb1,AlSb,2,-3.6335,1.422495,5.055995,5.055995,0.0
1126,val,136,7.720089,MIP2D-520-Cl6Y2,Cl6Y2,8,-6.499,1.221089,7.720089,7.720089,0.0
1127,train,1000,6.805287999999999,MIP2D-904-O2Re1,O2Re,3,-5.0741,1.731188,6.805287999999999,6.805287999999999,0.0
1128,val,46,6.999056,MIP2D-1430-Cl4Tl2,Cl4Tl2,6,-5.5639,1.4351559999999999,6.999056,6.999056,0.0
1129,train,808,4.3061300000000005,MIP2D-753-I6Ir2,I6Ir2,8,-2.3597,1.94643,4.3061300000000005,4.3061300000000005,0.0
1130,train,1418,4.648349,MIP2D-951-P2Si6,P2Si6,8,-3.3374,1.310949,4.648349,4.648349,0.0
1131,test,123,5.640697,MIP2D-818-Mg2P2Se6,Mg2P2Se6,10,-3.7841,1.856597,5.640697,5.640697,0.0
1132,train,1407,5.060062,MIP2D-981-Pt2S2,Pt2S2,4,-2.5652,2.494862,5.060062,5.060062,0.0
1133,train,1054,4.796767,MIP2D-113-Bi2Ge1Te4,Bi2GeTe4,7,-0.0574,4.739367,4.796767,4.796767,0.0
1134,test,11,5.593198000000001,MIP2D-1223-Br2N2Ru2,Br2N2Ru2,6,-2.8516,2.7415980000000006,5.593198000000001,5.593198000000001,0.0
1135,val,108,6.075611,MIP2D-1560-I2Pb2Se2,I2Pb2Se2,6,-3.5358,2.539811,6.075611,6.075611,0.0
1136,train,1453,3.242196,MIP2D-304-C1Nb2,CNb2,3,-1.0421,2.200096,3.242196,3.242196,0.0
1137,train,1130,6.9927779999999995,MIP2D-401-Cl2Cu1,Cl2Cu,3,-5.1175,1.8752779999999998,6.9927779999999995,6.9927779999999995,0.0
1138,train,1053,5.648589,MIP2D-949-P2Si2,P2Si2,4,-2.9894,2.6591890000000005,5.648589,5.648589,0.0
1139,val,20,6.092679,MIP2D-1161-Bi2I2S2,Bi2I2S2,6,-3.3921,2.700579,6.092679,6.092679,0.0
1140,train,166,7.584793,MIP2D-1320-Cl2Ga2O2,Cl2Ga2O2,6,-5.1527,2.432093,7.584793,7.584793,0.0
1141,test,73,4.972168999999999,MIP2D-1628-Nb2O4,Nb2O4,6,-3.2398,1.7323689999999998,4.972168999999999,4.972168999999999,0.0
1142,train,1251,4.5002759999999995,MIP2D-681-Hf2Te2,Hf2Te2,4,-1.4269,3.0733759999999997,4.5002759999999995,4.5002759999999995,0.0
1143,train,472,3.0977629999999996,MIP2D-827-Mn2O2,Mn2O2,4,-1.7437,1.3540629999999998,3.0977629999999996,3.0977629999999996,0.0
1144,train,480,5.242167,MIP2D-574-Cu1Se2,CuSe2,3,-3.4459,1.7962669999999998,5.242167,5.242167,0.0
1145,train,1244,6.576063,MIP2D-89-B1Br3,BBr3,4,-6.0247,0.551363,6.576063,6.576063,0.0
1146,train,881,4.4368300000000005,MIP2D-1045-Sb2Sn6,Sb2Sn6,8,-3.2799,1.15693,4.4368300000000005,4.4368300000000005,0.0
1147,train,1392,6.0861209999999994,MIP2D-1159-Bi2I2N2,Bi2I2N2,6,-2.4806,3.6055209999999995,6.0861209999999994,6.0861209999999994,0.0
1148,train,186,6.5876600000000005,MIP2D-1375-Cl2O2Pb2,Cl2O2Pb2,6,-4.1298,2.45786,6.5876600000000005,6.5876600000000005,0.0
1149,train,1416,6.256879,MIP2D-307-C1O2Sc2,CO2Sc2,5,-4.1109,2.1459789999999996,6.256879,6.256879,0.0
1150,test,165,7.420354000000001,MIP2D-469-Cl6Cr2,Cl6Cr2,8,-5.7693,1.6510540000000002,7.420354000000001,7.420354000000001,0.0
1151,train,120,5.483114,MIP2D-131-Bi2Te3,Bi2Te3,5,-0.8434,4.639714,5.483114,5.483114,0.0
1152,train,177,4.778219,MIP2D-1799-In1Se1,InSe,2,-3.7699,1.0083190000000002,4.778219,4.778219,0.0
1153,train,998,5.371798999999999,MIP2D-281-C1F2V2,CF2V2,5,-2.5455,2.8262989999999997,5.371798999999999,5.371798999999999,0.0
1154,train,1476,4.450449,MIP2D-343-C2H2,C2H2,4,-3.4783,0.9721489999999999,4.450449,4.450449,0.0
1155,train,195,4.877372,MIP2D-1523-I2N2Ni2,I2N2Ni2,6,-1.6404,3.236972,4.877372,4.877372,0.0
1156,train,1172,5.34943,MIP2D-157-Br2In1,Br2In,3,-3.7752,1.57423,5.34943,5.34943,0.0
1157,train,262,4.848108,MIP2D-1672-Re2Se4,Re2Se4,6,-3.2194,1.628708,4.848108,4.848108,0.0
1158,train,1497,7.569807,MIP2D-17-Ag2Cl6,Ag2Cl6,8,-5.9376,1.632207,7.569807,7.569807,0.0
1159,train,248,5.61542,MIP2D-690-Hg1Se1,HgSe,2,-4.7676,0.8478200000000001,5.61542,5.61542,0.0
1160,train,223,5.890489,MIP2D-1111-Al1P1S4,AlPS4,6,-4.7207,1.169789,5.890489,5.890489,0.0
1161,train,527,3.742837,MIP2D-409-Cl2Hf1,Cl2Hf,3,-1.7096,2.033237,3.742837,3.742837,0.0
1162,test,56,3.5812250000000003,MIP2D-850-N1Zr1,NZr,2,-2.2789,1.3023250000000002,3.5812250000000003,3.5812250000000003,0.0
1163,train,702,4.435558,MIP2D-1527-I2N2Rh2,I2N2Rh2,6,-1.1718,3.263758,4.435558,4.435558,0.0
1164,train,1157,4.325709,MIP2D-1534-I2N2W2,I2N2W2,6,-1.4511,2.874609,4.325709,4.325709,0.0
1165,train,494,3.844407,MIP2D-1887-Sb1Te1,SbTe,2,-3.6168,0.22760699999999995,3.844407,3.844407,0.0
1166,train,1304,6.230385,MIP2D-285-C1H2Hf2O2,CH2Hf2O2,7,-1.4367,4.793685,6.230385,6.230385,0.0
1167,train,1507,7.37163,MIP2D-97-Ba1Cl2,BaCl2,3,-6.2711,1.10053,7.37163,7.37163,0.0
1168,train,220,4.803225,MIP2D-1025-S2Ta1,S2Ta,3,-2.7629,2.040325,4.803225,4.803225,0.0
1169,train,256,5.141901,MIP2D-1540-I2Ni2O2,I2Ni2O2,6,-2.1329,3.009001,5.141901,5.141901,0.0
1170,val,85,4.478637999999999,MIP2D-1606-Ir2Te6,Ir2Te6,8,-0.8751,3.6035379999999995,4.478637999999999,4.478637999999999,0.0
1171,train,246,3.576099,MIP2D-878-Ni1S2,NiS2,3,-2.0257,1.550399,3.576099,3.576099,0.0
1172,train,1021,7.542311,MIP2D-927-O2V1,O2V,3,-5.4926,2.049711,7.542311,7.542311,0.0
1173,train,264,6.856609,MIP2D-1390-Cl2Pb2S2,Cl2Pb2S2,6,-4.5154,2.341209,6.856609,6.856609,0.0
1174,train,919,5.434344000000001,MIP2D-1504-Hg2I2Se2,Hg2I2Se2,6,-2.6594,2.7749440000000005,5.434344000000001,5.434344000000001,0.0
1175,train,1171,5.14902,MIP2D-1879-S2Ta2,S2Ta2,4,-3.399,1.75002,5.14902,5.14902,0.0
1176,train,564,5.6819299999999995,MIP2D-599-Fe2I6,Fe2I6,8,-3.8079,1.8740299999999999,5.6819299999999995,5.6819299999999995,0.0
1177,train,641,6.065132999999999,MIP2D-800-In2S2,In2S2,4,-3.3773,2.687833,6.065132999999999,6.065132999999999,0.0
1178,train,895,4.273225,MIP2D-1251-Br2O2Zr2,Br2O2Zr2,6,-1.732,2.541225,4.273225,4.273225,0.0
1179,train,1266,3.876971,MIP2D-1844-O2Zr2,O2Zr2,4,-2.3299,1.547071,3.876971,3.876971,0.0
1180,train,1198,5.105625,MIP2D-1115-Al2Br2Se2,Al2Br2Se2,6,-2.9396,2.166025,5.105625,5.105625,0.0
1181,val,84,5.841188000000001,MIP2D-1327-Cl2Hf2N2,Cl2Hf2N2,6,-3.6754,2.1657880000000005,5.841188000000001,5.841188000000001,0.0
1182,train,88,3.093757,MIP2D-1432-Cl4W2,Cl4W2,6,-0.8547,2.239057,3.093757,3.093757,0.0
1183,test,115,4.883307,MIP2D-1800-In1Te1,InTe,2,-3.7354,1.147907,4.883307,4.883307,0.0
1184,train,863,5.975826,MIP2D-8-Ag1I2,AgI2,3,-3.8759,2.099926,5.975826,5.975826,0.0
1185,train,1094,6.862208000000001,MIP2D-1308-Cl2Cu2N2,Cl2Cu2N2,6,-4.2007,2.6615080000000004,6.862208000000001,6.862208000000001,0.0
1186,train,1505,5.466355999999999,MIP2D-1472-Fe2Se4,Fe2Se4,6,-3.6571,1.809256,5.466355999999999,5.466355999999999,0.0
1187,val,11,4.492749,MIP2D-1724-Al1Te1,AlTe,2,-3.3541,1.138649,4.492749,4.492749,0.0
1188,train,1295,4.250047,MIP2D-791-I7Nb3Te1,I7Nb3Te,11,-2.287,1.963047,4.250047,4.250047,0.0
1189,train,1004,5.295135,MIP2D-314-C1S2Ta2,CS2Ta2,5,-2.0869,3.2082349999999997,5.295135,5.295135,0.0
1190,train,1347,7.756724,MIP2D-448-Cl2Sr1,Cl2Sr,3,-6.2932,1.463524,7.756724,7.756724,0.0
1191,train,783,4.569921000000001,MIP2D-521-Cl6Zr2,Cl6Zr2,8,-2.5767,1.9932210000000001,4.569921000000001,4.569921000000001,0.0
1192,train,807,5.913017,MIP2D-153-Br2Hf2N2,Br2Hf2N2,6,-2.9458,2.9672169999999998,5.913017,5.913017,0.0
1193,train,1408,3.681033,MIP2D-193-Br2Ta1,Br2Ta,3,-1.4023,2.278733,3.681033,3.681033,0.0
1194,train,17,4.4166360000000005,MIP2D-768-I6Re2,I6Re2,8,-2.7793,1.6373360000000001,4.4166360000000005,4.4166360000000005,0.0
1195,train,1049,4.629237,MIP2D-1278-Br2Se2W2,Br2Se2W2,6,-2.4714,2.157837,4.629237,4.629237,0.0
1196,test,36,4.2074,MIP2D-1868-Rh2Se2,Rh2Se2,4,-2.5477,1.6597000000000002,4.2074,4.2074,0.0
1197,val,4,1.774505,MIP2D-351-C2H2O2Ti3,C2H2O2Ti3,9,1.617,3.391505,1.774505,1.774505,0.0
1198,test,38,3.717566,MIP2D-706-I2Nb1,I2Nb,3,-1.0755,2.6420660000000002,3.717566,3.717566,0.0
1199,train,1057,4.673274,MIP2D-1546-I2O2Pt2,I2O2Pt2,6,-1.6385,3.034774,4.673274,4.673274,0.0
1200,train,879,4.573409,MIP2D-269-C1Cr2,CCr2,3,-2.5274,2.046009,4.573409,4.573409,0.0
1201,train,190,6.457112,MIP2D-439-Cl2Rh1,Cl2Rh,3,-4.3495,2.1076120000000005,6.457112,6.457112,0.0
1202,train,679,5.173705,MIP2D-689-Hg1S2,HgS2,3,-4.0953,1.0784049999999996,5.173705,5.173705,0.0
1203,train,1107,6.073264999999999,MIP2D-737-I2Tl1,I2Tl,3,-3.9861,2.0871649999999997,6.073264999999999,6.073264999999999,0.0
1204,train,813,4.295348,MIP2D-1563-I2Pt2S2,I2Pt2S2,6,-1.6201,2.675248,4.295348,4.295348,0.0
1205,val,109,4.7339459999999995,MIP2D-316-C1Ta2,CTa2,3,-2.7318,2.0021459999999998,4.7339459999999995,4.7339459999999995,0.0
1206,val,106,3.9084189999999994,MIP2D-989-Re1Se2,ReSe2,3,-1.9687,1.9397189999999997,3.9084189999999994,3.9084189999999994,0.0
1207,test,156,5.670173999999999,MIP2D-1217-Br2N2Ni2,Br2N2Ni2,6,-3.3749,2.295274,5.670173999999999,5.670173999999999,0.0
1208,train,478,4.519616,MIP2D-651-Ge6Sb2,Ge6Sb2,8,-3.5379,0.9817159999999999,4.519616,4.519616,0.0
1209,train,1050,6.8816,MIP2D-1317-Cl2Fe2S2,Cl2Fe2S2,6,-4.4185,2.4631,6.8816,6.8816,0.0
1210,test,175,1.958328,MIP2D-1808-Li2Rb2Se2,Li2Rb2Se2,6,-1.1854,0.7729280000000001,1.958328,1.958328,0.0
1211,train,135,4.451639999999999,MIP2D-522-Cl6Zr2,Cl6Zr2,8,-2.6907,1.7609399999999997,4.451639999999999,4.451639999999999,0.0
1212,train,125,5.295103,MIP2D-865-Nb1S2,NbS2,3,-2.7679,2.527203,5.295103,5.295103,0.0
1213,train,156,3.7045130000000004,MIP2D-117-Bi2O2,Bi2O2,4,-1.6295,2.075013,3.7045130000000004,3.7045130000000004,0.0
1214,train,1140,4.602434,MIP2D-1295-C16Cl8Ge2H48N4,C16H48Cl8Ge2N4,78,-2.635,1.9674340000000001,4.602434,4.602434,0.0
1215,train,566,4.2455229999999995,MIP2D-1001-Rh2Se2,Rh2Se2,4,-1.2649,2.9806229999999996,4.2455229999999995,4.2455229999999995,0.0
1216,train,814,4.732822,MIP2D-1733-Bi1Te1,BiTe,2,-3.4438,1.289022,4.732822,4.732822,0.0
1217,train,12,7.321721999999999,MIP2D-476-Cl6Fe2,Cl6Fe2,8,-5.9597,1.3620219999999998,7.321721999999999,7.321721999999999,0.0
1218,train,1504,4.161893,MIP2D-479-Cl6Hf2,Cl6Hf2,8,-2.3746,1.787293,4.161893,4.161893,0.0
1219,train,1513,5.460571999999999,MIP2D-622-Ga2Se2,Ga2Se2,4,-3.2933,2.1672719999999996,5.460571999999999,5.460571999999999,0.0
1220,train,1243,6.1995439999999995,MIP2D-1037-S2Zr1,S2Zr,3,-4.1179,2.081644,6.1995439999999995,6.1995439999999995,0.0
1221,test,15,6.0996749999999995,MIP2D-189-Br2Sn1,Br2Sn,3,-4.5262,1.5734749999999997,6.0996749999999995,6.0996749999999995,0.0
1222,test,19,5.201282,MIP2D-1892-Se1Zn1,SeZn,2,-4.3849,0.8163819999999999,5.201282,5.201282,0.0
1223,train,735,5.4936750000000005,MIP2D-746-I2Zn1,I2Zn,3,-3.4946,1.9990750000000002,5.4936750000000005,5.4936750000000005,0.0
1224,train,1006,5.605911,MIP2D-1535-I2N2Zr2,I2N2Zr2,6,-2.4402,3.165711,5.605911,5.605911,0.0
1225,train,728,3.800427,MIP2D-166-Br2Mo1,Br2Mo,3,-1.6921,2.108327,3.800427,3.800427,0.0
1226,train,701,4.1547789999999996,MIP2D-881-Ni1Te2,NiTe2,3,-1.9358,2.218979,4.1547789999999996,4.1547789999999996,0.0
1227,val,160,4.844461000000001,MIP2D-886-Ni2Se2,Ni2Se2,4,-2.7672,2.0772610000000005,4.844461000000001,4.844461000000001,0.0
1228,train,799,6.53451,MIP2D-100-Ba1I2,BaI2,3,-4.8175,1.7170100000000001,6.53451,6.53451,0.0
1229,train,996,5.611483,MIP2D-1479-Ga2I2S2,Ga2I2S2,6,-2.9611,2.6503829999999997,5.611483,5.611483,0.0
1230,train,830,4.271352,MIP2D-276-C1F2Nb2,CF2Nb2,5,-1.2261,3.045252,4.271352,4.271352,0.0
1231,train,343,3.026502,MIP2D-408-Cl2H2Lu2,H2Cl2Lu2,6,-0.698,2.328502,3.026502,3.026502,0.0
1232,train,463,6.145647,MIP2D-1385-Cl2O2V2,Cl2O2V2,6,-3.4855,2.660147,6.145647,6.145647,0.0
1233,test,167,6.360568,MIP2D-1642-O4W2,O4W2,6,-4.6783,1.6822679999999999,6.360568,6.360568,0.0
1234,train,810,8.101918,MIP2D-570-Cu1O2,CuO2,3,-6.4764,1.625518,8.101918,8.101918,0.0
1235,train,726,6.185309,MIP2D-700-I2Mg1,I2Mg,3,-4.2916,1.8937089999999999,6.185309,6.185309,0.0
1236,train,396,6.432605000000001,MIP2D-71-Au1O2,AuO2,3,-5.0392,1.393405,6.432605000000001,6.432605000000001,0.0
1237,test,133,4.832294,MIP2D-173-Br2Os1,Br2Os,3,-3.3025,1.529794,4.832294,4.832294,0.0
1238,train,269,4.661892,MIP2D-1897-Se2V2,Se2V2,4,-2.7679,1.8939919999999997,4.661892,4.661892,0.0
1239,train,1441,3.309068,MIP2D-357-C2Hf3,C2Hf3,5,-0.6055,2.7035679999999997,3.309068,3.309068,0.0
1240,train,455,4.682582,MIP2D-1075-Si1Te2,SiTe2,3,-2.2751,2.407482,4.682582,4.682582,0.0
1241,train,588,5.1882779999999995,MIP2D-1670-Re2S4,Re2S4,6,-2.7802,2.4080779999999997,5.1882779999999995,5.1882779999999995,0.0
1242,train,1338,5.123640999999999,MIP2D-1829-Ni2Te2,Ni2Te2,4,-2.3557,2.7679409999999995,5.123640999999999,5.123640999999999,0.0
1243,val,132,3.8809579999999997,MIP2D-1891-Se1Sn1,SeSn,2,-2.8629,1.018058,3.8809579999999997,3.8809579999999997,0.0
1244,train,753,7.794163,MIP2D-389-Cd1Cl2,CdCl2,3,-6.4135,1.3806630000000002,7.794163,7.794163,0.0
1245,train,0,5.586887000000001,MIP2D-1065-Se2Tl2,Se2Tl2,4,-3.257,2.3298870000000003,5.586887000000001,5.586887000000001,0.0
1246,train,686,5.1914,MIP2D-1634-Ni2Se6,Ni2Se6,8,-2.0804,3.111,5.1914,5.1914,0.0
1247,train,1086,4.574069,MIP2D-1681-Rh2Te6,Rh2Te6,8,-0.8413,3.732769,4.574069,4.574069,0.0
1248,test,85,5.903039,MIP2D-775-I6Sb2,I6Sb2,8,-3.998,1.905039,5.903039,5.903039,0.0
1249,train,330,5.3171420000000005,MIP2D-172-Br2O2Y2,Br2O2Y2,6,-2.7603,2.556842,5.3171420000000005,5.3171420000000005,0.0
1250,train,285,4.512129,MIP2D-1798-In1S1,InS,2,-3.4568,1.055329,4.512129,4.512129,0.0
1251,train,806,4.401702,MIP2D-1839-O2Sr1,O2Sr,3,-3.6397,0.7620020000000001,4.401702,4.401702,0.0
1252,train,1270,3.7207470000000007,MIP2D-1895-Se2Ta4,Se2Ta4,6,-0.2471,3.4736470000000006,3.7207470000000007,3.7207470000000007,0.0
1253,train,1458,4.858029999999999,MIP2D-366-C2O2Ta3,C2O2Ta3,7,-1.1261,3.7319299999999997,4.858029999999999,4.858029999999999,0.0
1254,train,1246,6.7984480000000005,MIP2D-554-Cr1O2,CrO2,3,-5.3758,1.4226480000000001,6.7984480000000005,6.7984480000000005,0.0
1255,train,363,6.649732,MIP2D-669-Hf1S2,HfS2,3,-4.6805,1.9692319999999999,6.649732,6.649732,0.0
1256,train,1099,7.301278,MIP2D-1771-F4Pb1,F4Pb,5,-7.0926,0.208678,7.301278,7.301278,0.0
1257,train,882,3.706362,MIP2D-1819-Mo2Te2,Mo2Te2,4,-1.2416,2.464762,3.706362,3.706362,0.0
1258,train,691,8.065719999999999,MIP2D-519-Cl6Y2,Cl6Y2,8,-6.7673,1.29842,8.065719999999999,8.065719999999999,0.0
1259,train,424,5.466303,MIP2D-1614-Mn2Se6,Mn2Se6,8,-3.1101,2.356203,5.466303,5.466303,0.0
1260,train,68,4.882740999999999,MIP2D-1088-Te2Ti2,Te2Ti2,4,-1.6885,3.194241,4.882740999999999,4.882740999999999,0.0
1261,train,1305,6.8578399999999995,MIP2D-1629-Nb2O6,Nb2O6,8,-3.6007,3.2571399999999997,6.8578399999999995,6.8578399999999995,0.0
1262,train,1087,5.458152,MIP2D-1678-Rh2Se4,Rh2Se4,6,-3.464,1.9941520000000001,5.458152,5.458152,0.0
1263,train,453,5.232182,MIP2D-589-Fe1I2,FeI2,3,-3.3329,1.899282,5.232182,5.232182,0.0
1264,train,1082,5.386057,MIP2D-1125-Al2I2Se2,Al2I2Se2,6,-2.8,2.5860570000000003,5.386057,5.386057,0.0
1265,train,326,5.4240580000000005,MIP2D-1655-Os2S4,Os2S4,6,-3.4011,2.022958,5.4240580000000005,5.4240580000000005,0.0
1266,train,445,5.1075230000000005,MIP2D-692-Hg1Se2,HgSe2,3,-3.6732,1.4343230000000002,5.1075230000000005,5.1075230000000005,0.0
1267,test,119,4.934832,MIP2D-76-Au1Se2,AuSe2,3,-3.088,1.8468320000000003,4.934832,4.934832,0.0
1268,train,118,6.440183,MIP2D-386-Ca1I2,CaI2,3,-4.6797,1.760483,6.440183,6.440183,0.0
1269,train,1502,4.951963,MIP2D-636-Ge1Te1,GeTe,2,-3.4456,1.506363,4.951963,4.951963,0.0
1270,train,661,5.730008,MIP2D-760-I6Ni2,I6Ni2,8,-3.8185,1.9115079999999995,5.730008,5.730008,0.0
1271,train,860,5.398444,MIP2D-764-I6Pd2,I6Pd2,8,-3.4477,1.9507439999999998,5.398444,5.398444,0.0
1272,train,1390,4.036272,MIP2D-966-Pd1S2,PdS2,3,-2.5692,1.467072,4.036272,4.036272,0.0
1273,train,1477,-2.7552810000000005,MIP2D-1725-As2Mn2Rb2,As2Mn2Rb2,6,0.6265,-2.1287810000000005,-2.7552810000000005,-2.7552810000000005,0.0
1274,train,143,3.4175559999999994,MIP2D-273-C1F2Hf2,CF2Hf2,5,-1.2305,2.1870559999999997,3.4175559999999994,3.4175559999999994,0.0
1275,train,610,7.157029,MIP2D-472-Cl6Cu2,Cl6Cu2,8,-5.8683,1.288729,7.157029,7.157029,0.0
1276,train,460,4.155224,MIP2D-577-Cu1Te2,CuTe2,3,-1.8355,2.319724,4.155224,4.155224,0.0
1277,train,1321,5.354747,MIP2D-703-I2Mn1,I2Mn,3,-3.1727,2.182047,5.354747,5.354747,0.0
1278,train,161,4.60493,MIP2D-1213-Br2Mo2O2,Br2Mo2O2,6,-1.5976,3.0073300000000005,4.60493,4.60493,0.0
1279,train,956,4.049406,MIP2D-1853-Pb1Te1,PbTe,2,-2.9611,1.088306,4.049406,4.049406,0.0
1280,train,933,5.162841,MIP2D-996-Rh1S2,RhS2,3,-2.8603,2.302541,5.162841,5.162841,0.0
1281,val,174,5.711698,MIP2D-1414-Cl2Se2V2,Cl2Se2V2,6,-3.5073,2.2043980000000003,5.711698,5.711698,0.0
1282,train,839,5.808126,MIP2D-1601-Ir2S4,Ir2S4,6,-3.8242,1.9839259999999999,5.808126,5.808126,0.0
1283,train,772,4.508030999999999,MIP2D-869-Nb1Te2,NbTe2,3,-1.6063,2.9017309999999994,4.508030999999999,4.508030999999999,0.0
1284,train,1046,6.427665000000001,MIP2D-445-Cl2Sn1,Cl2Sn,3,-4.8379,1.5897650000000003,6.427665000000001,6.427665000000001,0.0
1285,train,485,3.8828060000000004,MIP2D-1092-Te2W1,Te2W,3,-1.1609,2.721906,3.8828060000000004,3.8828060000000004,0.0
1286,test,24,4.4546660000000005,MIP2D-620-Ga2S4V1,Ga2S4V,7,-0.4637,3.9909660000000002,4.4546660000000005,4.4546660000000005,0.0
1287,train,129,4.435131,MIP2D-639-Ge2,Ge2,2,-3.5163,0.9188310000000002,4.435131,4.435131,0.0
1288,test,120,6.495848,MIP2D-956-Pb1S2,PbS2,3,-4.4979,1.9979479999999998,6.495848,6.495848,0.0
1289,train,549,2.8670080000000002,MIP2D-1289-Br4Ta2,Br4Ta2,6,-0.7932,2.073808,2.8670080000000002,2.8670080000000002,0.0
1290,train,325,4.972338,MIP2D-1662-Pb2S6,Pb2S6,8,-2.5898,2.382538,4.972338,4.972338,0.0
1291,train,290,4.489867,MIP2D-262-Br6Zr2,Br6Zr2,8,-2.5973,1.892567,4.489867,4.489867,0.0
1292,train,275,5.452854,MIP2D-309-C1O2Ti2,CO2Ti2,5,-2.5699,2.882954,5.452854,5.452854,0.0
1293,val,101,5.632859,MIP2D-36-Al2I6,Al2I6,8,-3.7912,1.841659,5.632859,5.632859,0.0
1294,train,584,6.319799,MIP2D-1174-Br2Cu2N2,Br2Cu2N2,6,-3.7457,2.5740989999999995,6.319799,6.319799,0.0
1295,train,338,5.123514999999999,MIP2D-1558-I2Os2Se2,I2Os2Se2,6,-2.4379,2.6856149999999994,5.123514999999999,5.123514999999999,0.0
1296,train,823,5.945032000000001,MIP2D-1575-I2S2Tl2,I2S2Tl2,6,-3.2823,2.6627320000000005,5.945032000000001,5.945032000000001,0.0
1297,train,961,6.498395,MIP2D-170-Br2Ni1,Br2Ni,3,-4.8802,1.618195,6.498395,6.498395,0.0
1298,train,196,6.051461999999999,MIP2D-814-Ir2O2,Ir2O2,4,-3.2337,2.8177619999999997,6.051461999999999,6.051461999999999,0.0
1299,train,1436,5.110965,MIP2D-1830-O2Os2,O2Os2,4,-3.6556,1.455365,5.110965,5.110965,0.0
1300,train,1429,6.319196,MIP2D-504-Cl6Ru2,Cl6Ru2,8,-4.9173,1.401896,6.319196,6.319196,0.0
1301,test,84,4.210595,MIP2D-762-I6Os2,I6Os2,8,-2.4651,1.745495,4.210595,4.210595,0.0
1302,test,98,5.244439,MIP2D-1639-O4Ta2,O4Ta2,6,-3.738,1.506439,5.244439,5.244439,0.0
1303,train,400,6.984075,MIP2D-18-Ag2Cl6Re1,Ag2Cl6Re,9,-5.3437,1.640375,6.984075,6.984075,0.0
1304,train,592,6.2278389999999995,MIP2D-1235-Br2Ni2O2,Br2Ni2O2,6,-3.8403,2.387539,6.2278389999999995,6.2278389999999995,0.0
1305,train,1422,6.896374,MIP2D-1307-Cl2Cr2Se2,Cl2Cr2Se2,6,-3.9414,2.954974,6.896374,6.896374,0.0
1306,train,617,4.610097,MIP2D-1478-Ga2I2O2,Ga2I2O2,6,-1.6633,2.946797,4.610097,4.610097,0.0
1307,train,843,5.433852,MIP2D-1568-I2Ru2Se2,I2Ru2Se2,6,-2.528,2.9058520000000003,5.433852,5.433852,0.0
1308,train,1163,4.237209999999999,MIP2D-25-Al1I2,AlI2,3,-2.0212,2.21601,4.237209999999999,4.237209999999999,0.0
1309,val,172,6.931277,MIP2D-1359-Cl2N2Sc2,Cl2N2Sc2,6,-4.4906,2.440677,6.931277,6.931277,0.0
1310,test,190,5.632618,MIP2D-1373-Cl2O1Os1,Cl2OOs,4,-3.6805,1.9521179999999998,5.632618,5.632618,0.0
1311,test,75,5.798654,MIP2D-19-Ag2I6,Ag2I6,8,-3.4665,2.332154,5.798654,5.798654,0.0
1312,train,849,5.758104,MIP2D-1645-O6Pd2Se2,O6Pd2Se2,10,-4.3281,1.430004,5.758104,5.758104,0.0
1313,test,1,5.703631,MIP2D-1697-S6Zr2,S6Zr2,8,-2.4985,3.205131,5.703631,5.703631,0.0
1314,train,1356,1.6228500000000001,MIP2D-345-C2H2Mn3O2,C2H2Mn3O2,9,0.7843,2.40715,1.6228500000000001,1.6228500000000001,0.0
1315,train,366,3.9439910000000005,MIP2D-583-Cu2Te2,Cu2Te2,4,-1.8792,2.0647910000000005,3.9439910000000005,3.9439910000000005,0.0
1316,train,433,7.644005,MIP2D-6-Ag1Cl2,AgCl2,3,-5.6928,1.9512050000000003,7.644005,7.644005,0.0
1317,test,49,2.1251670000000003,MIP2D-1726-As2Na2Zn2,As2Na2Zn2,6,-0.9073,1.217867,2.1251670000000003,2.1251670000000003,0.0
1318,train,761,6.585705,MIP2D-501-Cl6Rh2,Cl6Rh2,8,-5.1398,1.445905,6.585705,6.585705,0.0
1319,train,436,5.893408,MIP2D-9-Ag1I2,AgI2,3,-3.3735,2.519908,5.893408,5.893408,0.0
1320,train,189,5.062595,MIP2D-1436-Co2I2N2,Co2I2N2,6,-1.8529,3.209695,5.062595,5.062595,0.0
1321,train,276,5.83443,MIP2D-1477-Ga2I2N2,Ga2I2N2,6,-2.4108,3.42363,5.83443,5.83443,0.0
1322,train,1484,4.792399,MIP2D-1603-Ir2Se6,Ir2Se6,8,-1.8647,2.927699,4.792399,4.792399,0.0
1323,train,946,5.773265,MIP2D-1620-Mo2S4,Mo2S4,6,-3.327,2.446265,5.773265,5.773265,0.0
1324,val,66,5.1920459999999995,MIP2D-1690-S6Sb4,S6Sb4,10,-3.1742,2.0178459999999996,5.1920459999999995,5.1920459999999995,0.0
1325,train,311,5.214276,MIP2D-1242-Br2O2Rh2,Br2O2Rh2,6,-2.782,2.4322759999999994,5.214276,5.214276,0.0
1326,train,596,7.5902650000000005,MIP2D-481-Cl6In2,Cl6In2,8,-6.1189,1.471365,7.5902650000000005,7.5902650000000005,0.0
1327,train,482,5.027492,MIP2D-717-I2Pt1,I2Pt,3,-2.666,2.3614919999999997,5.027492,5.027492,0.0
1328,test,87,5.0277460000000005,MIP2D-1085-Te1Zn1,TeZn,2,-4.4839,0.543846,5.0277460000000005,5.0277460000000005,0.0
1329,train,529,5.124904,MIP2D-122-Bi2S1Te2,Bi2STe2,5,-1.6418,3.483104,5.124904,5.124904,0.0
1330,train,314,5.129953,MIP2D-684-Hg1O1,HgO,2,-4.6116,0.518353,5.129953,5.129953,0.0
1331,test,162,6.292152,MIP2D-712-I2Pb1,I2Pb,3,-4.5168,1.7753519999999998,6.292152,6.292152,0.0
1332,train,825,6.5408349999999995,MIP2D-1207-Br2Lu2S2,Br2Lu2S2,6,-4.5061,2.034735,6.5408349999999995,6.5408349999999995,0.0
1333,train,771,5.199831,MIP2D-1565-I2Rh2S2,I2Rh2S2,6,-2.2501,2.9497309999999994,5.199831,5.199831,0.0
1334,train,966,3.308256,MIP2D-1598-I4Y2,I4Y2,6,-1.2318,2.0764560000000003,3.308256,3.308256,0.0
1335,train,1084,5.910000999999999,MIP2D-1720-Ag2I2,Ag2I2,4,-4.1819,1.7281009999999999,5.910000999999999,5.910000999999999,0.0
1336,val,43,3.950157,MIP2D-698-I2Ir1,I2Ir,3,-1.7699,2.180257,3.950157,3.950157,0.0
1337,train,216,6.1392109999999995,MIP2D-995-Rh1S2,RhS2,3,-4.048,2.091211,6.1392109999999995,6.1392109999999995,0.0
1338,train,685,4.993259,MIP2D-298-C1Hf2O2,CHf2O2,5,-2.734,2.2592589999999997,4.993259,4.993259,0.0
1339,val,67,5.941749000000001,MIP2D-367-C2O2Ti3,C2O2Ti3,7,-1.7078,4.233949000000001,5.941749000000001,5.941749000000001,0.0
1340,train,1457,7.735786,MIP2D-390-Cd1Cl2,CdCl2,3,-6.202,1.5337859999999999,7.735786,7.735786,0.0
1341,train,1320,6.477083,MIP2D-441-Cl2Ru1,Cl2Ru,3,-4.3857,2.091383,6.477083,6.477083,0.0
1342,train,24,6.057529,MIP2D-1198-Br2Hg2Se2,Br2Hg2Se2,6,-3.4733,2.5842289999999997,6.057529,6.057529,0.0
1343,test,52,5.002727999999999,MIP2D-718-I2Re1,I2Re,3,-2.0974,2.905328,5.002727999999999,5.002727999999999,0.0
1344,train,169,7.670114,MIP2D-72-Au1O2,AuO2,3,-5.9068,1.763314,7.670114,7.670114,0.0
1345,train,525,4.8567469999999995,MIP2D-1034-S2W1,S2W,3,-2.6258,2.2309469999999996,4.8567469999999995,4.8567469999999995,0.0
1346,train,372,4.884731,MIP2D-1708-Se6V2,Se6V2,8,-1.9809,2.9038310000000003,4.884731,4.884731,0.0
1347,train,1499,6.331182,MIP2D-787-I6Y2,I6Y2,8,-4.6339,1.6972820000000002,6.331182,6.331182,0.0
1348,train,616,4.495481999999999,MIP2D-946-Os2Te2,Os2Te2,4,-1.884,2.6114819999999996,4.495481999999999,4.495481999999999,0.0
1349,train,117,5.756690000000001,MIP2D-1057-Se2Sn1,Se2Sn,3,-3.7591,1.9975900000000002,5.756690000000001,5.756690000000001,0.0
1350,val,76,6.304713,MIP2D-282-C1F2W2,CF2W2,5,-2.3724,3.9323129999999997,6.304713,6.304713,0.0
1351,train,1336,5.30103,MIP2D-1014-S1Se1V1,SSeV,3,-3.3606,1.9404299999999999,5.30103,5.30103,0.0
1352,val,138,5.234905,MIP2D-1017-S1Sn1,SSn,2,-4.325,0.909905,5.234905,5.234905,0.0
1353,train,831,5.883723,MIP2D-1114-Al2Br2S2,Al2Br2S2,6,-3.4934,2.390323,5.883723,5.883723,0.0
1354,train,767,3.546732,MIP2D-1288-Br4Sc2,Br4Sc2,6,-1.8623,1.684432,3.546732,3.546732,0.0
1355,test,110,6.751613000000001,MIP2D-34-Al2Fe1S4,Al2FeS4,7,-0.5589,6.192713,6.751613000000001,6.751613000000001,0.0
1356,val,19,6.822259000000001,MIP2D-1744-Br2Nd2O2,Br2Nd2O2,6,-4.5445,2.277759,6.822259000000001,6.822259000000001,0.0
1357,train,8,2.3399409999999996,MIP2D-1754-Ce2S2,Ce2S2,4,-0.4869,1.8530409999999997,2.3399409999999996,2.3399409999999996,0.0
1358,train,926,2.306282,MIP2D-46-As1Na3,AsNa3,4,-1.7364,0.569882,2.306282,2.306282,0.0
1359,train,1451,5.966651000000001,MIP2D-1463-Er2I2Se2,Er2I2Se2,6,-3.7223,2.2443510000000004,5.966651000000001,5.966651000000001,0.0
1360,train,331,6.060744,MIP2D-1499-Hf3Se8Ti1,Hf3Se8Ti,12,-3.9289,2.131844,6.060744,6.060744,0.0
1361,train,570,4.723945,MIP2D-1660-Os2Te6,Os2Te6,8,-1.192,3.5319449999999994,4.723945,4.723945,0.0
1362,train,524,6.797689,MIP2D-446-Cl2Sn1,Cl2Sn,3,-4.9915,1.8061889999999998,6.797689,6.797689,0.0
1363,train,206,4.424324,MIP2D-943-Os1Te2,OsTe2,3,-1.7106,2.713724,4.424324,4.424324,0.0
1364,train,720,6.026656,MIP2D-724-I2S2Sm2,I2S2Sm2,6,-3.0102,3.016456,6.026656,6.026656,0.0
1365,train,470,4.553354,MIP2D-856-N2Si6,N2Si6,8,-3.4046,1.148754,4.553354,4.553354,0.0
1366,train,1395,5.67654,MIP2D-1566-I2Rh2Se2,I2Rh2Se2,6,-2.4968,3.1797400000000002,5.67654,5.67654,0.0
1367,train,192,7.937654,MIP2D-1609-Mn2O4,Mn2O4,6,-6.4264,1.5112539999999999,7.937654,7.937654,0.0
1368,train,1454,4.323287,MIP2D-1635-Ni2Te6,Ni2Te6,8,-0.9748,3.348487,4.323287,4.323287,0.0
1369,train,315,4.035455000000001,MIP2D-181-Br2Re1,Br2Re,3,-2.3578,1.6776550000000001,4.035455000000001,4.035455000000001,0.0
1370,train,1148,3.238776,MIP2D-340-C2F2Zr3,C2F2Zr3,7,0.8378,4.076576,3.238776,3.238776,0.0
1371,val,91,7.270029000000001,MIP2D-1332-Cl2Hg2O2,Cl2Hg2O2,6,-5.261,2.0090290000000004,7.270029000000001,7.270029000000001,0.0
1372,train,1492,4.9964770000000005,MIP2D-1693-S6Ti2,S6Ti2,8,-1.8615,3.134977,4.9964770000000005,4.9964770000000005,0.0
1373,test,91,2.932253,MIP2D-1811-Mn2O2,Mn2O2,4,-2.1137,0.818553,2.932253,2.932253,0.0
1374,train,1152,6.961778,MIP2D-247-Br6Sb2,Br6Sb2,8,-5.7258,1.235978,6.961778,6.961778,0.0
1375,train,340,5.646844,MIP2D-440-Cl2Ru1,Cl2Ru,3,-3.8413,1.8055439999999998,5.646844,5.646844,0.0
1376,val,121,4.734476000000001,MIP2D-1782-Ge2Te2Zr2,Ge2Te2Zr2,6,-0.6441,4.090376000000001,4.734476000000001,4.734476000000001,0.0
1377,train,1127,6.299912,MIP2D-900-O2Pd2,O2Pd2,4,-3.9016,2.3983119999999998,6.299912,6.299912,0.0
1378,train,288,4.045128,MIP2D-1737-Bi2In2,Bi2In2,4,-2.0854,1.9597280000000001,4.045128,4.045128,0.0
1379,train,690,4.4606259999999995,MIP2D-524-Cl8Nb3,Cl8Nb3,11,-2.497,1.963626,4.4606259999999995,4.4606259999999995,0.0
1380,val,68,4.613268,MIP2D-771-I6Rh2,I6Rh2,8,-2.6409,1.972368,4.613268,4.613268,0.0
1381,train,1142,6.059699,MIP2D-893-O2Os1,O2Os,3,-4.6958,1.3638990000000002,6.059699,6.059699,0.0
1382,train,113,3.316,MIP2D-1427-Cl4Sc2,Cl4Sc2,6,-1.7771,1.5389000000000002,3.316,3.316,0.0
1383,train,1511,5.06431,MIP2D-1495-Hf2Se6,Hf2Se6,8,-2.3194,2.74491,5.06431,5.06431,0.0
1384,train,1028,3.4153640000000003,MIP2D-1908-Te2W2,Te2W2,4,-1.184,2.231364,3.4153640000000003,3.4153640000000003,0.0
1385,train,1274,3.39236,MIP2D-460-Cl2Y1,Cl2Y,3,-1.5027,1.88966,3.39236,3.39236,0.0
1386,test,180,7.531568,MIP2D-52-As2Cl6,As2Cl6,8,-6.4114,1.120168,7.531568,7.531568,0.0
1387,train,111,4.751258,MIP2D-1870-Ru2S2,Ru2S2,4,-2.7857,1.9655580000000001,4.751258,4.751258,0.0
1388,train,667,3.669258,MIP2D-464-Cl2Zr1,Cl2Zr,3,-1.4409,2.228358,3.669258,3.669258,0.0
1389,train,722,6.249751999999999,MIP2D-1676-Rh2S4,Rh2S4,6,-3.8863,2.3634519999999997,6.249751999999999,6.249751999999999,0.0
1390,train,599,4.282489,MIP2D-887-Ni2Te2,Ni2Te2,4,-2.0004,2.282089,4.282489,4.282489,0.0
1391,train,569,3.786543,MIP2D-1865-Re2Se2,Re2Se2,4,-1.8735,1.913043,3.786543,3.786543,0.0
1392,train,1067,5.757261,MIP2D-319-C1V2,CV2,3,-2.2442,3.5130609999999995,5.757261,5.757261,0.0
1393,train,602,4.670892,MIP2D-510-Cl6Ta2,Cl6Ta2,8,-2.8058,1.865092,4.670892,4.670892,0.0
1394,test,21,3.037625,MIP2D-655-H2Mg4O5,H2Mg4O5,11,-1.073,1.9646249999999998,3.037625,3.037625,0.0
1395,train,353,5.624205,MIP2D-783-I6V2,I6V2,8,-3.7963,1.827905,5.624205,5.624205,0.0
1396,train,379,6.109162,MIP2D-1339-Cl2Ir2N2,Cl2Ir2N2,6,-3.2181,2.8910620000000002,6.109162,6.109162,0.0
1397,test,6,4.6041989999999995,MIP2D-1361-Cl2N2Ta2,Cl2N2Ta2,6,-2.393,2.2111989999999997,4.6041989999999995,4.6041989999999995,0.0
1398,train,55,6.1133690000000005,MIP2D-761-I6Ni2,I6Ni2,8,-3.7197,2.393669,6.1133690000000005,6.1133690000000005,0.0
1399,train,1297,3.8720559999999997,MIP2D-453-Cl2Ti1,Cl2Ti,3,-1.7436,2.128456,3.8720559999999997,3.8720559999999997,0.0
1400,test,88,6.378075000000001,MIP2D-754-I6Mn2,I6Mn2,8,-4.1599,2.218175,6.378075000000001,6.378075000000001,0.0
1401,train,50,4.522412,MIP2D-828-Mn2S2,Mn2S2,4,-2.3551,2.167312,4.522412,4.522412,0.0
1402,train,632,6.211672999999999,MIP2D-1180-Br2Fe2O2,Br2Fe2O2,6,-4.0794,2.132273,6.211672999999999,6.211672999999999,0.0
1403,test,71,6.314363999999999,MIP2D-1286-Br4Pt2,Br4Pt2,6,-4.6985,1.6158639999999997,6.314363999999999,6.314363999999999,0.0
1404,train,198,7.095035,MIP2D-161-Br2Mg1,Br2Mg,3,-5.6014,1.493635,7.095035,7.095035,0.0
1405,train,1176,4.356316,MIP2D-1685-Ru2Se6,Ru2Se6,8,-2.1872,2.1691160000000003,4.356316,4.356316,0.0
1406,train,1296,6.711806,MIP2D-250-Br6Sc2,Br6Sc2,8,-5.4185,1.293306,6.711806,6.711806,0.0
1407,train,442,7.016532,MIP2D-108-Bi2Br6,Bi2Br6,8,-5.6395,1.377032,7.016532,7.016532,0.0
1408,train,1437,4.55721,MIP2D-1539-I2Nb2Se2,I2Nb2Se2,6,-1.4222,3.1350100000000003,4.55721,4.55721,0.0
1409,train,594,5.211231,MIP2D-1756-Cl2N2Th2,Cl2N2Th2,6,-2.6735,2.537731,5.211231,5.211231,0.0
1410,test,74,6.0645240000000005,MIP2D-68-Au1I2,AuI2,3,-3.5345,2.530024,6.0645240000000005,6.0645240000000005,0.0
1411,train,903,6.199569,MIP2D-310-C1O2V2,CO2V2,5,-3.1406,3.0589690000000003,6.199569,6.199569,0.0
1412,train,1043,5.92134,MIP2D-641-Ge2N2,Ge2N2,4,-3.4528,2.46854,5.92134,5.92134,0.0
1413,val,126,4.154129,MIP2D-652-H2Mg1O2,H2MgO2,5,-3.4932,0.660929,4.154129,4.154129,0.0
1414,train,431,5.524662,MIP2D-394-Cd1S1,CdS,2,-4.8914,0.633262,5.524662,5.524662,0.0
1415,train,446,6.562765000000001,MIP2D-1021-S2Sn1,S2Sn,3,-4.3982,2.164565,6.562765000000001,6.562765000000001,0.0
1416,train,234,4.401031,MIP2D-1123-Al2I2O2,Al2I2O2,6,-1.2871,3.113931,4.401031,4.401031,0.0
1417,train,888,6.8266849999999994,MIP2D-1127-As2Br6,As2Br6,8,-5.7741,1.0525849999999999,6.8266849999999994,6.8266849999999994,0.0
1418,train,425,3.749954,MIP2D-705-I2Mo1,I2Mo,3,-1.124,2.6259539999999997,3.749954,3.749954,0.0
1419,train,553,5.1421220000000005,MIP2D-792-I7Se1Ta3,I7SeTa3,11,-2.5215,2.620622,5.1421220000000005,5.1421220000000005,0.0
1420,train,1291,3.3412439999999997,MIP2D-375-C2Ti3,C2Ti3,5,-0.2672,3.0740439999999998,3.3412439999999997,3.3412439999999997,0.0
1421,train,876,5.2250820000000004,MIP2D-1036-S2W2,S2W2,4,-1.7811,3.4439820000000005,5.2250820000000004,5.2250820000000004,0.0
1422,train,127,6.429167,MIP2D-1337-Cl2In2S2,Cl2In2S2,6,-4.0498,2.379367,6.429167,6.429167,0.0
1423,train,710,5.452629,MIP2D-1530-I2N2Sn2,I2N2Sn2,6,-2.2016,3.251029,5.452629,5.452629,0.0
1424,train,258,4.83796,MIP2D-1577-I2S2W2,I2S2W2,6,-1.8863,2.95166,4.83796,4.83796,0.0
1425,train,540,4.823351,MIP2D-374-C2Ta3,C2Ta3,5,-1.8012,3.022151,4.823351,4.823351,0.0
1426,train,465,4.900411,MIP2D-1119-Al2Cl2Se2,Al2Cl2Se2,6,-2.6921,2.2083109999999997,4.900411,4.900411,0.0
1427,val,22,6.028975000000001,MIP2D-1406-Cl2S2V2,Cl2S2V2,6,-3.6839,2.3450750000000005,6.028975000000001,6.028975000000001,0.0
1428,train,1035,5.289106,MIP2D-235-Br6Os2,Br6Os2,8,-4.0277,1.2614060000000002,5.289106,5.289106,0.0
1429,train,746,5.482101,MIP2D-596-Fe1Se2,FeSe2,3,-3.7044,1.777701,5.482101,5.482101,0.0
1430,test,148,5.612596999999999,MIP2D-456-Cl2V1,Cl2V,3,-3.7733,1.8392969999999997,5.612596999999999,5.612596999999999,0.0
1431,train,298,5.818475,MIP2D-494-Cl6Os2,Cl6Os2,8,-4.2823,1.536175,5.818475,5.818475,0.0
1432,train,266,4.055969999999999,MIP2D-1094-Te2W2,Te2W2,4,-0.1945,3.8614699999999997,4.055969999999999,4.055969999999999,0.0
1433,train,1045,7.460668,MIP2D-1305-Cl2Cr2O2,Cl2Cr2O2,6,-4.2252,3.235468,7.460668,7.460668,0.0
1434,train,1066,5.617178999999999,MIP2D-1447-Cr2I2O2,Cr2I2O2,6,-2.0321,3.5850789999999995,5.617178999999999,5.617178999999999,0.0
1435,train,1020,6.030207000000001,MIP2D-186-Br2Ru1,Br2Ru,3,-4.2145,1.8157070000000002,6.030207000000001,6.030207000000001,0.0
1436,train,103,4.378604,MIP2D-251-Br6Ta2,Br6Ta2,8,-2.8772,1.5014039999999997,4.378604,4.378604,0.0
1437,test,161,7.218203000000001,MIP2D-1128-As2Cl6,As2Cl6,8,-6.1012,1.1170030000000002,7.218203000000001,7.218203000000001,0.0
1438,test,89,4.741026,MIP2D-1204-Br2Ir2O2,Br2Ir2O2,6,-2.501,2.240026,4.741026,4.741026,0.0
1439,train,488,4.564741000000001,MIP2D-1910-Te6Y2,Te6Y2,8,-0.0441,4.520641,4.564741000000001,4.564741000000001,0.0
1440,train,987,5.563110999999999,MIP2D-2-Ag1Bi1P2Se6,AgBiP2Se6,10,-3.5462,2.016911,5.563110999999999,5.563110999999999,0.0
1441,train,1460,4.424071,MIP2D-838-Mo1Se2,MoSe2,3,-2.0286,2.3954709999999997,4.424071,4.424071,0.0
1442,train,571,5.732429,MIP2D-702-I2Mn1,I2Mn,3,-3.7331,1.999329,5.732429,5.732429,0.0
1443,test,113,3.0588550000000003,MIP2D-1589-I4Nb2,I4Nb2,6,-0.3803,2.6785550000000002,3.0588550000000003,3.0588550000000003,0.0
1444,train,910,7.815543,MIP2D-419-Cl2Mg1,Cl2Mg,3,-6.1428,1.672743,7.815543,7.815543,0.0
1445,train,786,6.411284,MIP2D-1129-As2O8Sb2,As2O8Sb2,12,-4.9306,1.480684,6.411284,6.411284,0.0
1446,train,412,2.327432,MIP2D-1296-C2Cl5Pr4,C2Cl5Pr4,11,-0.4243,1.903132,2.327432,2.327432,0.0
1447,train,328,5.670762,MIP2D-1118-Al2Cl2S2,Al2Cl2S2,6,-3.285,2.385762,5.670762,5.670762,0.0
1448,train,1350,5.381556,MIP2D-1131-As8S6,As8S6,14,-3.8521,1.5294560000000001,5.381556,5.381556,0.0
1449,train,171,6.895645999999999,MIP2D-137-Br2Cd1,Br2Cd,3,-5.4002,1.4954459999999998,6.895645999999999,6.895645999999999,0.0
1450,val,102,3.6358630000000005,MIP2D-1851-Pb1S1,PbS,2,-2.6598,0.9760630000000002,3.6358630000000005,3.6358630000000005,0.0
1451,train,950,5.049644,MIP2D-28-Al1N1,AlN,2,-4.1502,0.8994440000000001,5.049644,5.049644,0.0
1452,train,1089,5.676099000000001,MIP2D-539-Co1S2,CoS2,3,-3.2955,2.380599,5.676099000000001,5.676099000000001,0.0
1453,train,759,6.5960790000000005,MIP2D-1210-Br2Mn2S2,Br2Mn2S2,6,-3.943,2.6530790000000004,6.5960790000000005,6.5960790000000005,0.0
1454,train,1311,5.174599,MIP2D-1482-Ge2I2O2,Ge2I2O2,6,-2.3687,2.8058989999999997,5.174599,5.174599,0.0
1455,train,733,6.844645,MIP2D-30-Al2Br6,Al2Br6,8,-5.303,1.5416450000000002,6.844645,6.844645,0.0
1456,train,77,4.171614999999999,MIP2D-1084-Ta2Te2,Ta2Te2,4,-0.1812,3.9904149999999996,4.171614999999999,4.171614999999999,0.0
1457,train,450,4.721475,MIP2D-1095-Te2Zr1,Te2Zr,3,-2.2777,2.4437749999999996,4.721475,4.721475,0.0
1458,train,1330,4.603765999999999,MIP2D-1382-Cl2O2Ta2,Cl2O2Ta2,6,-2.2011,2.4026659999999995,4.603765999999999,4.603765999999999,0.0
1459,train,1165,5.415617,MIP2D-1421-Cl4Ir2,Cl4Ir2,6,-3.8783,1.537317,5.415617,5.415617,0.0
1460,train,1027,6.803912,MIP2D-211-Br6Co2,Br6Co2,8,-5.2362,1.5677119999999998,6.803912,6.803912,0.0
1461,val,124,6.9582880000000005,MIP2D-107-Bi2Br6,Bi2Br6,8,-5.4942,1.4640880000000003,6.9582880000000005,6.9582880000000005,0.0
1462,train,242,3.485106,MIP2D-373-C2Sc3,C2Sc3,5,-1.2221,2.2630060000000003,3.485106,3.485106,0.0
1463,train,414,5.976947999999999,MIP2D-668-Hf1S2,HfS2,3,-4.1907,1.7862479999999998,5.976947999999999,5.976947999999999,0.0
1464,train,59,4.381164,MIP2D-812-Ir1Te2,IrTe2,3,-2.4741,1.907064,4.381164,4.381164,0.0
1465,train,57,6.281682,MIP2D-115-Bi2I6,Bi2I6,8,-4.463,1.8186819999999997,6.281682,6.281682,0.0
1466,train,1409,5.354324999999999,MIP2D-1256-Br2Pd2S2,Br2Pd2S2,6,-3.0189,2.335425,5.354324999999999,5.354324999999999,0.0
1467,test,163,3.611846,MIP2D-581-Cu2S2,Cu2S2,4,-2.0376,1.5742460000000003,3.611846,3.611846,0.0
1468,train,1146,2.8973259999999996,MIP2D-664-Hf1I2,HfI2,3,-0.4995,2.397826,2.8973259999999996,2.8973259999999996,0.0
1469,train,1018,4.913068,MIP2D-1351-Cl2N2Nb2,Cl2N2Nb2,6,-2.2073,2.705768,4.913068,4.913068,0.0
1470,train,698,4.595401,MIP2D-1667-Pt2Ta2Te10,Pt2Ta2Te10,14,-2.3495,2.245901,4.595401,4.595401,0.0
1471,test,55,4.727788,MIP2D-1817-Mo2S2,Mo2S2,4,-2.5521,2.175688,4.727788,4.727788,0.0
1472,val,18,5.034516,MIP2D-41-Al2Si2Te6,Al2Si2Te6,10,-2.6661,2.368416,5.034516,5.034516,0.0
1473,train,212,7.3833459999999995,MIP2D-492-Cl6Ni2,Cl6Ni2,8,-5.9398,1.4435459999999998,7.3833459999999995,7.3833459999999995,0.0
1474,val,181,5.303186,MIP2D-1072-Se2Zr1,Se2Zr,3,-3.3244,1.978786,5.303186,5.303186,0.0
1475,train,401,4.090218,MIP2D-1758-Co1O1,CoO,2,-2.8321,1.258118,4.090218,4.090218,0.0
1476,train,382,3.6278870000000003,MIP2D-1804-Ir2Te2,Ir2Te2,4,-1.5072,2.120687,3.6278870000000003,3.6278870000000003,0.0
1477,test,8,7.461304999999999,MIP2D-432-Cl2Pb1,Cl2Pb,3,-5.7196,1.741705,7.461304999999999,7.461304999999999,0.0
1478,train,743,4.699222000000001,MIP2D-230-Br6Mo2,Br6Mo2,8,-2.7931,1.9061220000000003,4.699222000000001,4.699222000000001,0.0
1479,val,182,3.897401,MIP2D-205-Br2Y1,Br2Y,3,-2.0401,1.857301,3.897401,3.897401,0.0
1480,train,1415,5.806353,MIP2D-415-Cl2In1,Cl2In,3,-4.0202,1.7861529999999999,5.806353,5.806353,0.0
1481,train,762,4.499748,MIP2D-974-Pd4Se6Tl2,Pd4Se6Tl2,12,-2.7031,1.796648,4.499748,4.499748,0.0
1482,val,86,5.672217999999999,MIP2D-1147-B1P1S4,BPS4,6,-4.4948,1.1774179999999999,5.672217999999999,5.672217999999999,0.0
1483,train,481,4.636955,MIP2D-1280-Br4C16Ge2H48I4N4,C16H48Br4Ge2I4N4,78,-2.5262,2.110755,4.636955,4.636955,0.0
1484,train,296,4.126822,MIP2D-1772-Fe1O1,FeO,2,-3.1331,0.9937219999999998,4.126822,4.126822,0.0
1485,train,695,5.154412000000001,MIP2D-1843-O2W2,O2W2,4,-3.9134,1.241012,5.154412000000001,5.154412000000001,0.0
1486,train,865,4.154847999999999,MIP2D-1903-Sn1Te1,SnTe,2,-2.9429,1.211948,4.154847999999999,4.154847999999999,0.0
1487,train,560,4.311206,MIP2D-719-I2Re1,I2Re,3,-1.4699,2.8413060000000003,4.311206,4.311206,0.0
1488,train,918,4.264856999999999,MIP2D-942-Os1Te2,OsTe2,3,-2.1378,2.1270569999999998,4.264856999999999,4.264856999999999,0.0
1489,train,1470,3.340445,MIP2D-1877-S2Sc2,S2Sc2,4,-2.1082,1.232245,3.340445,3.340445,0.0
1490,train,1139,4.829581,MIP2D-231-Br6Nb2,Br6Nb2,8,-3.2204,1.609181,4.829581,4.829581,0.0
1491,train,176,2.165917,MIP2D-346-C2H2Mo3O2,C2H2Mo3O2,9,2.4621,4.628017,2.165917,2.165917,0.0
1492,val,62,7.604939,MIP2D-462-Cl2Zn1,Cl2Zn,3,-6.1411,1.4638390000000001,7.604939,7.604939,0.0
1493,train,1380,5.275357,MIP2D-580-Cu2O2,Cu2O2,4,-3.7587,1.516657,5.275357,5.275357,0.0
1494,test,81,6.576146,MIP2D-1319-Cl2Ga2N2,Cl2Ga2N2,6,-4.0036,2.572546,6.576146,6.576146,0.0
1495,test,129,3.407961,MIP2D-1488-Hf2I2O2,Hf2I2O2,6,-0.8548,2.553161,3.407961,3.407961,0.0
1496,train,1481,7.491065,MIP2D-505-Cl6Sb2,Cl6Sb2,8,-6.289,1.202065,7.491065,7.491065,0.0
1497,val,21,5.921312,MIP2D-1019-S2Sc1,S2Sc,3,-4.1784,1.742912,5.921312,5.921312,0.0
1498,train,1085,5.479208,MIP2D-1383-Cl2O2Ti2,Cl2O2Ti2,6,-2.6954,2.783808,5.479208,5.479208,0.0
1499,val,146,4.6714910000000005,MIP2D-1386-Cl2O2W2,Cl2O2W2,6,-2.1202,2.5512910000000004,4.6714910000000005,4.6714910000000005,0.0
1500,train,659,5.331087,MIP2D-1661-P8Se8,P8Se8,16,-3.9352,1.395887,5.331087,5.331087,0.0
1501,train,1191,4.275088,MIP2D-1859-Pb2Te2,Pb2Te2,4,-2.2153,2.0597879999999997,4.275088,4.275088,0.0
1502,train,1153,3.569609,MIP2D-1148-B2C2Dy2,C2B2Dy2,6,-1.8417,1.727909,3.569609,3.569609,0.0
1503,train,1282,7.037969,MIP2D-1363-Cl2N2Tl2,Cl2N2Tl2,6,-4.444,2.5939690000000004,7.037969,7.037969,0.0
1504,train,1400,5.355238999999999,MIP2D-1824-Nb2Te2,Nb2Te2,4,-2.326,3.0292389999999996,5.355238999999999,5.355238999999999,0.0
1505,train,492,7.501155,MIP2D-508-Cl6Sc2,Cl6Sc2,8,-6.2086,1.2925550000000001,7.501155,7.501155,0.0
1506,train,40,5.995248999999999,MIP2D-572-Cu1S2,CuS2,3,-3.9082,2.0870489999999995,5.995248999999999,5.995248999999999,0.0
1507,val,10,5.79416,MIP2D-1459-Cu2I2S2,Cu2I2S2,6,-2.6851,3.1090600000000004,5.79416,5.79416,0.0
1508,train,1080,4.266524,MIP2D-1886-Sb1Se1,SbSe,2,-3.6316,0.6349239999999999,4.266524,4.266524,0.0
1509,test,182,3.2741610000000003,MIP2D-209-Br2Zr1,Br2Zr,3,-1.1586,2.1155610000000005,3.2741610000000003,3.2741610000000003,0.0
1510,train,562,3.265801,MIP2D-315-C1Sc2,CSc2,3,-2.0445,1.221301,3.265801,3.265801,0.0
1511,train,1279,5.576524,MIP2D-861-N2Y1,N2Y,3,-4.6647,0.911824,5.576524,5.576524,0.0
1512,train,229,5.221049000000001,MIP2D-364-C2Nb3O2,C2Nb3O2,7,-0.3032,4.917849,5.221049000000001,5.221049000000001,0.0
1513,train,757,7.869572,MIP2D-491-Cl6Ni2,Cl6Ni2,8,-5.8888,1.980772,7.869572,7.869572,0.0
1514,train,459,4.541435,MIP2D-945-Os2Se2,Os2Se2,4,-2.0095,2.531935,4.541435,4.541435,0.0
1515,train,1467,7.012162,MIP2D-1331-Cl2Hg2N2,Cl2Hg2N2,6,-4.9867,2.025462,7.012162,7.012162,0.0
1516,train,558,6.543157000000001,MIP2D-398-Cl2Co1,Cl2Co,3,-4.5369,2.006257,6.543157000000001,6.543157000000001,0.0
1517,test,179,5.697814,MIP2D-625-Ge1I2,GeI2,3,-3.7583,1.9395139999999997,5.697814,5.697814,0.0
1518,train,729,5.34138,MIP2D-772-I6Ru2,I6Ru2,8,-3.2127,2.12868,5.34138,5.34138,0.0
1519,test,187,4.904186000000001,MIP2D-845-Mo2S2Se2,Mo2S2Se2,6,-0.0246,4.879586000000001,4.904186000000001,4.904186000000001,0.0
1520,train,824,5.751355,MIP2D-1124-Al2I2S2,Al2I2S2,6,-2.9593,2.792055,5.751355,5.751355,0.0
1521,train,1245,5.472474,MIP2D-645-Ge2P2,Ge2P2,4,-2.9735,2.498974,5.472474,5.472474,0.0
1522,train,309,4.681195,MIP2D-1701-Sc2Te6,Sc2Te6,8,-1.0558,3.6253949999999997,4.681195,4.681195,0.0
1523,train,1196,4.411548,MIP2D-1906-Te2Ti2,Te2Ti2,4,-2.2787,2.132848,4.411548,4.411548,0.0
1524,train,1200,3.7303189999999997,MIP2D-675-Hf2I6,Hf2I6,8,-1.8082,1.922119,3.7303189999999997,3.7303189999999997,0.0
1525,train,1252,4.803677,MIP2D-870-Nb1Te2,NbTe2,3,-2.1429,2.6607770000000004,4.803677,4.803677,0.0
1526,test,43,7.1755510000000005,MIP2D-1301-Cl2Co2O2,Cl2Co2O2,6,-4.7758,2.3997509999999997,7.1755510000000005,7.1755510000000005,0.0
1527,train,1340,6.872358999999999,MIP2D-1354-Cl2N2Pb2,Cl2N2Pb2,6,-4.2496,2.622759,6.872358999999999,6.872358999999999,0.0
1528,train,793,6.243174999999999,MIP2D-1795-I2O2Pr2,I2O2Pr2,6,-3.4693,2.7738749999999994,6.243174999999999,6.243174999999999,0.0
1529,train,846,5.6609169999999995,MIP2D-127-Bi2Se3,Bi2Se3,5,-2.4768,3.184117,5.6609169999999995,5.6609169999999995,0.0
1530,test,39,4.752306999999999,MIP2D-1860-Pr2Te6,Pr2Te6,8,-0.1669,4.585406999999999,4.752306999999999,4.752306999999999,0.0
1531,train,893,5.323044999999999,MIP2D-308-C1O2Ta2,CO2Ta2,5,-2.6851,2.6379449999999993,5.323044999999999,5.323044999999999,0.0
1532,train,547,4.308331,MIP2D-339-C2F2Y3,C2F2Y3,7,-1.762,2.546331,4.308331,4.308331,0.0
1533,train,487,7.430605,MIP2D-1106-Ag2Cl2Se2,Ag2Cl2Se2,6,-4.3212,3.1094049999999998,7.430605,7.430605,0.0
1534,train,235,4.333795,MIP2D-1674-Re2Te4,Re2Te4,6,-1.9053,2.4284950000000003,4.333795,4.333795,0.0
1535,train,277,3.7707319999999998,MIP2D-1803-Ir2Se2,Ir2Se2,4,-2.0657,1.7050319999999999,3.7707319999999998,3.7707319999999998,0.0
1536,train,217,5.318294,MIP2D-414-Cl2In1,Cl2In,3,-3.8555,1.4627940000000001,5.318294,5.318294,0.0
1537,train,389,4.0408740000000005,MIP2D-426-Cl2Nb1,Cl2Nb,3,-1.2707,2.7701740000000004,4.0408740000000005,4.0408740000000005,0.0
1538,test,4,4.958792000000001,MIP2D-1020-S2Sc2,S2Sc2,4,-2.6371,2.321692,4.958792000000001,4.958792000000001,0.0
1539,train,73,6.997145,MIP2D-48-As2Br6,As2Br6,8,-5.7696,1.2275449999999999,6.997145,6.997145,0.0
1540,train,999,3.624048,MIP2D-817-Ir2Te2,Ir2Te2,4,-0.6535,2.970548,3.624048,3.624048,0.0
1541,train,651,6.503151999999999,MIP2D-1175-Br2Cu2O2,Br2Cu2O2,6,-4.0619,2.4412519999999995,6.503151999999999,6.503151999999999,0.0
1542,train,1331,4.773133,MIP2D-1526-I2N2Pt2,I2N2Pt2,6,-1.6916,3.0815329999999994,4.773133,4.773133,0.0
1543,train,58,4.154261,MIP2D-1600-I6U2,I6U2,8,-1.673,2.481261,4.154261,4.154261,0.0
1544,val,39,6.684768,MIP2D-199-Br2Tl1,Br2Tl,3,-4.8334,1.8513680000000001,6.684768,6.684768,0.0
1545,train,1160,6.607215,MIP2D-217-Br6Fe2,Br6Fe2,8,-5.1521,1.4551150000000002,6.607215,6.607215,0.0
1546,train,1488,4.900074999999999,MIP2D-1657-Os2Se4,Os2Se4,6,-2.9897,1.9103749999999997,4.900074999999999,4.900074999999999,0.0
1547,val,128,6.360818999999999,MIP2D-833-Mo1O2,MoO2,3,-4.2014,2.1594189999999998,6.360818999999999,6.360818999999999,0.0
1548,test,28,4.4243310000000005,MIP2D-1712-Ta2Te6,Ta2Te6,8,-0.722,3.702331,4.4243310000000005,4.4243310000000005,0.0
1549,train,1307,6.045527999999999,MIP2D-788-I6Y2,I6Y2,8,-4.4609,1.584628,6.045527999999999,6.045527999999999,0.0
1550,train,836,5.999581999999999,MIP2D-755-I6Mn2,I6Mn2,8,-4.3908,1.6087819999999997,5.999581999999999,5.999581999999999,0.0
1551,train,777,5.3897960000000005,MIP2D-1284-Br4Nb2O2,Br4Nb2O2,8,-2.7155,2.674296,5.3897960000000005,5.3897960000000005,0.0
1552,train,541,7.073530999999999,MIP2D-1734-Bi2Br2O2,Bi2Br2O2,6,-4.1042,2.969331,7.073530999999999,7.073530999999999,0.0
1553,train,1289,6.467948000000001,MIP2D-303-C1Mo2O2,CMo2O2,5,-2.9967,3.4712480000000006,6.467948000000001,6.467948000000001,0.0
1554,train,717,7.662934,MIP2D-475-Cl6Fe2,Cl6Fe2,8,-6.0607,1.602234,7.662934,7.662934,0.0
1555,test,151,5.027559,MIP2D-734-I2Ti1,I2Ti,3,-3.0435,1.9840589999999998,5.027559,5.027559,0.0
1556,train,1391,5.392311,MIP2D-371-C2O2Zr3,C2O2Zr3,7,-1.0674,4.324911,5.392311,5.392311,0.0
1557,train,737,4.079842,MIP2D-422-Cl2Mo1,Cl2Mo,3,-1.8663,2.2135420000000003,4.079842,4.079842,0.0
1558,val,143,4.233621,MIP2D-985-Pt4Te6Tl2,Pt4Te6Tl2,12,-2.1176,2.1160210000000004,4.233621,4.233621,0.0
1559,train,415,5.618909,MIP2D-1146-Au2Se2,Au2Se2,4,-4.383,1.235909,5.618909,5.618909,0.0
1560,train,1280,6.559448,MIP2D-1801-Ir2O2,Ir2O2,4,-4.5166,2.0428479999999998,6.559448,6.559448,0.0
1561,val,178,5.884500999999999,MIP2D-396-Cd2P2S6,Cd2P2S6,10,-3.9972,1.8873009999999997,5.884500999999999,5.884500999999999,0.0
1562,val,166,3.0059869999999993,MIP2D-732-I2Ta1,I2Ta,3,-0.0673,2.9386869999999994,3.0059869999999993,3.0059869999999993,0.0
1563,train,556,7.008755000000001,MIP2D-807-Ir1O2,IrO2,3,-5.069,1.9397550000000003,7.008755000000001,7.008755000000001,0.0
1564,test,142,6.825296,MIP2D-1345-Cl2Mn2S2,Cl2Mn2S2,6,-4.1996,2.625696,6.825296,6.825296,0.0
1565,train,101,3.259065,MIP2D-1424-Cl4Nb2,Cl4Nb2,6,-0.8844,2.3746650000000002,3.259065,3.259065,0.0
1566,train,365,4.289311,MIP2D-159-Br2Ir1,Br2Ir,3,-2.7162,1.573111,4.289311,4.289311,0.0
1567,train,742,5.352168,MIP2D-765-I6Pd2,I6Pd2,8,-3.7089,1.6432680000000002,5.352168,5.352168,0.0
1568,train,1413,8.200565,MIP2D-550-Co3O8Ti1,Co3O8Ti,12,-6.2642,1.936365,8.200565,8.200565,0.0
1569,val,141,6.336475,MIP2D-616-Ga2O2,Ga2O2,4,-4.156,2.180475,6.336475,6.336475,0.0
1570,train,920,8.643646,MIP2D-936-O3Te1,O3Te,4,-6.854,1.789646,8.643646,8.643646,0.0
1571,train,1360,3.9206790000000007,MIP2D-1281-Br4Hf2,Br4Hf2,6,-2.0451,1.8755790000000006,3.9206790000000007,3.9206790000000007,0.0
1572,train,351,5.350371,MIP2D-1462-Dy2Te6,Dy2Te6,8,-0.2363,5.114071,5.350371,5.350371,0.0
1573,train,409,4.284149,MIP2D-1581-I2Se2Ta2,I2Se2Ta2,6,-1.5231,2.7610490000000003,4.284149,4.284149,0.0
1574,test,68,4.696372,MIP2D-1709-Se6W2,Se6W2,8,-2.8445,1.8518720000000002,4.696372,4.696372,0.0
1575,test,2,6.3190360000000005,MIP2D-1742-Br2H2Sr2,H2Br2Sr2,6,-4.4992,1.819836,6.3190360000000005,6.3190360000000005,0.0
1576,train,1353,4.564469,MIP2D-1007-Ru1Te2,RuTe2,3,-2.0195,2.544969,4.564469,4.564469,0.0
1577,train,1333,5.8080940000000005,MIP2D-163-Br2Mn1,Br2Mn,3,-4.2521,1.5559939999999999,5.8080940000000005,5.8080940000000005,0.0
1578,train,1309,6.174574999999999,MIP2D-1441-Co2S4,Co2S4,6,-4.0329,2.1416749999999998,6.174574999999999,6.174574999999999,0.0
1579,train,648,7.4867360000000005,MIP2D-471-Cl6Cu2,Cl6Cu2,8,-5.8206,1.6661360000000003,7.4867360000000005,7.4867360000000005,0.0
1580,train,193,4.925351,MIP2D-1056-Se1Yb1,SeYb,2,-4.3764,0.5489510000000001,4.925351,4.925351,0.0
1581,train,490,4.766711,MIP2D-1071-Se2W2,Se2W2,4,-1.2408,3.525911,4.766711,4.766711,0.0
1582,train,21,6.829738,MIP2D-1310-Cl2Cu2S2,Cl2Cu2S2,6,-4.1502,2.679538,6.829738,6.829738,0.0
1583,train,1313,6.457267,MIP2D-143-Br2Cu1,Br2Cu,3,-4.5188,1.938467,6.457267,6.457267,0.0
1584,test,108,5.023166,MIP2D-313-C1O2Zr2,CO2Zr2,5,-2.1059,2.9172659999999997,5.023166,5.023166,0.0
1585,train,105,4.727740000000001,MIP2D-1411-Cl2Se2Ta2,Cl2Se2Ta2,6,-2.3627,2.3650400000000005,4.727740000000001,4.727740000000001,0.0
1586,train,546,4.591295,MIP2D-1415-Cl2Se2W2,Cl2Se2W2,6,-2.3559,2.2353949999999996,4.591295,4.591295,0.0
1587,train,45,3.9799809999999995,MIP2D-1291-Br4Zr2,Br4Zr2,6,-1.8582,2.1217809999999995,3.9799809999999995,3.9799809999999995,0.0
1588,train,609,6.3724609999999995,MIP2D-1396-Cl2Rh2S2,Cl2Rh2S2,6,-3.7412,2.631261,6.3724609999999995,6.3724609999999995,0.0
1589,train,557,6.472655,MIP2D-497-Cl6Pt2,Cl6Pt2,8,-5.0684,1.404255,6.472655,6.472655,0.0
1590,test,67,5.174962,MIP2D-714-I2Pd1,I2Pd,3,-3.082,2.092962,5.174962,5.174962,0.0
1591,train,483,4.736269,MIP2D-920-O2Ta2,O2Ta2,4,-2.4386,2.297669,4.736269,4.736269,0.0
1592,train,994,4.604796,MIP2D-1086-Te2Ti1,Te2Ti,3,-2.0904,2.514396,4.604796,4.604796,0.0
1593,train,1428,5.086492999999999,MIP2D-42-Al2Te2,Al2Te2,4,-2.5174,2.5690929999999996,5.086492999999999,5.086492999999999,0.0
1594,train,406,6.8399220000000005,MIP2D-455-Cl2Tl1,Cl2Tl,3,-5.1938,1.646122,6.8399220000000005,6.8399220000000005,0.0
1595,val,163,4.287539,MIP2D-649-Ge6N2,Ge6N2,8,-3.3868,0.9007390000000001,4.287539,4.287539,0.0
1596,train,146,6.143139,MIP2D-782-I6Tl2,I6Tl2,8,-4.3856,1.757539,6.143139,6.143139,0.0
1597,train,62,5.761344,MIP2D-1439-Co2I2Se2,Co2I2Se2,6,-2.9405,2.820844,5.761344,5.761344,0.0
1598,train,731,6.066228000000001,MIP2D-1448-Cr2I2S2,Cr2I2S2,6,-2.8201,3.246128,6.066228000000001,6.066228000000001,0.0
1599,val,57,7.40025,MIP2D-1618-Mo2O6,Mo2O6,8,-5.0224,2.3778499999999996,7.40025,7.40025,0.0
1600,train,847,4.587019,MIP2D-983-Pt2Te2,Pt2Te2,4,-2.1714,2.415619,4.587019,4.587019,0.0
1601,train,90,3.316635,MIP2D-194-Br2Ta1,Br2Ta,3,-0.9358,2.3808350000000003,3.316635,3.316635,0.0
1602,train,1120,4.834919,MIP2D-1241-Br2O2Pt2,Br2O2Pt2,6,-2.3839,2.451019,4.834919,4.834919,0.0
1603,val,81,5.636512,MIP2D-1570-I2S2Sb2,I2S2Sb2,6,-2.9754,2.661112,5.636512,5.636512,0.0
1604,train,1334,5.915907000000001,MIP2D-1133-Au2Br2N2,Au2Br2N2,6,-3.1648,2.751107,5.915907000000001,5.915907000000001,0.0
1605,train,1113,3.926929,MIP2D-1893-Se2Sn2,Se2Sn2,4,-2.0711,1.855829,3.926929,3.926929,0.0
1606,train,369,7.053367,MIP2D-1155-Bi2Cl2N2,Bi2Cl2N2,6,-3.9976,3.0557670000000003,7.053367,7.053367,0.0
1607,train,947,7.041825,MIP2D-254-Br6Tl2,Br6Tl2,8,-5.6022,1.4396250000000002,7.041825,7.041825,0.0
1608,train,1150,7.192043999999999,MIP2D-496-Cl6Pd2,Cl6Pd2,8,-5.5973,1.594744,7.192043999999999,7.192043999999999,0.0
1609,train,1212,5.0175030000000005,MIP2D-608-Ga1N1,GaN,2,-4.1999,0.8176029999999999,5.0175030000000005,5.0175030000000005,0.0
1610,val,35,8.176003,MIP2D-922-O2Ti1,O2Ti,3,-6.3245,1.8515030000000003,8.176003,8.176003,0.0
1611,train,79,5.434151,MIP2D-1437-Co2I2O2,Co2I2O2,6,-2.1144,3.319751,5.434151,5.434151,0.0
1612,val,51,5.3626119999999995,MIP2D-395-Cd1Te1,CdTe,2,-4.4082,0.9544119999999999,5.3626119999999995,5.3626119999999995,0.0
1613,train,14,4.173732,MIP2D-964-Pb6Sb2,Pb6Sb2,8,-3.286,0.8877320000000001,4.173732,4.173732,0.0
1614,train,348,5.1312489999999995,MIP2D-1443-Co2Se6,Co2Se6,8,-2.2862,2.8450489999999995,5.1312489999999995,5.1312489999999995,0.0
1615,train,904,6.910774999999999,MIP2D-1469-Fe2O6,Fe2O6,8,-4.4014,2.509375,6.910774999999999,6.910774999999999,0.0
1616,train,1322,6.313427,MIP2D-1498-Hf3S8Ti1,Hf3S8Ti,12,-4.3551,1.958327,6.313427,6.313427,0.0
1617,train,551,5.050221,MIP2D-588-Fe1Ga2S4,FeGa2S4,7,-1.3506,3.6996209999999996,5.050221,5.050221,0.0
1618,train,538,4.722879,MIP2D-1046-Sb2Te3,Sb2Te3,5,-1.0944,3.628479,4.722879,4.722879,0.0
1619,train,280,6.788143,MIP2D-1311-Cl2Cu2Se2,Cl2Cu2Se2,6,-4.1353,2.652843,6.788143,6.788143,0.0
1620,val,31,5.620916,MIP2D-1792-I2N2Th2,I2N2Th2,6,-2.47,3.150916,5.620916,5.620916,0.0
1621,train,1134,5.880329000000001,MIP2D-1790-Hg1I2,HgI2,3,-4.472,1.408329,5.880329000000001,5.880329000000001,0.0
1622,train,862,5.763234,MIP2D-337-C2F2W3,C2F2W3,7,-1.1878,4.575434,5.763234,5.763234,0.0
1623,test,22,5.562054,MIP2D-69-Au1I2,AuI2,3,-3.3858,2.1762539999999997,5.562054,5.562054,0.0
1624,train,784,7.271791,MIP2D-90-B1Cl3,BCl3,4,-6.7039,0.567891,7.271791,7.271791,0.0
1625,train,1188,4.863754,MIP2D-1836-O2Ru2,O2Ru2,4,-3.212,1.651754,4.863754,4.863754,0.0
1626,train,444,3.9043039999999998,MIP2D-363-C2Nb3,C2Nb3,5,0.4264,4.330704,3.9043039999999998,3.9043039999999998,0.0
1627,train,457,5.476928,MIP2D-621-Ga2Se2,Ga2Se2,4,-3.3246,2.152328,5.476928,5.476928,0.0
1628,train,1095,1.860102,MIP2D-1298-Ca2Si2,Ca2Si2,4,-0.5365,1.323602,1.860102,1.860102,0.0
1629,train,892,5.897756,MIP2D-245-Br6Ru2,Br6Ru2,8,-4.5601,1.337656,5.897756,5.897756,0.0
1630,train,367,5.150791000000001,MIP2D-320-C1W2,CW2,3,-2.8041,2.3466910000000007,5.150791000000001,5.150791000000001,0.0
1631,train,339,3.824428,MIP2D-813-Ir1Te2,IrTe2,3,-1.4293,2.395128,3.824428,3.824428,0.0
1632,train,1211,5.550994,MIP2D-1252-Br2Os2S2,Br2Os2S2,6,-3.0676,2.483394,5.550994,5.550994,0.0
1633,train,1277,7.247877,MIP2D-468-Cl6Co2,Cl6Co2,8,-5.6804,1.567477,7.247877,7.247877,0.0
1634,train,833,3.923536,MIP2D-1008-Ru1Te2,RuTe2,3,-1.6968,2.226736,3.923536,3.923536,0.0
1635,train,1117,6.2392710000000005,MIP2D-1636-O4Os2,O4Os2,6,-4.7474,1.4918710000000002,6.2392710000000005,6.2392710000000005,0.0
1636,train,536,5.028001,MIP2D-1680-Rh2Te4,Rh2Te4,6,-2.5081,2.519901,5.028001,5.028001,0.0
1637,train,960,2.698892,MIP2D-1841-O2Ti2,O2Ti2,4,-1.6131,1.085792,2.698892,2.698892,0.0
1638,train,1462,5.337425,MIP2D-953-P2Sn2,P2Sn2,4,-2.4996,2.837825,5.337425,5.337425,0.0
1639,train,706,6.850873,MIP2D-155-Br2Hg1,Br2Hg,3,-5.3564,1.4944730000000002,6.850873,6.850873,0.0
1640,train,1010,6.259272,MIP2D-713-I2Pb1,I2Pb,3,-4.1664,2.092872,6.259272,6.259272,0.0
1641,train,1485,5.035220000000001,MIP2D-871-Nb2O2,Nb2O2,4,-1.7374,3.29782,5.035220000000001,5.035220000000001,0.0
1642,train,479,4.788684,MIP2D-694-Hg1Te2,HgTe2,3,-2.3387,2.4499839999999997,4.788684,4.788684,0.0
1643,train,1125,5.771168,MIP2D-1240-Br2O2Pd2,Br2O2Pd2,6,-3.3723,2.3988680000000002,5.771168,5.771168,0.0
1644,train,265,4.961449,MIP2D-1271-Br2S2Zr2,Br2S2Zr2,6,-2.362,2.599449,4.961449,4.961449,0.0
1645,train,31,6.5832239999999995,MIP2D-1529-I2N2Sc2,I2N2Sc2,6,-3.1911,3.392124,6.5832239999999995,6.5832239999999995,0.0
1646,train,747,3.954706,MIP2D-1901-Si1Te1,SiTe,2,-3.3909,0.563806,3.954706,3.954706,0.0
1647,train,1349,4.407563000000001,MIP2D-277-C1F2Sc2,CF2Sc2,5,-2.4625,1.9450630000000004,4.407563000000001,4.407563000000001,0.0
1648,train,512,6.763377,MIP2D-1303-Cl2Co2Se2,Cl2Co2Se2,6,-4.3909,2.372477,6.763377,6.763377,0.0
1649,test,62,4.897015,MIP2D-1403-Cl2S2Ta2,Cl2S2Ta2,6,-2.3132,2.583815,4.897015,4.897015,0.0
1650,train,1161,4.870055,MIP2D-1616-Mn2Te6,Mn2Te6,8,-0.946,3.924055,4.870055,4.870055,0.0
1651,test,150,6.923739,MIP2D-806-Ir1O2,IrO2,3,-5.2595,1.6642390000000002,6.923739,6.923739,0.0
1652,train,1294,4.785511,MIP2D-918-O2Ta1,O2Ta,3,-3.3435,1.442011,4.785511,4.785511,0.0
1653,test,131,5.116641,MIP2D-805-In2Te2,In2Te2,4,-2.4205,2.6961410000000003,5.116641,5.116641,0.0
1654,train,239,6.994493,MIP2D-912-O2Ru2,O2Ru2,4,-3.5939,3.4005929999999998,6.994493,6.994493,0.0
1655,train,1178,6.102189000000001,MIP2D-1225-Br2N2Sn2,Br2N2Sn2,6,-3.3149,2.7872890000000003,6.102189000000001,6.102189000000001,0.0
1656,train,696,7.010073,MIP2D-1343-Cl2Mn2N2,Cl2Mn2N2,6,-4.1336,2.876473,7.010073,7.010073,0.0
1657,train,1271,3.338898,MIP2D-1884-S2Zr2,S2Zr2,4,-0.7929,2.545998,3.338898,3.338898,0.0
1658,test,154,6.446452,MIP2D-198-Br2Tl1,Br2Tl,3,-4.8302,1.616252,6.446452,6.446452,0.0
1659,train,443,4.811257,MIP2D-773-I6Ru2,I6Ru2,8,-2.6987,2.1125570000000002,4.811257,4.811257,0.0
1660,train,439,5.665889,MIP2D-1442-Co2Se4,Co2Se4,6,-3.6092,2.056689,5.665889,5.665889,0.0
1661,train,1396,7.79621,MIP2D-1450-Cr2O4,Cr2O4,6,-5.9939,1.8023099999999999,7.79621,7.79621,0.0
1662,train,942,5.459852,MIP2D-358-C2Hf3O2,C2Hf3O2,7,-2.1675,3.292352,5.459852,5.459852,0.0
1663,train,1388,4.120236,MIP2D-1429-Cl4Ti2,Cl4Ti2,6,-2.2391,1.8811360000000001,4.120236,4.120236,0.0
1664,train,1111,4.514079,MIP2D-1525-I2N2Pd2,I2N2Pd2,6,-1.3256,3.188479,4.514079,4.514079,0.0
1665,train,779,5.166001,MIP2D-490-Cl6Nb2,Cl6Nb2,8,-2.9442,2.221801,5.166001,5.166001,0.0
1666,train,1009,6.467919,MIP2D-64-Au1Br2,AuBr2,3,-4.6243,1.843619,6.467919,6.467919,0.0
1667,train,1069,5.011218,MIP2D-609-Ga1N1,GaN,2,-4.1989,0.8123180000000001,5.011218,5.011218,0.0
1668,train,636,4.860208,MIP2D-815-Ir2S2,Ir2S2,4,-1.8466,3.0136080000000005,4.860208,4.860208,0.0
1669,train,168,1.842915,MIP2D-347-C2H2Nb3O2,C2H2Nb3O2,9,2.2525,4.095415,1.842915,1.842915,0.0
1670,train,579,7.651201,MIP2D-447-Cl2Sr1,Cl2Sr,3,-6.4262,1.2250010000000002,7.651201,7.651201,0.0
1671,train,821,4.914413,MIP2D-562-Cr2Ge2Te6,Cr2Ge2Te6,10,-2.4552,2.4592129999999996,4.914413,4.914413,0.0
1672,train,1005,5.076471,MIP2D-1090-Te2V1,Te2V,3,-2.3952,2.681271,5.076471,5.076471,0.0
1673,train,603,5.763172,MIP2D-1409-Cl2Sc2Se2,Cl2Sc2Se2,6,-3.748,2.0151719999999997,5.763172,5.763172,0.0
1674,train,435,4.766017,MIP2D-1665-Pt2S6,Pt2S6,8,-2.0609,2.7051169999999995,4.766017,4.766017,0.0
1675,train,748,4.881699,MIP2D-1705-Se6Ta2,Se6Ta2,8,-1.9391,2.942599,4.881699,4.881699,0.0
1676,train,1414,4.9890419999999995,MIP2D-265-C12,C12,12,-4.2421,0.746942,4.9890419999999995,4.9890419999999995,0.0
1677,train,1151,4.456012,MIP2D-573-Cu1S2,CuS2,3,-3.0849,1.371112,4.456012,4.456012,0.0
1678,train,1433,5.683930999999999,MIP2D-866-Nb1S2,NbS2,3,-3.2976,2.3863309999999998,5.683930999999999,5.683930999999999,0.0
1679,train,908,5.6663499999999996,MIP2D-950-P2Si2,P2Si2,4,-2.9788,2.68755,5.6663499999999996,5.6663499999999996,0.0
1680,train,303,5.8837600000000005,MIP2D-1222-Br2N2Rh2,Br2N2Rh2,6,-3.1679,2.71586,5.8837600000000005,5.8837600000000005,0.0
1681,train,817,1.302187,MIP2D-1607-K2O2Pd1,K2O2Pd,5,-1.2633,0.038887,1.302187,1.302187,0.0
1682,train,859,4.574509,MIP2D-457-Cl2V1,Cl2V,3,-2.5157,2.058809,4.574509,4.574509,0.0
1683,train,997,6.068833,MIP2D-1389-Cl2Os2Se2,Cl2Os2Se2,6,-3.7205,2.348333,6.068833,6.068833,0.0
1684,test,64,5.380597,MIP2D-268-C1Cl2Sc2,CCl2Sc2,5,-2.6687,2.711897,5.380597,5.380597,0.0
1685,train,1420,4.2044429999999995,MIP2D-605-Fe3Ge1Te2,Fe3GeTe2,6,-1.6227,2.581743,4.2044429999999995,4.2044429999999995,0.0
1686,train,417,4.418661999999999,MIP2D-1011-Ru2Te2,Ru2Te2,4,-1.7825,2.6361619999999997,4.418661999999999,4.418661999999999,0.0
1687,train,274,5.051906,MIP2D-27-Al1N1,AlN,2,-4.1514,0.9005060000000003,5.051906,5.051906,0.0
1688,train,1101,5.853153,MIP2D-1003-Ru1S2,RuS2,3,-3.6578,2.195353,5.853153,5.853153,0.0
1689,train,1276,3.9320939999999998,MIP2D-376-C2V3,C2V3,5,-0.5311,3.400994,3.9320939999999998,3.9320939999999998,0.0
1690,train,800,6.575913,MIP2D-435-Cl2Pt1,Cl2Pt,3,-4.4604,2.115513,6.575913,6.575913,0.0
1691,train,535,4.58214,MIP2D-509-Cl6Ta2,Cl6Ta2,8,-2.6662,1.9159400000000002,4.58214,4.58214,0.0
1692,train,310,3.608423,MIP2D-735-I2Ti1,I2Ti,3,-1.1904,2.4180230000000003,3.608423,3.608423,0.0
1693,train,1193,5.801613,MIP2D-1269-Br2S2V2,Br2S2V2,6,-3.4831,2.3185130000000003,5.801613,5.801613,0.0
1694,train,373,4.91327,MIP2D-1416-Cl2Se2Zr2,Cl2Se2Zr2,6,-2.4131,2.50017,4.91327,4.91327,0.0
1695,train,286,4.225934,MIP2D-1519-I2Mo2O2,I2Mo2O2,6,-1.2707,2.955234,4.225934,4.225934,0.0
1696,val,171,7.79602,MIP2D-666-Hf1O2,HfO2,3,-6.2813,1.51472,7.79602,7.79602,0.0
1697,train,1348,-12.673953,MIP2D-1048-Sb6Te6,Sb6Te6,12,4.2555,-8.418453,-12.673953,-12.673953,0.0
1698,train,360,6.592473999999999,MIP2D-1248-Br2O2Tl2,Br2O2Tl2,6,-4.2936,2.298874,6.592473999999999,6.592473999999999,0.0
1699,test,121,4.614475,MIP2D-43-As1B1,AsB,2,-3.6736,0.9408749999999999,4.614475,4.614475,0.0
1700,train,188,4.147969000000001,MIP2D-88-Au2Te2,Au2Te2,4,-1.9237,2.2242690000000005,4.147969000000001,4.147969000000001,0.0
1701,train,213,4.262075,MIP2D-1047-Sb3Si1,Sb3Si,4,-2.9792,1.282875,4.262075,4.262075,0.0
1702,train,750,5.33672,MIP2D-1412-Cl2Se2Ti2,Cl2Se2Ti2,6,-3.0943,2.24242,5.33672,5.33672,0.0
1703,train,99,5.81405,MIP2D-1671-Re2S6,Re2S6,8,-3.2604,2.55365,5.81405,5.81405,0.0
1704,train,1048,5.949256,MIP2D-35-Al2I6,Al2I6,8,-4.0074,1.941856,5.949256,5.949256,0.0
1705,train,1463,5.545953,MIP2D-864-Nb1S1Se1,NbSSe,3,-3.0966,2.449353,5.545953,5.545953,0.0
1706,train,428,5.901972000000001,MIP2D-1342-Cl2Ir2Se2,Cl2Ir2Se2,6,-3.5357,2.366272000000001,5.901972000000001,5.901972000000001,0.0
1707,train,867,5.065257999999999,MIP2D-528-Co1Ga2S4,CoGa2S4,7,-1.0371,4.0281579999999995,5.065257999999999,5.065257999999999,0.0
1708,train,222,6.379519,MIP2D-1116-Al2Cl2N2,Al2Cl2N2,6,-3.6478,2.731719,6.379519,6.379519,0.0
1709,test,97,6.207993,MIP2D-1422-Cl4Mn2,Cl4Mn2,6,-4.2881,1.9198930000000005,6.207993,6.207993,0.0
1710,train,82,4.817169,MIP2D-1625-Mo2Te6,Mo2Te6,8,-0.7628,4.0543689999999994,4.817169,4.817169,0.0
1711,train,167,6.506125,MIP2D-888-O18Te8,O18Te8,26,-4.8597,1.646425,6.506125,6.506125,0.0
1712,train,1378,4.777668,MIP2D-928-O2V2,O2V2,4,-2.5027,2.274968,4.777668,4.777668,0.0
1713,train,1110,5.378252,MIP2D-1275-Br2Se2Ti2,Br2Se2Ti2,6,-3.0953,2.2829520000000003,5.378252,5.378252,0.0
1714,train,606,5.721589,MIP2D-1393-Cl2Pd2Se2,Cl2Pd2Se2,6,-3.4556,2.2659890000000003,5.721589,5.721589,0.0
1715,train,1397,5.765114,MIP2D-1761-Co2Se2,Co2Se2,4,-3.9859,1.7792139999999996,5.765114,5.765114,0.0
1716,train,1136,4.909218,MIP2D-679-Hf2S2,Hf2S2,4,-2.0245,2.884718,4.909218,4.909218,0.0
1717,train,260,5.008463,MIP2D-763-I6Os2,I6Os2,8,-2.9915,2.016963,5.008463,5.008463,0.0
1718,train,179,5.323321,MIP2D-1572-I2S2Sn2,I2S2Sn2,6,-2.5498,2.7735210000000006,5.323321,5.323321,0.0
1719,train,271,6.128805,MIP2D-498-Cl6Pt2,Cl6Pt2,8,-4.3387,1.790105,6.128805,6.128805,0.0
1720,train,1445,7.5832429999999995,MIP2D-98-Ba1Cl2,BaCl2,3,-6.2086,1.374643,7.5832429999999995,7.5832429999999995,0.0
1721,train,1432,5.224564000000001,MIP2D-1077-Sn1Te1,SnTe,2,-3.4569,1.7676640000000003,5.224564000000001,5.224564000000001,0.0
1722,train,1456,6.370819,MIP2D-1300-Cl2Co2N2,Cl2Co2N2,6,-3.8994,2.471419,6.370819,6.370819,0.0
1723,train,142,4.497225,MIP2D-1538-I2Nb2S2,I2Nb2S2,6,-1.2416,3.2556249999999998,4.497225,4.497225,0.0
1724,train,589,5.073849,MIP2D-1876-S1Zn1,SZn,2,-4.2452,0.8286490000000001,5.073849,5.073849,0.0
1725,train,951,4.194812,MIP2D-130-Bi2Te2,Bi2Te2,4,-0.909,3.285812,4.194812,4.194812,0.0
1726,train,1335,6.680312000000001,MIP2D-138-Br2Co1,Br2Co,3,-5.0448,1.6355119999999999,6.680312000000001,6.680312000000001,0.0
1727,test,69,3.20578,MIP2D-1831-O2Pb2,O2Pb2,4,-2.2164,0.9893799999999999,3.20578,3.20578,0.0
1728,train,1343,5.6419239999999995,MIP2D-258-Br6W2,Br6W2,8,-4.2127,1.429224,5.6419239999999995,5.6419239999999995,0.0
1729,val,53,7.870967,MIP2D-536-Co1O2,CoO2,3,-6.4509,1.420067,7.870967,7.870967,0.0
1730,test,9,4.7757950000000005,MIP2D-1562-I2Pd2Se2,I2Pd2Se2,6,-2.215,2.560795,4.7757950000000005,4.7757950000000005,0.0
1731,val,95,1.6397789999999999,MIP2D-354-C2H2O2Y3,C2H2O2Y3,9,0.106,1.745779,1.6397789999999999,1.6397789999999999,0.0
1732,train,507,3.561293,MIP2D-704-I2Mo1,I2Mo,3,-1.1425,2.418793,3.561293,3.561293,0.0
1733,train,384,5.0384899999999995,MIP2D-862-Nb1O2,NbO2,3,-3.3424,1.6960899999999999,5.0384899999999995,5.0384899999999995,0.0
1734,val,168,4.351107,MIP2D-979-Pt1Te2,PtTe2,3,-2.1277,2.223407,4.351107,4.351107,0.0
1735,train,605,6.017022,MIP2D-1063-Se2Ti1,Se2Ti,3,-3.9792,2.037822,6.017022,6.017022,0.0
1736,test,135,5.13419,MIP2D-1089-Te2Tl2,Te2Tl2,4,-2.5841,2.55009,5.13419,5.13419,0.0
1737,train,237,7.852415000000001,MIP2D-1610-Mn2O4,Mn2O4,6,-5.7666,2.085815,7.852415000000001,7.852415000000001,0.0
1738,train,187,7.026232,MIP2D-249-Br6Sc2,Br6Sc2,8,-5.6397,1.3865319999999999,7.026232,7.026232,0.0
1739,train,283,3.54969,MIP2D-297-C1Hf2,CHf2,3,-2.2984,1.2512899999999998,3.54969,3.54969,0.0
1740,train,1355,4.63135,MIP2D-324-C2Cr3,C2Cr3,5,-1.5259,3.1054500000000003,4.63135,4.63135,0.0
1741,train,1217,4.2034709999999995,MIP2D-45-As1In1,AsIn,2,-3.7335,0.46997099999999997,4.2034709999999995,4.2034709999999995,0.0
1742,train,1186,6.360341,MIP2D-80-Au2Br6,Au2Br6,8,-5.257,1.1033410000000001,6.360341,6.360341,0.0
1743,train,1103,6.563779,MIP2D-895-O2Os2,O2Os2,4,-3.4084,3.155379,6.563779,6.563779,0.0
1744,val,122,6.477482,MIP2D-843-Mo2O2,Mo2O2,4,-3.1501,3.327382,6.477482,6.477482,0.0
1745,train,1498,5.281004,MIP2D-940-Os1Se2,OsSe2,3,-3.2704,2.0106040000000003,5.281004,5.281004,0.0
1746,train,1169,5.386551000000001,MIP2D-1574-I2S2Ti2,I2S2Ti2,6,-2.2965,3.0900510000000003,5.386551000000001,5.386551000000001,0.0
1747,train,386,4.541312,MIP2D-1776-Ga1S1,GaS,2,-3.6122,0.9291119999999999,4.541312,4.541312,0.0
1748,train,542,3.822877,MIP2D-1779-Ge1S1,GeS,2,-3.2517,0.571177,3.822877,3.822877,0.0
1749,train,707,5.813446,MIP2D-564-Cr2I6,Cr2I6,8,-3.7366,2.0768459999999997,5.813446,5.813446,0.0
1750,train,255,3.1300019999999997,MIP2D-742-I2W1,I2W,3,-0.88,2.250002,3.1300019999999997,3.1300019999999997,0.0
1751,train,491,6.559185,MIP2D-1100-Ag2Br2O2,Ag2Br2O2,6,-4.3147,2.244485,6.559185,6.559185,0.0
1752,test,105,4.382088,MIP2D-891-O1Ti2,OTi2,3,-1.7638,2.6182880000000006,4.382088,4.382088,0.0
1753,train,883,3.47999,MIP2D-575-Cu1Se2,CuSe2,3,-2.4894,0.9905899999999999,3.47999,3.47999,0.0
1754,train,324,4.857555,MIP2D-93-B1P1,BP,2,-3.8299,1.027655,4.857555,4.857555,0.0
1755,val,134,4.692275,MIP2D-1015-S1Se1W1,SSeW,3,-2.9478,1.744475,4.692275,4.692275,0.0
1756,train,202,5.017939,MIP2D-1066-Se2V1,Se2V,3,-3.0562,1.9617390000000001,5.017939,5.017939,0.0
1757,train,378,6.001366,MIP2D-1220-Br2N2Pd2,Br2N2Pd2,6,-3.3672,2.634166,6.001366,6.001366,0.0
1758,train,970,5.31901,MIP2D-185-Br2Ru1,Br2Ru,3,-3.5837,1.7353099999999997,5.31901,5.31901,0.0
1759,train,1487,3.0646649999999998,MIP2D-204-Br2Y1,Br2Y,3,-1.4568,1.6078649999999997,3.0646649999999998,3.0646649999999998,0.0
1760,train,796,3.524348,MIP2D-731-I2Ta1,I2Ta,3,-0.7763,2.748048,3.524348,3.524348,0.0
1761,train,1014,6.211575,MIP2D-1181-Br2Fe2S2,Br2Fe2S2,6,-3.8199,2.391675,6.211575,6.211575,0.0
1762,train,912,4.961074,MIP2D-1497-Hf2Te6,Hf2Te6,8,-1.3317,3.629374,4.961074,4.961074,0.0
1763,train,988,6.157541,MIP2D-1749-Ca2H2I2,H2Ca2I2,6,-3.7052,2.4523409999999997,6.157541,6.157541,0.0
1764,train,1346,7.464873,MIP2D-686-Hg1O2,HgO2,3,-6.1376,1.3272729999999997,7.464873,7.464873,0.0
1765,test,117,2.790971,MIP2D-1595-I4Ta2,I4Ta2,6,-0.424,2.366971,2.790971,2.790971,0.0
1766,train,38,4.513649,MIP2D-1867-Rh2S2,Rh2S2,4,-2.8615,1.652149,4.513649,4.513649,0.0
1767,train,587,4.196308,MIP2D-323-C2,C2,2,-3.2915,0.9048079999999998,4.196308,4.196308,0.0
1768,train,185,2.8499450000000004,MIP2D-329-C2F2Hf3,C2F2Hf3,7,0.1852,3.0351450000000004,2.8499450000000004,2.8499450000000004,0.0
1769,val,32,4.373852,MIP2D-993-Re2Se2,Re2Se2,4,-1.038,3.3358520000000005,4.373852,4.373852,0.0
1770,train,1041,5.464150999999999,MIP2D-1214-Br2Mo2S2,Br2Mo2S2,6,-2.5268,2.9373509999999996,5.464150999999999,5.464150999999999,0.0
1771,val,88,5.350333,MIP2D-1249-Br2O2V2,Br2O2V2,6,-2.9792,2.371133,5.350333,5.350333,0.0
1772,train,181,6.250653000000001,MIP2D-184-Br2Rh1,Br2Rh,3,-4.0303,2.2203530000000002,6.250653000000001,6.250653000000001,0.0
1773,val,129,5.213669,MIP2D-1905-Te1Zn1,TeZn,2,-4.1844,1.029269,5.213669,5.213669,0.0
1774,train,147,7.237222,MIP2D-134-Br2Ca1,Br2Ca,3,-5.8652,1.372022,7.237222,7.237222,0.0
1775,test,103,6.6800820000000005,MIP2D-1417-Cl4Ge2,Cl4Ge2,6,-5.2931,1.3869820000000002,6.6800820000000005,6.6800820000000005,0.0
1776,train,937,5.644451999999999,MIP2D-312-C1O2Y2,CO2Y2,5,-3.3189,2.3255519999999996,5.644451999999999,5.644451999999999,0.0
1777,train,358,7.427554,MIP2D-1650-O6Ti2,O6Ti2,8,-4.8323,2.5952539999999997,7.427554,7.427554,0.0
1778,train,374,5.651604000000001,MIP2D-578-Cu2I6,Cu2I6,8,-3.9851,1.6665040000000002,5.651604000000001,5.651604000000001,0.0
1779,train,619,5.911154,MIP2D-1833-O2Pt2,O2Pt2,4,-4.6783,1.2328540000000001,5.911154,5.911154,0.0
1780,train,108,6.696702,MIP2D-65-Au1Br2,AuBr2,3,-4.6128,2.083902,6.696702,6.696702,0.0
1781,test,153,6.426528000000001,MIP2D-919-O2Ta1,O2Ta,3,-4.8219,1.6046280000000004,6.426528000000001,6.426528000000001,0.0
1782,train,958,7.340776999999999,MIP2D-463-Cl2Zn1,Cl2Zn,3,-5.7128,1.627977,7.340776999999999,7.340776999999999,0.0
1783,train,92,3.1124530000000004,MIP2D-527-Co1Ga2S4,CoGa2S4,7,-0.9195,2.192953,3.1124530000000004,3.1124530000000004,0.0
1784,train,643,5.9291,MIP2D-642-Ge2N2,Ge2N2,4,-3.4508,2.4783,5.9291,5.9291,0.0
1785,train,884,4.504673,MIP2D-1043-Sb2Si6,Sb2Si6,8,-3.3891,1.115573,4.504673,4.504673,0.0
1786,train,157,7.181826000000001,MIP2D-1306-Cl2Cr2S2,Cl2Cr2S2,6,-4.1222,3.059626,7.181826000000001,7.181826000000001,0.0
1787,train,182,5.592403,MIP2D-1613-Mn2Se4,Mn2Se4,6,-3.6363,1.956103,5.592403,5.592403,0.0
1788,train,591,7.0700970000000005,MIP2D-224-Br6In2,Br6In2,8,-5.5552,1.514897,7.0700970000000005,7.0700970000000005,0.0
1789,train,1272,3.83898,MIP2D-284-C1F2Zr2,CF2Zr2,5,-0.9503,2.88868,3.83898,3.83898,0.0
1790,val,70,4.9225140000000005,MIP2D-858-N2Sn2,N2Sn2,4,-2.1341,2.7884140000000004,4.9225140000000005,4.9225140000000005,0.0
1791,train,1175,3.6157209999999997,MIP2D-51-As2Ce1Li2,As2CeLi2,5,-1.8314,1.7843209999999998,3.6157209999999997,3.6157209999999997,0.0
1792,train,3,5.199415999999999,MIP2D-124-Bi2Se1Te2,Bi2SeTe2,5,-1.7444,3.4550159999999996,5.199415999999999,5.199415999999999,0.0
1793,train,1,5.183478,MIP2D-1826-Ni1O1,NiO,2,-4.3128,0.8706780000000001,5.183478,5.183478,0.0
1794,val,170,5.42602,MIP2D-1890-Se1Si1,SeSi,2,-3.4812,1.9448200000000004,5.42602,5.42602,0.0
1795,train,646,3.750758,MIP2D-208-Br2Zr1,Br2Zr,3,-1.476,2.274758,3.750758,3.750758,0.0
1796,train,1190,1.611158,MIP2D-355-C2H2O2Y3,C2H2O2Y3,9,0.1071,1.718258,1.611158,1.611158,0.0
1797,train,429,6.041482,MIP2D-1030-S2Tl2,S2Tl2,4,-3.5284,2.513082,6.041482,6.041482,0.0
1798,train,355,6.034288,MIP2D-417-Cl2Ir1,Cl2Ir,3,-3.8193,2.2149880000000004,6.034288,6.034288,0.0
1799,test,3,4.55931,MIP2D-1266-Br2S2Ta2,Br2S2Ta2,6,-2.0835,2.47581,4.55931,4.55931,0.0
1800,train,523,3.8165320000000005,MIP2D-461-Cl2Y1,Cl2Y,3,-2.1436,1.672932,3.8165320000000005,3.8165320000000005,0.0
1801,train,534,4.832666,MIP2D-525-Cl9Mo2Rb3,Cl9Mo2Rb3,14,-2.7567,2.075966,4.832666,4.832666,0.0
1802,train,15,6.265017,MIP2D-774-I6Sb2,I6Sb2,8,-4.5913,1.673717,6.265017,6.265017,0.0
1803,train,1112,3.6298529999999998,MIP2D-140-Br2Cr1,Br2Cr,3,-1.9159,1.713953,3.6298529999999998,3.6298529999999998,0.0
1804,train,392,4.257554,MIP2D-1723-Al1Se1,AlSe,2,-3.2874,0.9701540000000002,4.257554,4.257554,0.0
1805,train,506,6.226265,MIP2D-667-Hf1S1Se1,HfSSe,3,-4.3148,1.9114649999999997,6.226265,6.226265,0.0
1806,train,219,5.971813000000001,MIP2D-776-I6Sc2,I6Sc2,8,-4.2037,1.768113,5.971813000000001,5.971813000000001,0.0
1807,train,1238,8.639005000000001,MIP2D-585-F2O2U1,F2O2U,5,-7.0609,1.578105,8.639005000000001,8.639005000000001,0.0
1808,train,267,5.687547,MIP2D-986-Re1S2,ReS2,3,-3.4862,2.2013470000000006,5.687547,5.687547,0.0
1809,train,1156,6.43838,MIP2D-1254-Br2Pb2S2,Br2Pb2S2,6,-4.1261,2.31228,6.43838,6.43838,0.0
1810,train,829,5.486649,MIP2D-1349-Cl2Mo2S2,Cl2Mo2S2,6,-3.0197,2.466949,5.486649,5.486649,0.0
1811,train,245,5.019032,MIP2D-1532-I2N2Ti2,I2N2Ti2,6,-1.9587,3.0603320000000003,5.019032,5.019032,0.0
1812,train,337,4.504023,MIP2D-196-Br2Ti1,Br2Ti,3,-2.701,1.803023,4.504023,4.504023,0.0
1813,train,639,3.680581,MIP2D-203-Br2W1,Br2W,3,-1.2053,2.475281,3.680581,3.680581,0.0
1814,test,118,4.709828,MIP2D-1717-Te6V2,Te6V2,8,-1.0859,3.6239280000000003,4.709828,4.709828,0.0
1815,train,226,4.441647,MIP2D-1775-Fe2Te2,Fe2Te2,4,-3.165,1.276647,4.441647,4.441647,0.0
1816,train,578,4.407147,MIP2D-969-Pd1Te2,PdTe2,3,-2.2411,2.166047,4.407147,4.407147,0.0
1817,val,8,4.067827,MIP2D-1900-Se2Zr2,Se2Zr2,4,-2.3557,1.7121270000000002,4.067827,4.067827,0.0
1818,train,1367,3.99217,MIP2D-222-Br6Hf2,Br6Hf2,8,-2.3574,1.63477,3.99217,3.99217,0.0
1819,train,1262,7.2809859999999995,MIP2D-474-Cl6Fe1Zr1,Cl6FeZr,8,-5.5893,1.691686,7.2809859999999995,7.2809859999999995,0.0
1820,train,1023,5.352574,MIP2D-1212-Br2Mo2N2,Br2Mo2N2,6,-2.4667,2.885874,5.352574,5.352574,0.0
1821,train,1359,4.755237000000001,MIP2D-1446-Cr2I2N2,Cr2I2N2,6,-1.7809,2.9743370000000007,4.755237000000001,4.755237000000001,0.0
1822,train,297,4.717395,MIP2D-1510-I2Ir2N2,I2Ir2N2,6,-1.6452,3.072195,4.717395,4.717395,0.0
1823,train,625,6.630306000000001,MIP2D-1617-Mo2O4,Mo2O4,6,-4.6535,1.9768060000000003,6.630306000000001,6.630306000000001,0.0
1824,train,7,5.443334,MIP2D-179-Br2Pt1,Br2Pt,3,-3.6808,1.762534,5.443334,5.443334,0.0
1825,train,499,7.217078,MIP2D-1156-Bi2Cl2O2,Bi2Cl2O2,6,-4.4664,2.7506779999999997,7.217078,7.217078,0.0
1826,val,149,7.314824,MIP2D-260-Br6Y2,Br6Y2,8,-6.0581,1.2567240000000002,7.314824,7.314824,0.0
1827,train,911,4.22783,MIP2D-532-Co1Ga2Te4,CoGa2Te4,7,-0.0252,4.20263,4.22783,4.22783,0.0
1828,test,178,5.4912220000000005,MIP2D-644-Ge2P2,Ge2P2,4,-2.9889,2.5023220000000004,5.4912220000000005,5.4912220000000005,0.0
1829,train,1137,4.060608,MIP2D-859-N2Sn6,N2Sn6,8,-2.9845,1.076108,4.060608,4.060608,0.0
1830,train,342,5.262048,MIP2D-1267-Br2S2Ti2,Br2S2Ti2,6,-2.8655,2.396548,5.262048,5.262048,0.0
1831,train,25,6.094321000000001,MIP2D-1333-Cl2Hg2S2,Cl2Hg2S2,6,-3.7648,2.3295210000000006,6.094321000000001,6.094321000000001,0.0
1832,train,871,4.937899,MIP2D-242-Br6Re2,Br6Re2,8,-3.5614,1.3764989999999997,4.937899,4.937899,0.0
1833,val,148,7.164359,MIP2D-272-C1Cr2O2,CCr2O2,5,-4.0467,3.1176589999999997,7.164359,7.164359,0.0
1834,train,272,4.664065000000001,MIP2D-38-Al2O2,Al2O2,4,-2.3235,2.3405650000000002,4.664065000000001,4.664065000000001,0.0
1835,train,1319,5.400285,MIP2D-141-Br2Cr1,Br2Cr,3,-3.6989,1.7013849999999997,5.400285,5.400285,0.0
1836,val,56,5.489941999999999,MIP2D-568-Cu1I2,CuI2,3,-3.2436,2.246342,5.489941999999999,5.489941999999999,0.0
1837,train,700,5.115757,MIP2D-967-Pd1Se2,PdSe2,3,-3.3537,1.762057,5.115757,5.115757,0.0
1838,val,127,6.694647999999999,MIP2D-1172-Br2Cr2S2,Br2Cr2S2,6,-3.7853,2.9093479999999996,6.694647999999999,6.694647999999999,0.0
1839,train,48,5.959897,MIP2D-1227-Br2N2Ti2,Br2N2Ti2,6,-3.3877,2.572197,5.959897,5.959897,0.0
1840,val,154,4.737037,MIP2D-1474-Fe2Te4,Fe2Te4,6,-2.445,2.292037,4.737037,4.737037,0.0
1841,train,1448,6.802888,MIP2D-223-Br6In2,Br6In2,8,-5.3871,1.4157879999999998,6.802888,6.802888,0.0
1842,train,723,3.3801930000000002,MIP2D-442-Cl2Sc1,Cl2Sc,3,-1.6879,1.692293,3.3801930000000002,3.3801930000000002,0.0
1843,train,1052,6.317888999999999,MIP2D-1357-Cl2N2Rh2,Cl2N2Rh2,6,-3.5476,2.7702889999999996,6.317888999999999,6.317888999999999,0.0
1844,train,94,5.8803160000000005,MIP2D-1402-Cl2S2Sn2,Cl2S2Sn2,6,-3.4455,2.434816,5.8803160000000005,5.8803160000000005,0.0
1845,train,136,5.691765999999999,MIP2D-1514-I2Mn2N2,I2Mn2N2,6,-2.4887,3.2030659999999997,5.691765999999999,5.691765999999999,0.0
1846,val,77,3.903594,MIP2D-1847-Os2S2,Os2S2,4,-2.6806,1.222994,3.903594,3.903594,0.0
1847,test,101,4.77576,MIP2D-1762-Co2Te2,Co2Te2,4,-2.1668,2.60896,4.77576,4.77576,0.0
1848,train,1430,3.5370510000000004,MIP2D-1290-Br4Y2,Br4Y2,6,-1.7873,1.7497510000000003,3.5370510000000004,3.5370510000000004,0.0
1849,train,26,6.703347,MIP2D-154-Br2Hg1,Br2Hg,3,-5.3484,1.354947,6.703347,6.703347,0.0
1850,train,304,4.5404800000000005,MIP2D-1585-I2Se2W2,I2Se2W2,6,-1.8023,2.7381800000000003,4.5404800000000005,4.5404800000000005,0.0
1851,train,228,3.9762069999999996,MIP2D-1789-Hf3Te2,Hf3Te2,5,-0.9092,3.0670069999999994,3.9762069999999996,3.9762069999999996,0.0
1852,train,387,4.595747,MIP2D-381-C6N8,C6N8,14,-3.8576,0.738147,4.595747,4.595747,0.0
1853,train,1444,6.3261709999999995,MIP2D-190-Br2Sn1,Br2Sn,3,-4.592,1.734171,6.3261709999999995,6.3261709999999995,0.0
1854,test,100,3.9231380000000007,MIP2D-1192-Br2Hf2O2,Br2Hf2O2,6,-1.7318,2.1913380000000005,3.9231380000000007,3.9231380000000007,0.0
1855,test,0,5.092726,MIP2D-1692-S6Ta2,S6Ta2,8,-1.8194,3.273326,5.092726,5.092726,0.0
1856,train,736,4.3581319999999995,MIP2D-1883-S2Zr2,S2Zr2,4,-2.3604,1.9977319999999998,4.3581319999999995,4.3581319999999995,0.0
1857,train,370,4.40502,MIP2D-1896-Se2Ti2,Se2Ti2,4,-2.3392,2.0658200000000004,4.40502,4.40502,0.0
1858,train,1377,4.707560000000001,MIP2D-1683-Ru2S6,Ru2S6,8,-2.4257,2.2818600000000004,4.707560000000001,4.707560000000001,0.0
1859,val,23,6.285239,MIP2D-424-Cl2N2Zr2,Cl2N2Zr2,6,-2.8015,3.483739,6.285239,6.285239,0.0
1860,train,1183,3.5330250000000003,MIP2D-915-O2Sc2,O2Sc2,4,-1.8406,1.692425,3.5330250000000003,3.5330250000000003,0.0
1861,train,467,5.488125,MIP2D-997-Rh1Se2,RhSe2,3,-3.4994,1.9887249999999999,5.488125,5.488125,0.0
1862,test,33,5.291974,MIP2D-1144-Au2I2S2,Au2I2S2,6,-2.6117,2.680274,5.291974,5.291974,0.0
1863,train,1364,4.528877,MIP2D-1864-Re2S2,Re2S2,4,-2.4709,2.057977,4.528877,4.528877,0.0
1864,test,145,5.483403,MIP2D-1318-Cl2Fe2Se2,Cl2Fe2Se2,6,-3.3721,2.111303,5.483403,5.483403,0.0
1865,train,652,4.806145,MIP2D-1453-Cr2S6,Cr2S6,8,-2.5592,2.2469449999999997,4.806145,4.806145,0.0
1866,train,774,5.109233,MIP2D-1778-Ga1Te1,GaTe,2,-3.8663,1.242933,5.109233,5.109233,0.0
1867,val,105,4.8424190000000005,MIP2D-232-Br6Nb2,Br6Nb2,8,-2.7097,2.1327190000000003,4.8424190000000005,4.8424190000000005,0.0
1868,train,53,6.2668539999999995,MIP2D-244-Br6Rh2,Br6Rh2,8,-4.6857,1.581154,6.2668539999999995,6.2668539999999995,0.0
1869,train,87,5.920776999999999,MIP2D-1449-Cr2I2Se2,Cr2I2Se2,6,-3.0906,2.830177,5.920776999999999,5.920776999999999,0.0
1870,train,1008,6.627473,MIP2D-325-C2Cr3F2,C2Cr3F2,7,-2.5501,4.077373,6.627473,6.627473,0.0
1871,val,120,4.857108,MIP2D-1374-Cl2O2Os2,Cl2O2Os2,6,-2.7396,2.117508,4.857108,4.857108,0.0
1872,train,1491,5.7454979999999995,MIP2D-1691-S6Sc2,S6Sc2,8,-2.8581,2.887398,5.7454979999999995,5.7454979999999995,0.0
1873,val,169,4.942787000000001,MIP2D-1828-Ni2Se2,Ni2Se2,4,-3.4073,1.5354870000000003,4.942787000000001,4.942787000000001,0.0
1874,test,42,7.501177,MIP2D-665-Hf1O2,HfO2,3,-6.2464,1.2547769999999998,7.501177,7.501177,0.0
1875,train,986,6.441872,MIP2D-1112-Al2Br2N2,Al2Br2N2,6,-3.7332,2.7086720000000004,6.441872,6.441872,0.0
1876,train,1143,5.398859,MIP2D-1466-Fe2I2O2,Fe2I2O2,6,-2.416,2.9828590000000004,5.398859,5.398859,0.0
1877,train,657,5.455242,MIP2D-1483-Ge2I2S2,Ge2I2S2,6,-2.7938,2.661442,5.455242,5.455242,0.0
1878,test,104,4.621073,MIP2D-1528-I2N2Ru2,I2N2Ru2,6,-1.5558,3.065273,4.621073,4.621073,0.0
1879,train,149,5.125125000000001,MIP2D-1622-Mo2Se4,Mo2Se4,6,-2.825,2.300125,5.125125000000001,5.125125000000001,0.0
1880,val,40,4.24005,MIP2D-790-I6Zr2,I6Zr2,8,-1.94,2.3000499999999997,4.24005,4.24005,0.0
1881,train,955,4.590911,MIP2D-987-Re1S2,ReS2,3,-2.2277,2.363211,4.590911,4.590911,0.0
1882,test,63,3.7958709999999996,MIP2D-423-Cl2N1Sc2,Cl2NSc2,5,-1.0162,2.7796709999999996,3.7958709999999996,3.7958709999999996,0.0
1883,test,20,5.829809,MIP2D-1189-Br2Ge2S2,Br2Ge2S2,6,-3.5224,2.307409,5.829809,5.829809,0.0
1884,train,708,4.169852000000001,MIP2D-1587-I4Ir2,I4Ir2,6,-1.997,2.1728520000000002,4.169852000000001,4.169852000000001,0.0
1885,train,9,4.895178,MIP2D-1631-Nb2Se6,Nb2Se6,8,-1.5513,3.3438779999999992,4.895178,4.895178,0.0
1886,test,160,3.927691,MIP2D-1889-Sc2Te2,Sc2Te2,4,-2.1193,1.8083909999999999,3.927691,3.927691,0.0
1887,train,469,5.736481,MIP2D-336-C2F2V3,C2F2V3,7,-1.4338,4.302681000000001,5.736481,5.736481,0.0
1888,train,837,7.269233,MIP2D-1104-Ag2Cl2O2,Ag2Cl2O2,6,-5.0306,2.238633,7.269233,7.269233,0.0
1889,train,896,7.899463,MIP2D-537-Co1O2,CoO2,3,-6.4051,1.494363,7.899463,7.899463,0.0
1890,test,140,6.306915999999999,MIP2D-808-Ir1S2,IrS2,3,-4.1541,2.152816,6.306915999999999,6.306915999999999,0.0
1891,train,943,5.783818,MIP2D-938-Os1S2,OsS2,3,-3.8041,1.979718,5.783818,5.783818,0.0
1892,test,45,4.29503,MIP2D-816-Ir2Se2,Ir2Se2,4,-1.5618,2.73323,4.29503,4.29503,0.0
1893,train,741,4.909929,MIP2D-825-Mn1Te2,MnTe2,3,-2.5143,2.395629,4.909929,4.909929,0.0
1894,test,80,4.914515999999999,MIP2D-1145-Au2I2Se2,Au2I2Se2,6,-2.5456,2.3689159999999996,4.914515999999999,4.914515999999999,0.0
1895,train,828,4.954458000000001,MIP2D-1473-Fe2Se6,Fe2Se6,8,-2.903,2.0514580000000002,4.954458000000001,4.954458000000001,0.0
1896,train,995,7.073446000000001,MIP2D-360-C2Mn3O2,C2Mn3O2,7,-3.0547,4.018746,7.073446000000001,7.073446000000001,0.0
1897,train,10,5.096481,MIP2D-804-In2Te2,In2Te2,4,-2.416,2.680481,5.096481,5.096481,0.0
1898,val,188,5.730039,MIP2D-1122-Al2I2N2,Al2I2N2,6,-2.3945,3.335539,5.730039,5.730039,0.0
1899,train,1038,5.0259599999999995,MIP2D-1408-Cl2S2Zr2,Cl2S2Zr2,6,-2.4474,2.57856,5.0259599999999995,5.0259599999999995,0.0
