best_epoch,best_val_loss_model_space,config_alignn_layers,config_batch_size,config_gcn_layers,config_hidden_features,config_loss,config_lr,config_weight_decay,done,epoch,num_reported_rows,run_group,test_mae,test_r2,test_rmse,time_total_s,training_iteration,trial_name,val_loss_model_space,val_mae,val_r2,val_rmse
4,0.1467469253394969,3,4,3,128,smoothl1,0.0005365156620814,3.201662978213621e-05,True,8,8,group_A,,,,114.03727698326112,8,"trainable_04326c12_117_alignn_layers=3,batch_size=4,gcn_layers=3,hidden_features=128,loss=smoothl1,lr=0.0005,weight_decay=0.0000_2026-07-09_03-13-19",0.2018602220390839,0.6812437070236999,0.4070989058885284,0.9301510681746106
6,0.1461600097556593,1,4,2,128,smoothl1,0.0014531711494466,7.474778140209621e-06,True,8,8,group_A,,,,86.78418350219727,8,"trainable_04cd22e9_54_alignn_layers=1,batch_size=4,gcn_layers=2,hidden_features=128,loss=smoothl1,lr=0.0015,weight_decay=0.0000_2026-07-09_02-49-17",0.1727305917591645,0.6348927950707054,0.5383615614003507,0.8207546368942152
8,0.3392577926633219,4,4,1,256,mse,0.001640789528168,7.662252584778408e-05,True,8,8,group_A,,,,117.96716070175172,8,"trainable_05043835_3_alignn_layers=4,batch_size=4,gcn_layers=1,hidden_features=256,loss=mse,lr=0.0016,weight_decay=0.0001_2026-07-09_02-22-10",0.3392577926633219,0.6119998742934916,0.566947282448484,0.7949370657052108
28,0.0706906060653704,2,8,1,256,smoothl1,0.0006346477570021,4.2396711736265056e-05,True,32,32,group_A,,,,284.2777874469757,32,"trainable_06b4c249_177_alignn_layers=2,batch_size=8,gcn_layers=1,hidden_features=256,loss=smoothl1,lr=0.0006,weight_decay=0.0000_2026-07-09_03-32-47",0.0783917543591645,0.3801442308634584,0.7817398435967379,0.5643513838193308
40,0.0592208108987915,2,8,1,128,smoothl1,0.0006252198216744,6.792604548098325e-05,True,50,50,group_A,,,,439.32446670532227,50,"trainable_06be5472_78_alignn_layers=2,batch_size=8,gcn_layers=1,hidden_features=128,loss=smoothl1,lr=0.0006,weight_decay=0.0001_2026-07-09_03-00-25",0.0602049364082554,0.3361815150698179,0.839479907159842,0.4839796090195098
8,0.3646678170435643,1,4,4,192,mse,0.0004552409169033,5.053383615351012e-05,True,8,8,group_A,,,,100.15114188194276,8,"trainable_07dae8e0_4_alignn_layers=1,batch_size=4,gcn_layers=4,hidden_features=192,loss=mse,lr=0.0005,weight_decay=0.0001_2026-07-09_02-22-12",0.3646678170435643,0.655581121543798,0.5345121210954058,0.8241695246698172
4,0.2790389347171026,2,8,1,128,mse,0.0008777852896508,2.0009721453004137e-05,True,8,8,group_A,,,,75.06699514389038,8,"trainable_088e1075_97_alignn_layers=2,batch_size=8,gcn_layers=1,hidden_features=128,loss=mse,lr=0.0009,weight_decay=0.0000_2026-07-09_03-08-12",0.3054883270351975,0.5968480560032237,0.6100530249312757,0.7543365325528294
7,0.1419113108089991,1,8,3,64,smoothl1,0.0007892239534158,3.077373537316662e-06,True,8,8,group_A,,,,70.91983723640442,8,"trainable_0923a9c6_151_alignn_layers=1,batch_size=8,gcn_layers=3,hidden_features=64,loss=smoothl1,lr=0.0008,weight_decay=0.0000_2026-07-09_03-22-59",0.1639913291172691,0.6097630605311882,0.5416652040223353,0.8178125633154604
28,0.0698104735030226,4,8,3,64,smoothl1,0.0014127386582055,2.0055241403992863e-06,True,32,32,group_A,,,,338.1329162120819,32,"trainable_0ada9554_41_alignn_layers=4,batch_size=8,gcn_layers=3,hidden_features=64,loss=smoothl1,lr=0.0014,weight_decay=0.0000_2026-07-09_02-44-33",0.1051610459884007,0.4443818902264496,0.6975069877245683,0.6643853333486304
4,0.1399103826079419,1,8,3,128,smoothl1,0.0006401174164322,2.229813063925539e-05,True,8,8,group_A,,,,70.87173795700073,8,"trainable_0c743f28_120_alignn_layers=1,batch_size=8,gcn_layers=3,hidden_features=128,loss=smoothl1,lr=0.0006,weight_decay=0.0000_2026-07-09_03-13-57",0.1645396220147925,0.6370050644815243,0.5477575632217959,0.8123590434070146
7,0.1540520779354862,1,4,1,64,smoothl1,0.0004354658673242,1.0272142191825222e-06,True,8,8,group_A,,,,79.72175931930542,8,"trainable_0dfea473_46_alignn_layers=1,batch_size=4,gcn_layers=1,hidden_features=64,loss=smoothl1,lr=0.0004,weight_decay=0.0000_2026-07-09_02-47-23",0.1712331020485156,0.6285781070044253,0.5430328427436146,0.8165915042274082
4,0.1674497554463053,3,4,3,128,smoothl1,0.0003467426094904,2.1797083843464835e-06,True,8,8,group_A,,,,113.9579939842224,8,"trainable_10bb03ea_61_alignn_layers=3,batch_size=4,gcn_layers=3,hidden_features=128,loss=smoothl1,lr=0.0003,weight_decay=0.0000_2026-07-09_02-50-51",0.2104480292983156,0.6916178199407905,0.3838987006312716,0.9481748368805376
5,0.1199310687641618,1,8,4,128,smoothl1,0.0005708748568785,2.91109523622306e-05,True,8,8,group_A,,,,73.81327748298645,8,"trainable_142d36e3_141_alignn_layers=1,batch_size=8,gcn_layers=4,hidden_features=128,loss=smoothl1,lr=0.0006,weight_decay=0.0000_2026-07-09_03-20-26",0.1836834842013934,0.6463472017133206,0.4991121807826935,0.8549340187929295
50,0.0641555641408241,1,8,3,128,smoothl1,0.0003105295089347,9.357939521720598e-06,True,50,50,group_A,,,,444.118212223053,50,"trainable_161fc998_23_alignn_layers=1,batch_size=8,gcn_layers=3,hidden_features=128,loss=smoothl1,lr=0.0003,weight_decay=0.0000_2026-07-09_02-31-04",0.0641555641408241,0.353059228131277,0.8290730990029141,0.499421888558708
8,0.1649373670024846,1,4,3,64,smoothl1,0.001063142917523,1.6205795230532918e-05,True,8,8,group_A,,,,88.43791794776917,8,"trainable_163cb1cb_83_alignn_layers=1,batch_size=4,gcn_layers=3,hidden_features=64,loss=smoothl1,lr=0.0011,weight_decay=0.0000_2026-07-09_03-02-55",0.1649373670024846,0.610115437056414,0.5458105606643358,0.8141058569606815
13,0.1033564112962238,3,8,3,64,smoothl1,0.0004279593507459,1.222769887404952e-05,True,16,16,group_A,,,,160.0453863143921,16,"trainable_17a42fe8_109_alignn_layers=3,batch_size=8,gcn_layers=3,hidden_features=64,loss=smoothl1,lr=0.0004,weight_decay=0.0000_2026-07-09_03-11-15",0.1168803761875818,0.5054315756455022,0.6954015222985306,0.6666935100877539
4,0.1503884678795224,3,8,3,192,smoothl1,0.0006855943721561,7.821253230666728e-05,True,8,8,group_A,,,,83.55348038673401,8,"trainable_18a72bbe_195_alignn_layers=3,batch_size=8,gcn_layers=3,hidden_features=192,loss=smoothl1,lr=0.0007,weight_decay=0.0001_2026-07-09_03-38-45",0.1807697215092876,0.6459529816684833,0.5156457312174278,0.8407055783214753
4,0.1547768086825729,3,4,3,192,smoothl1,0.0011502409686868,1.3729302644084647e-05,True,8,8,group_A,,,,113.10616064071657,8,"trainable_18d9c21d_187_alignn_layers=3,batch_size=4,gcn_layers=3,hidden_features=192,loss=smoothl1,lr=0.0012,weight_decay=0.0000_2026-07-09_03-36-29",0.1660416525192361,0.6198839566975193,0.55244159329334,0.8081411527880341
16,0.1076495830147039,1,8,3,256,smoothl1,0.0006051245682875,7.2971115638715746e-06,True,16,16,group_A,,,,142.9432349205017,16,"trainable_1b48a147_105_alignn_layers=1,batch_size=8,gcn_layers=3,hidden_features=256,loss=smoothl1,lr=0.0006,weight_decay=0.0000_2026-07-09_03-09-52",0.1076495830147039,0.4585238232923262,0.6900325940477521,0.672543496873494
4,0.2923373833850578,2,4,1,256,mse,0.000853274506624,2.449854673700888e-05,True,8,8,group_A,,,,91.77661776542664,8,"trainable_1bb4b709_88_alignn_layers=2,batch_size=4,gcn_layers=1,hidden_features=256,loss=mse,lr=0.0009,weight_decay=0.0000_2026-07-09_03-05-23",0.4473422375069093,0.6820031629273597,0.4289806400294328,0.9128255336558062
47,0.051437143916412,3,8,3,64,smoothl1,0.0008624061985369,4.984826029779249e-06,True,50,50,group_A,,,,497.0730366706848,50,"trainable_1da1807c_164_alignn_layers=3,batch_size=8,gcn_layers=3,hidden_features=64,loss=smoothl1,lr=0.0009,weight_decay=0.0000_2026-07-09_03-29-10",0.0699579410412639,0.3767456745500901,0.815116188444706,0.5194117934508785
28,0.0817023525359453,2,4,1,192,smoothl1,0.000767704428912,6.0517975052495054e-05,True,32,32,group_A,,,,363.15723872184753,32,"trainable_1e2b000e_8_alignn_layers=2,batch_size=4,gcn_layers=1,hidden_features=192,loss=smoothl1,lr=0.0008,weight_decay=0.0001_2026-07-09_02-22-23",0.0971627488890022,0.4110889875143685,0.7228087218681396,0.6359927189890835
27,0.0796747272292142,1,8,3,64,smoothl1,0.0003676114777199,5.7648928646078105e-06,True,32,32,group_A,,,,279.27318120002747,32,"trainable_1f74d3bb_85_alignn_layers=1,batch_size=8,gcn_layers=3,hidden_features=64,loss=smoothl1,lr=0.0004,weight_decay=0.0000_2026-07-09_03-04-17",0.0831725097226875,0.4144394503810979,0.7719615533023112,0.5768546533228234
5,0.145583832468936,2,4,1,256,smoothl1,0.0004190504312262,3.2606486800088063e-06,True,8,8,group_A,,,,95.58058214187622,8,"trainable_2014b15d_193_alignn_layers=2,batch_size=4,gcn_layers=1,hidden_features=256,loss=smoothl1,lr=0.0004,weight_decay=0.0000_2026-07-09_03-38-33",0.1702208882049908,0.6155721925666645,0.5242372154663228,0.833215992201718
46,0.0640728871618944,2,8,2,64,smoothl1,0.0005714750597803,2.3635626664674207e-06,True,50,50,group_A,,,,449.55572295188904,50,"trainable_209b2bdf_16_alignn_layers=2,batch_size=8,gcn_layers=2,hidden_features=64,loss=smoothl1,lr=0.0006,weight_decay=0.0000_2026-07-09_02-28-11",0.0791293066389188,0.3871424540099809,0.7695909936032411,0.5798452299283873
49,0.0580954067285847,2,8,1,128,smoothl1,0.0006830327403212,1.7983473523226703e-05,True,50,50,group_A,,,,439.6534593105316,50,"trainable_20c59249_56_alignn_layers=2,batch_size=8,gcn_layers=1,hidden_features=128,loss=smoothl1,lr=0.0007,weight_decay=0.0000_2026-07-09_02-49-27",0.0596269946200428,0.3275102825899991,0.8374509471139849,0.4870287342385498
15,0.121112359579278,1,4,1,64,smoothl1,0.0009454173627288,7.612977540463394e-05,True,16,16,group_A,,,,157.98408722877502,16,"trainable_229d37a1_132_alignn_layers=1,batch_size=4,gcn_layers=1,hidden_features=64,loss=smoothl1,lr=0.0009,weight_decay=0.0001_2026-07-09_03-18-27",0.1366396040788718,0.5363044728991266,0.5942502089588454,0.7694696870991781
24,0.0769954817714514,3,4,2,64,smoothl1,0.0004520714796602,1.842231904610259e-05,True,32,32,group_A,,,,424.79261445999146,32,"trainable_2339214e_20_alignn_layers=3,batch_size=4,gcn_layers=2,hidden_features=64,loss=smoothl1,lr=0.0005,weight_decay=0.0000_2026-07-09_02-30-13",0.0976506495483653,0.4327977957544692,0.7107479791479715,0.6496815957016068
4,0.1618058750869105,4,8,2,128,smoothl1,0.0007429461691022,9.900867280583662e-05,True,8,8,group_A,,,,84.93515944480896,8,"trainable_23da0741_108_alignn_layers=4,batch_size=8,gcn_layers=2,hidden_features=128,loss=smoothl1,lr=0.0007,weight_decay=0.0001_2026-07-09_03-10-43",0.1963043341403285,0.6718292809358528,0.3680810513890117,0.9602693171788504
14,0.2379568588166009,3,8,2,192,mse,0.0008321131273903,1.5842168168299793e-05,True,16,16,group_A,,,,158.1038248538971,16,"trainable_26634072_19_alignn_layers=3,batch_size=8,gcn_layers=2,hidden_features=192,loss=mse,lr=0.0008,weight_decay=0.0000_2026-07-09_02-29-50",0.283386601184411,0.5815359990604767,0.6382652325287426,0.726536586863368
5,0.1296949001058699,1,8,4,128,smoothl1,0.0008145962864006,1.2821142112264835e-05,True,8,8,group_A,,,,73.67558526992798,8,"trainable_270b8b03_160_alignn_layers=1,batch_size=8,gcn_layers=4,hidden_features=128,loss=smoothl1,lr=0.0008,weight_decay=0.0000_2026-07-09_03-26-03",0.1991421887404704,0.6757485038405955,0.4490636505212431,0.8966296100263609
14,0.1124074847373382,2,8,3,256,smoothl1,0.0006766720010279,1.904544328578132e-05,True,16,16,group_A,,,,153.10949325561523,16,"trainable_295e2598_121_alignn_layers=2,batch_size=8,gcn_layers=3,hidden_features=256,loss=smoothl1,lr=0.0007,weight_decay=0.0000_2026-07-09_03-14-01",0.1199087568573535,0.4974118889329994,0.6706492776315557,0.6932528655708987
7,0.1423561889973897,1,8,4,128,smoothl1,0.0010742263318413,7.318175817018725e-05,True,8,8,group_A,,,,76.17283844947815,8,"trainable_2a437399_52_alignn_layers=1,batch_size=8,gcn_layers=4,hidden_features=128,loss=smoothl1,lr=0.0011,weight_decay=0.0001_2026-07-09_02-48-55",0.1981829912771308,0.6773059899263001,0.4524912847218675,0.8938360809852102
7,0.1416834859305588,1,8,3,64,smoothl1,0.0007376473650009,6.216004373584359e-06,True,8,8,group_A,,,,72.26858901977539,8,"trainable_2c33e2c9_147_alignn_layers=1,batch_size=8,gcn_layers=3,hidden_features=64,loss=smoothl1,lr=0.0007,weight_decay=0.0000_2026-07-09_03-21-55",0.161531956403186,0.6056225217301813,0.5505779038570153,0.8098220054326056
27,0.0817847483885036,1,8,3,64,smoothl1,0.0003042824612872,9.778203833619932e-05,True,32,32,group_A,,,,276.34081196784973,32,"trainable_2d63ad83_33_alignn_layers=1,batch_size=8,gcn_layers=3,hidden_features=64,loss=smoothl1,lr=0.0003,weight_decay=0.0001_2026-07-09_02-38-22",0.085338950472534,0.4197402939158784,0.7648901897176013,0.585730364719203
42,0.0561741440256357,4,8,4,256,smoothl1,0.0005353246667804,8.127041904785736e-06,True,50,50,group_A,,,,562.1484055519104,50,"trainable_2e9a6b09_30_alignn_layers=4,batch_size=8,gcn_layers=4,hidden_features=256,loss=smoothl1,lr=0.0005,weight_decay=0.0000_2026-07-09_02-36-05",0.0624791744840208,0.3343277353261666,0.8223376119851427,0.5091668386690443
15,0.0987769720691537,1,8,1,64,smoothl1,0.0008411135959821,1.736211217579171e-05,True,16,16,group_A,,,,130.55120754241943,16,"trainable_32af354e_125_alignn_layers=1,batch_size=8,gcn_layers=1,hidden_features=64,loss=smoothl1,lr=0.0008,weight_decay=0.0000_2026-07-09_03-15-29",0.1142558240671716,0.4728324082259235,0.6550895775508598,0.7094397563164008
13,0.1070382275357448,3,8,3,64,smoothl1,0.0005029265297672,4.385449651883087e-06,True,16,16,group_A,,,,165.43180990219116,16,"trainable_333bf44f_87_alignn_layers=3,batch_size=8,gcn_layers=3,hidden_features=64,loss=smoothl1,lr=0.0005,weight_decay=0.0000_2026-07-09_03-05-12",0.117548981789874,0.5024478983355597,0.6926828763507193,0.6696621349926437
6,0.1642759742717894,1,4,3,64,smoothl1,0.0008346170426053,2.450086978290691e-05,True,8,8,group_A,,,,89.39187049865723,8,"trainable_3523a4c1_175_alignn_layers=1,batch_size=4,gcn_layers=3,hidden_features=64,loss=smoothl1,lr=0.0008,weight_decay=0.0000_2026-07-09_03-32-18",0.1817103015682684,0.6562778598128247,0.4956430360399428,0.8578895429827139
5,0.1252170056893081,1,8,4,128,smoothl1,0.0007536095915793,2.850739755826555e-05,True,8,8,group_A,,,,75.16835021972656,8,"trainable_36bb6a6c_183_alignn_layers=1,batch_size=8,gcn_layers=4,hidden_features=128,loss=smoothl1,lr=0.0008,weight_decay=0.0000_2026-07-09_03-35-09",0.1957001023033939,0.6672762078304727,0.4590693824780026,0.8884503140250276
5,0.1490982894701932,4,8,3,128,smoothl1,0.0004377553819094,1.5603561022156685e-05,True,8,8,group_A,,,,87.92114639282227,8,"trainable_36fde590_173_alignn_layers=4,batch_size=8,gcn_layers=3,hidden_features=128,loss=smoothl1,lr=0.0004,weight_decay=0.0000_2026-07-09_03-32-08",0.1735174417811096,0.6069620802644022,0.5110158127507901,0.8447141531557268
13,0.1173722911133337,2,4,1,128,smoothl1,0.0012444519726146,6.882272281295304e-06,True,16,16,group_A,,,,180.5110239982605,16,"trainable_3751b2a7_21_alignn_layers=2,batch_size=4,gcn_layers=1,hidden_features=128,loss=smoothl1,lr=0.0012,weight_decay=0.0000_2026-07-09_02-30-42",0.1415670281522488,0.5336231298148598,0.5751717962656056,0.7873521792308149
15,0.1090499450841908,1,8,1,64,smoothl1,0.0004523631619795,1.0341147614497902e-05,True,16,16,group_A,,,,129.29078364372253,16,"trainable_37a98cd9_139_alignn_layers=1,batch_size=8,gcn_layers=1,hidden_features=64,loss=smoothl1,lr=0.0005,weight_decay=0.0000_2026-07-09_03-20-02",0.1373987455886823,0.5257935661276604,0.5674593309308892,0.7944669535256612
39,0.056259797496731,1,8,3,128,smoothl1,0.0012793035292721,4.876976638943077e-05,True,50,50,group_A,,,,439.2355239391327,50,"trainable_3812e210_191_alignn_layers=1,batch_size=8,gcn_layers=3,hidden_features=128,loss=smoothl1,lr=0.0013,weight_decay=0.0000_2026-07-09_03-37-33",0.0600153376599625,0.3338421095079976,0.8404270233882796,0.4825496849278383
31,0.0717892448452335,1,8,4,64,smoothl1,0.0011916017168942,1.5303579733537907e-06,True,32,32,group_A,,,,288.1814138889313,32,"trainable_38230aba_32_alignn_layers=1,batch_size=8,gcn_layers=4,hidden_features=64,loss=smoothl1,lr=0.0012,weight_decay=0.0000_2026-07-09_02-37-50",0.0899336761721069,0.4058042848043912,0.7527991173983896,0.6006028265840179
12,0.1058946913157505,2,8,3,256,smoothl1,0.0006893027852663,1.4602348491955023e-06,True,16,16,group_A,,,,153.1487798690796,16,"trainable_38e1df3a_161_alignn_layers=2,batch_size=8,gcn_layers=3,hidden_features=256,loss=smoothl1,lr=0.0007,weight_decay=0.0000_2026-07-09_03-27-16",0.130705461733871,0.5136610060225382,0.6421666521179398,0.7226080062789128
7,0.1417084073342343,1,8,3,64,smoothl1,0.000757168443887,5.35493210392629e-06,True,8,8,group_A,,,,70.6827666759491,8,"trainable_3a57ef73_152_alignn_layers=1,batch_size=8,gcn_layers=3,hidden_features=64,loss=smoothl1,lr=0.0008,weight_decay=0.0000_2026-07-09_03-23-23",0.1623929985577152,0.6071512007484897,0.5475065573007571,0.812584451979724
15,0.1080041513162315,1,8,1,64,smoothl1,0.0005602740976383,2.358072973146513e-05,True,16,16,group_A,,,,131.23761749267578,16,"trainable_3c07d648_103_alignn_layers=1,batch_size=8,gcn_layers=1,hidden_features=64,loss=smoothl1,lr=0.0006,weight_decay=0.0000_2026-07-09_03-09-42",0.1294351709247739,0.5090940150145807,0.598862623179437,0.765083662759942
16,0.1293959247056769,2,4,3,256,smoothl1,0.0010276588249558,2.7582260602115382e-06,True,16,16,group_A,,,,203.7549734115601,16,"trainable_3cd81e92_12_alignn_layers=2,batch_size=4,gcn_layers=3,hidden_features=256,loss=smoothl1,lr=0.0010,weight_decay=0.0000_2026-07-09_02-24-13",0.1293959247056769,0.527362793416117,0.6487221690181835,0.7159583104448296
7,0.1480029364111562,1,8,3,64,smoothl1,0.0011008426345937,1.0087051413397846e-05,True,8,8,group_A,,,,70.61886668205261,8,"trainable_41303144_115_alignn_layers=1,batch_size=8,gcn_layers=3,hidden_features=64,loss=smoothl1,lr=0.0011,weight_decay=0.0000_2026-07-09_03-12-34",0.1849440380379005,0.6440847736389809,0.4684103388412048,0.8807458918880525
8,0.1595549238106561,4,4,2,64,smoothl1,0.0004750050433415,5.898212835865632e-05,True,8,8,group_A,,,,117.72431993484496,8,"trainable_41e63807_96_alignn_layers=4,batch_size=4,gcn_layers=2,hidden_features=64,loss=smoothl1,lr=0.0005,weight_decay=0.0001_2026-07-09_03-07-29",0.1595549238106561,0.6102310033420176,0.5818325702380329,0.7811554461649857
16,0.117608017293076,2,4,3,256,smoothl1,0.0007021745162855,7.148113222685977e-06,True,16,16,group_A,,,,203.3936185836792,16,"trainable_427fe7b8_142_alignn_layers=2,batch_size=4,gcn_layers=3,hidden_features=256,loss=smoothl1,lr=0.0007,weight_decay=0.0000_2026-07-09_03-21-03",0.117608017293076,0.4999862518604333,0.6852765234652936,0.6776835335712483
47,0.0570804187141004,1,8,3,64,smoothl1,0.0006216454095156,4.069229641401696e-06,True,50,50,group_A,,,,431.4763703346253,50,"trainable_42b0fb2a_150_alignn_layers=1,batch_size=8,gcn_layers=3,hidden_features=64,loss=smoothl1,lr=0.0006,weight_decay=0.0000_2026-07-09_03-22-46",0.0588426937758134,0.3376006107452489,0.8415827131909281,0.4807991029525141
7,0.1667598722867234,3,8,4,128,smoothl1,0.0008320494364661,5.235979979713423e-06,True,8,8,group_A,,,,86.09284925460815,8,"trainable_438a7851_58_alignn_layers=3,batch_size=8,gcn_layers=4,hidden_features=128,loss=smoothl1,lr=0.0008,weight_decay=0.0000_2026-07-09_02-50-21",0.2987131565888092,0.8603835515618207,0.0663938153346838,1.1671971629523452
15,0.1075403596121798,1,8,1,64,smoothl1,0.0005755946675707,2.170372260698349e-06,True,16,16,group_A,,,,128.85691785812378,16,"trainable_44d90142_158_alignn_layers=1,batch_size=8,gcn_layers=1,hidden_features=64,loss=smoothl1,lr=0.0006,weight_decay=0.0000_2026-07-09_03-25-01",0.1285877851424393,0.5071045255716138,0.6021321109030862,0.7619593596247906
7,0.1837029601373369,1,4,4,128,smoothl1,0.0008849058446563,4.687908868424546e-06,True,8,8,group_A,,,,98.16110467910768,8,"trainable_45d2993d_127_alignn_layers=1,batch_size=4,gcn_layers=4,hidden_features=128,loss=smoothl1,lr=0.0009,weight_decay=0.0000_2026-07-09_03-16-43",0.217545091790497,0.7188984649105424,0.3955014663194799,0.9392041202181396
7,0.1418926873140865,1,8,3,64,smoothl1,0.000788657103848,5.885034191781458e-06,True,8,8,group_A,,,,70.86976838111877,8,"trainable_48dd3081_184_alignn_layers=1,batch_size=8,gcn_layers=3,hidden_features=64,loss=smoothl1,lr=0.0008,weight_decay=0.0000_2026-07-09_03-35-31",0.1639119031883421,0.6096163442949439,0.5419175687854083,0.8175873834979681
47,0.0682907207726092,1,8,3,64,smoothl1,0.0003673247395515,1.4362917209756108e-05,True,50,50,group_A,,,,430.957213640213,50,"trainable_493d3e02_24_alignn_layers=1,batch_size=8,gcn_layers=3,hidden_features=64,loss=smoothl1,lr=0.0004,weight_decay=0.0000_2026-07-09_02-31-18",0.0684636959007808,0.364370670738405,0.8162599806282255,0.5178026183341075
5,0.3065786412153294,4,8,3,128,mse,0.0005453855417929,3.4829769106529923e-06,True,8,8,group_A,,,,89.04143357276917,8,"trainable_49fa37bd_138_alignn_layers=4,batch_size=8,gcn_layers=3,hidden_features=128,loss=mse,lr=0.0005,weight_decay=0.0000_2026-07-09_03-19-59",0.3680679005762887,0.6004107507395338,0.5301720037858862,0.8280028073753816
14,0.1025094946737958,2,8,3,64,smoothl1,0.0004989764122241,4.4279684812918585e-05,True,16,16,group_A,,,,149.57326292991638,16,"trainable_4a5a79ed_39_alignn_layers=2,batch_size=8,gcn_layers=3,hidden_features=64,loss=smoothl1,lr=0.0005,weight_decay=0.0000_2026-07-09_02-43-13",0.1448932450028165,0.5253605263172866,0.5671996091277537,0.7947054391053415
47,0.055967683943294,1,8,3,64,smoothl1,0.0007040684976381,1.6818305783944468e-05,True,50,50,group_A,,,,427.671941280365,50,"trainable_4b40b9f2_70_alignn_layers=1,batch_size=8,gcn_layers=3,hidden_features=64,loss=smoothl1,lr=0.0007,weight_decay=0.0000_2026-07-09_02-54-24",0.0561739035128127,0.3242096805092732,0.8478742181853153,0.4711549680482162
47,0.0644119404177501,3,8,3,64,smoothl1,0.0003487250488536,3.058504729955101e-05,True,50,50,group_A,,,,524.0115833282471,50,"trainable_4b54ab4c_25_alignn_layers=3,batch_size=8,gcn_layers=3,hidden_features=64,loss=smoothl1,lr=0.0003,weight_decay=0.0000_2026-07-09_02-32-45",0.082082765167037,0.399032243919539,0.7720021737444667,0.5768032735335858
15,0.0927505996768121,3,8,1,64,smoothl1,0.0008059378182495,4.7267308766855854e-05,True,16,16,group_A,,,,149.95184874534607,16,"trainable_4c980617_81_alignn_layers=3,batch_size=8,gcn_layers=1,hidden_features=64,loss=smoothl1,lr=0.0008,weight_decay=0.0000_2026-07-09_03-02-45",0.1323112901201639,0.5193652306695372,0.6302197683827193,0.7345717263169893
7,0.3197093352911964,4,8,2,128,mse,0.000661915962248,2.1333289811339332e-06,True,8,8,group_A,,,,86.36024856567383,8,"trainable_4e7d0b09_165_alignn_layers=4,batch_size=8,gcn_layers=2,hidden_features=128,loss=mse,lr=0.0007,weight_decay=0.0000_2026-07-09_03-29-13",0.4906758605724289,0.6705242275081184,0.3736665156846825,0.9560160386300632
32,0.0770531986204404,1,8,3,64,smoothl1,0.0005836862163172,1.211627316584993e-06,True,32,32,group_A,,,,279.0927836894989,32,"trainable_585fc241_38_alignn_layers=1,batch_size=8,gcn_layers=3,hidden_features=64,loss=smoothl1,lr=0.0006,weight_decay=0.0000_2026-07-09_02-42-00",0.0770531986204404,0.387915422376558,0.7815004400845745,0.5646608096828012
41,0.0591628484763007,3,8,3,256,smoothl1,0.0007410129911375,1.0281359897779108e-06,True,50,50,group_A,,,,505.2243130207062,50,"trainable_58e2c8d4_29_alignn_layers=3,batch_size=8,gcn_layers=3,hidden_features=256,loss=smoothl1,lr=0.0007,weight_decay=0.0000_2026-07-09_02-35-22",0.0623610111732016,0.326807487888462,0.8269993640410918,0.502442320915009
7,0.3012196701512765,1,8,3,64,mse,0.0005259115378642,6.63056305113961e-06,True,8,8,group_A,,,,69.97007369995117,8,"trainable_5a83bbe4_84_alignn_layers=1,batch_size=8,gcn_layers=3,hidden_features=64,loss=mse,lr=0.0005,weight_decay=0.0000_2026-07-09_03-03-17",0.3451105921908661,0.6103113064952774,0.5594763490599396,0.8017647866315002
8,0.328695752160259,3,4,1,64,mse,0.000763750150743,1.6244900418768763e-05,True,8,8,group_A,,,,100.07253122329712,8,"trainable_5bcb871f_92_alignn_layers=3,batch_size=4,gcn_layers=1,hidden_features=64,loss=mse,lr=0.0008,weight_decay=0.0000_2026-07-09_03-06-26",0.328695752160259,0.6059882258892465,0.5804294227540161,0.7824649197132351
11,0.0924153448570342,1,8,3,192,smoothl1,0.000923492673619,4.3081748032972095e-05,True,16,16,group_A,,,,141.0256986618042,16,"trainable_5bd81391_100_alignn_layers=1,batch_size=8,gcn_layers=3,hidden_features=192,loss=smoothl1,lr=0.0009,weight_decay=0.0000_2026-07-09_03-08-31",0.1508381802332464,0.5555009388653439,0.5460773567879997,0.8138667142440783
47,0.0577778012821914,1,8,3,64,smoothl1,0.0006727388310944,6.588304591447295e-06,True,50,50,group_A,,,,435.7597172260285,50,"trainable_5be4fe28_149_alignn_layers=1,batch_size=8,gcn_layers=3,hidden_features=64,loss=smoothl1,lr=0.0007,weight_decay=0.0000_2026-07-09_03-22-36",0.0585383733084041,0.3308551157357323,0.8415557410961687,0.4808400315887893
15,0.1056347690798618,1,8,1,64,smoothl1,0.000618263325877,9.851968221056812e-05,True,16,16,group_A,,,,132.3067708015442,16,"trainable_5c0fce6d_189_alignn_layers=1,batch_size=8,gcn_layers=1,hidden_features=64,loss=smoothl1,lr=0.0006,weight_decay=0.0001_2026-07-09_03-37-10",0.1247923922325883,0.4981043238211613,0.6138760242096855,0.7506297066854245
47,0.0558859681434653,1,8,3,64,smoothl1,0.0007031405806703,6.761607201166299e-05,True,50,50,group_A,,,,428.96500849723816,50,"trainable_5d933394_9_alignn_layers=1,batch_size=8,gcn_layers=3,hidden_features=64,loss=smoothl1,lr=0.0007,weight_decay=0.0001_2026-07-09_02-22-25",0.0560118195270656,0.3233808911014786,0.8485150647219882,0.4701615247139752
45,0.0619476695776616,3,8,4,192,smoothl1,0.0003855359747,1.9007704791649575e-05,True,50,50,group_A,,,,520.1214702129364,50,"trainable_5e987e12_5_alignn_layers=3,batch_size=8,gcn_layers=4,hidden_features=192,loss=smoothl1,lr=0.0004,weight_decay=0.0000_2026-07-09_02-22-15",0.0739125950587174,0.3614260189082309,0.7972164359188312,0.5439747473974783
15,0.1128406383530803,3,8,2,192,smoothl1,0.0018734384564073,1.4646713083160687e-05,True,16,16,group_A,,,,158.2581000328064,16,"trainable_5ec9c37c_144_alignn_layers=3,batch_size=8,gcn_layers=2,hidden_features=192,loss=smoothl1,lr=0.0019,weight_decay=0.0000_2026-07-09_03-21-37",0.1364842138041264,0.5518706344689372,0.6414511608031295,0.7233300764368484
43,0.0545799266793346,2,8,1,128,smoothl1,0.0008572606989695,1.7967951962185915e-05,True,50,50,group_A,,,,441.49490237236023,50,"trainable_60367fb3_74_alignn_layers=2,batch_size=8,gcn_layers=1,hidden_features=128,loss=smoothl1,lr=0.0009,weight_decay=0.0000_2026-07-09_02-57-24",0.0557701090133931,0.3202755238221149,0.8527660699143615,0.4635176922853359
12,0.0968878545931407,1,8,1,64,smoothl1,0.0010371861085153,3.111887260319696e-06,True,16,16,group_A,,,,129.1382908821106,16,"trainable_61203f1c_166_alignn_layers=1,batch_size=8,gcn_layers=1,hidden_features=64,loss=smoothl1,lr=0.0010,weight_decay=0.0000_2026-07-09_03-29-43",0.1186787150800228,0.485993103760665,0.6447458538450344,0.7199990789830917
15,0.1272191407267378,1,4,2,192,smoothl1,0.0010079146336439,3.496631058790507e-05,True,16,16,group_A,,,,171.6282594203949,16,"trainable_662322f8_18_alignn_layers=1,batch_size=4,gcn_layers=2,hidden_features=192,loss=smoothl1,lr=0.0010,weight_decay=0.0000_2026-07-09_02-29-15",0.1321740232053257,0.5500114414654149,0.655294027361424,0.7092294606642787
6,0.162279103168104,2,4,1,64,smoothl1,0.0007214038437598,1.6547144418697823e-06,True,8,8,group_A,,,,89.51164102554321,8,"trainable_6982e1d0_199_alignn_layers=2,batch_size=4,gcn_layers=1,hidden_features=64,loss=smoothl1,lr=0.0007,weight_decay=0.0000_2026-07-09_03-39-59",0.1861494006145568,0.6608167611959348,0.483312278330319,0.8683132614469713
7,0.1478026421770217,1,8,3,64,smoothl1,0.001088412888843,6.359658906087704e-05,True,8,8,group_A,,,,71.11062717437744,8,"trainable_6b241595_186_alignn_layers=1,batch_size=8,gcn_layers=3,hidden_features=64,loss=smoothl1,lr=0.0011,weight_decay=0.0001_2026-07-09_03-35-59",0.1847893892733192,0.6439516866422831,0.4689163153047303,0.8803266373239285
31,0.0661288183773793,2,8,1,256,smoothl1,0.0006554384964282,1.8992353265438224e-05,True,32,32,group_A,,,,285.55195140838623,32,"trainable_6f1f00b0_185_alignn_layers=2,batch_size=8,gcn_layers=1,hidden_features=256,loss=smoothl1,lr=0.0007,weight_decay=0.0000_2026-07-09_03-35-56",0.0812066479551571,0.3778426213112687,0.7739343703224789,0.5743539769206112
8,0.3138371669741535,1,8,1,128,mse,0.0013446808116278,1.2587360087725135e-05,True,8,8,group_A,,,,66.36467552185059,8,"trainable_6fcd7b39_50_alignn_layers=1,batch_size=8,gcn_layers=1,hidden_features=128,loss=mse,lr=0.0013,weight_decay=0.0000_2026-07-09_02-48-47",0.3138371669741535,0.5887494319781412,0.5993959764003213,0.7645748650400718
7,0.3389064127175265,4,8,3,192,mse,0.0017673371843042,3.3991700020159196e-05,True,8,8,group_A,,,,88.28425550460815,8,"trainable_71277fa0_53_alignn_layers=4,batch_size=8,gcn_layers=3,hidden_features=192,loss=mse,lr=0.0018,weight_decay=0.0000_2026-07-09_02-49-02",0.4393901141389968,0.6606114708408419,0.4391312741605607,0.9046758047685596
6,0.3107346720086834,3,4,1,256,mse,0.0009034933366724,1.8151075473843411e-06,True,8,8,group_A,,,,102.40548205375671,8,"trainable_713577d3_11_alignn_layers=3,batch_size=4,gcn_layers=1,hidden_features=256,loss=mse,lr=0.0009,weight_decay=0.0000_2026-07-09_02-23-58",0.3742651225082458,0.6692872427229378,0.522261436991342,0.8349443163288157
47,0.0561531220400144,1,8,3,64,smoothl1,0.0006520855603569,6.359540403868527e-06,True,50,50,group_A,,,,433.4703152179718,50,"trainable_71785416_71_alignn_layers=1,batch_size=8,gcn_layers=3,hidden_features=64,loss=smoothl1,lr=0.0007,weight_decay=0.0000_2026-07-09_02-55-34",0.0562106586263451,0.3311640688000913,0.8504259542057256,0.4671867140533278
15,0.1073739354414914,1,8,1,64,smoothl1,0.0005799338507569,3.055263871751377e-05,True,16,16,group_A,,,,128.830171585083,16,"trainable_72b1a3a3_99_alignn_layers=1,batch_size=8,gcn_layers=1,hidden_features=64,loss=smoothl1,lr=0.0006,weight_decay=0.0000_2026-07-09_03-08-29",0.1283433857871584,0.5065889449171825,0.6029412035948392,0.7611842160315512
4,0.1576642502079565,2,8,4,256,smoothl1,0.0008195318288939,8.790443925318105e-05,True,8,8,group_A,,,,80.11499500274658,8,"trainable_72dcbf69_98_alignn_layers=2,batch_size=8,gcn_layers=4,hidden_features=256,loss=smoothl1,lr=0.0008,weight_decay=0.0001_2026-07-09_03-08-26",0.17011199808783,0.6214853418445537,0.5362182510635002,0.822657743998765
27,0.0751557559878737,1,8,3,64,smoothl1,0.0004847940491288,3.691095393920768e-06,True,32,32,group_A,,,,278.8925220966339,32,"trainable_73bf078f_157_alignn_layers=1,batch_size=8,gcn_layers=3,hidden_features=64,loss=smoothl1,lr=0.0005,weight_decay=0.0000_2026-07-09_03-24-49",0.079487625568632,0.3894096712173603,0.7740487710588859,0.5742086323301313
6,0.1592837767232032,4,8,3,128,smoothl1,0.001351899395387,8.754279068861869e-06,True,8,8,group_A,,,,88.07422351837158,8,"trainable_751b9b39_145_alignn_layers=4,batch_size=8,gcn_layers=3,hidden_features=128,loss=smoothl1,lr=0.0014,weight_decay=0.0000_2026-07-09_03-21-49",0.1940670692061305,0.6467096937181441,0.4525282304384651,0.8938059225870583
6,0.3227995811473755,2,8,1,64,mse,0.001115415040771,6.331417377268497e-05,True,8,8,group_A,,,,70.71738505363464,8,"trainable_76c9bd23_43_alignn_layers=2,batch_size=8,gcn_layers=1,hidden_features=64,loss=mse,lr=0.0011,weight_decay=0.0001_2026-07-09_02-45-58",0.3653299564880038,0.6190405416221829,0.533666918721782,0.824917421823739
14,0.1171695761500843,2,8,4,192,smoothl1,0.0012929142186671,3.863087890070106e-05,True,16,16,group_A,,,,158.20756077766418,16,"trainable_7bf8437d_94_alignn_layers=2,batch_size=8,gcn_layers=4,hidden_features=192,loss=smoothl1,lr=0.0013,weight_decay=0.0000_2026-07-09_03-06-58",0.1198911705108546,0.5207650876239599,0.6880576247526833,0.6746826632674569
7,0.3504664945223975,1,4,4,192,mse,0.0019794684641892,2.7873468773732206e-06,True,8,8,group_A,,,,96.26019859313963,8,"trainable_7f8f3817_15_alignn_layers=1,batch_size=4,gcn_layers=4,hidden_features=192,loss=mse,lr=0.0020,weight_decay=0.0000_2026-07-09_02-26-43",0.4163554780697696,0.6667194869323135,0.4685343143391246,0.880643183647571
14,0.0927351469361277,2,8,3,64,smoothl1,0.0008972573163458,2.2427782555836484e-05,True,16,16,group_A,,,,150.80093598365784,16,"trainable_7fa923fb_159_alignn_layers=2,batch_size=8,gcn_layers=3,hidden_features=64,loss=smoothl1,lr=0.0009,weight_decay=0.0000_2026-07-09_03-25-04",0.1565990936030786,0.5488656918651308,0.526044984527668,0.8316314886292524
8,0.2543466024928623,2,8,3,64,mse,0.0010789203384413,1.189716814672804e-05,True,8,8,group_A,,,,77.39747595787048,8,"trainable_806e8f13_133_alignn_layers=2,batch_size=8,gcn_layers=3,hidden_features=64,loss=mse,lr=0.0011,weight_decay=0.0000_2026-07-09_03-18-54",0.2543466024928623,0.5392606619092126,0.6753339531202205,0.6883048025639019
27,0.0758491866487674,3,4,2,64,smoothl1,0.0007258580876798,1.1488262113764022e-05,True,32,32,group_A,,,,425.31170296669006,32,"trainable_8282d277_101_alignn_layers=3,batch_size=4,gcn_layers=2,hidden_features=64,loss=smoothl1,lr=0.0007,weight_decay=0.0000_2026-07-09_03-08-51",0.1099263607627815,0.4786721223887069,0.6948186142941715,0.667331128566319
7,0.1573472003299723,1,4,1,64,smoothl1,0.0003878183533843,6.912054541172645e-06,True,8,8,group_A,,,,78.856374502182,8,"trainable_83ea36c7_181_alignn_layers=1,batch_size=4,gcn_layers=1,hidden_features=64,loss=smoothl1,lr=0.0004,weight_decay=0.0000_2026-07-09_03-34-30",0.1733584530927517,0.6329001501922766,0.5369152420711961,0.8220393489883919
8,0.1612127087813205,2,8,4,64,smoothl1,0.0011774223760527,2.658521461394467e-05,True,8,8,group_A,,,,78.5314588546753,8,"trainable_8b79a7cc_119_alignn_layers=2,batch_size=8,gcn_layers=4,hidden_features=64,loss=smoothl1,lr=0.0012,weight_decay=0.0000_2026-07-09_03-13-43",0.1612127087813205,0.5989156569730113,0.5746790667556891,0.7878086451921836
7,0.16047563447208,4,4,2,64,smoothl1,0.0015788514503775,2.147438469280577e-05,True,8,8,group_A,,,,114.22459840774536,8,"trainable_8c899e1a_65_alignn_layers=4,batch_size=4,gcn_layers=2,hidden_features=64,loss=smoothl1,lr=0.0016,weight_decay=0.0000_2026-07-09_02-51-59",0.1704864022987229,0.6294340872558273,0.5264991903635915,0.83123290394866
12,0.087446926427739,2,8,3,256,smoothl1,0.0010172192062056,7.700459000201792e-06,True,16,16,group_A,,,,155.66557574272156,16,"trainable_9059c1b1_135_alignn_layers=2,batch_size=8,gcn_layers=3,hidden_features=256,loss=smoothl1,lr=0.0010,weight_decay=0.0000_2026-07-09_03-19-08",0.1291475811450885,0.5180657183076551,0.6475462738538509,0.7171556369821537
11,0.0877513088404186,2,8,1,192,smoothl1,0.0011869643768468,2.150224753688634e-05,True,16,16,group_A,,,,141.95910263061523,16,"trainable_910e76e7_91_alignn_layers=2,batch_size=8,gcn_layers=1,hidden_features=192,loss=smoothl1,lr=0.0012,weight_decay=0.0000_2026-07-09_03-06-06",0.1619441428827861,0.5746345633285596,0.498871937582573,0.8551390222431005
15,0.1133349050605107,1,4,3,192,smoothl1,0.0003426304049889,1.7787538314632982e-06,True,16,16,group_A,,,,182.00985097885132,16,"trainable_91425a22_163_alignn_layers=1,batch_size=4,gcn_layers=3,hidden_features=192,loss=smoothl1,lr=0.0003,weight_decay=0.0000_2026-07-09_03-28-37",0.1421698245894972,0.541042432528759,0.6111927261201446,0.7532333731568036
15,0.1051766823523889,1,8,1,64,smoothl1,0.0006300050290787,5.578196771392237e-06,True,16,16,group_A,,,,129.11825513839722,16,"trainable_916bb2cb_136_alignn_layers=1,batch_size=8,gcn_layers=1,hidden_features=64,loss=smoothl1,lr=0.0006,weight_decay=0.0000_2026-07-09_03-19-16",0.1244749930741452,0.4965260825659459,0.6142348630701517,0.7502808320558906
7,0.1448964694978068,1,8,4,128,smoothl1,0.0012217271831665,8.108807746180727e-05,True,8,8,group_A,,,,74.34596180915833,8,"trainable_91aadb0e_26_alignn_layers=1,batch_size=8,gcn_layers=4,hidden_features=128,loss=smoothl1,lr=0.0012,weight_decay=0.0001_2026-07-09_02-32-54",0.1876055776047959,0.6572376759074217,0.4884866575260369,0.8639544511530448
7,0.2739160843784847,4,8,2,128,mse,0.0019334590000548,1.0699037848330158e-05,True,8,8,group_A,,,,86.26340961456299,8,"trainable_9204b1d8_48_alignn_layers=4,batch_size=8,gcn_layers=2,hidden_features=128,loss=mse,lr=0.0019,weight_decay=0.0000_2026-07-09_02-47-55",0.5199586012691417,0.6471140273696069,0.3362879325955157,0.9841294318360854
16,0.1055311100192801,2,8,1,128,smoothl1,0.0006547285756222,5.278415660048835e-05,True,16,16,group_A,,,,141.43351697921753,16,"trainable_92cdb63d_77_alignn_layers=2,batch_size=8,gcn_layers=1,hidden_features=128,loss=smoothl1,lr=0.0007,weight_decay=0.0001_2026-07-09_02-59-20",0.1055311100192801,0.4602795460353282,0.7078134874211108,0.652968822982989
48,0.058755828875792,3,8,4,256,smoothl1,0.0006438312148701,2.5000615905305876e-06,True,50,50,group_A,,,,523.0858833789825,50,"trainable_94195bc9_13_alignn_layers=3,batch_size=8,gcn_layers=4,hidden_features=256,loss=smoothl1,lr=0.0006,weight_decay=0.0000_2026-07-09_02-25-48",0.068062028911694,0.3441801968517838,0.8129699871117453,0.5224178591811187
50,0.0561936210801519,1,8,3,64,smoothl1,0.0006566152061114,4.843583916499229e-06,True,50,50,group_A,,,,434.17891478538513,50,"trainable_944d8f98_146_alignn_layers=1,batch_size=8,gcn_layers=3,hidden_features=64,loss=smoothl1,lr=0.0007,weight_decay=0.0000_2026-07-09_03-21-52",0.0561936210801519,0.3293552579010457,0.8499677894739699,0.4679016937491139
27,0.0740702095485869,1,8,3,64,smoothl1,0.000499204436604,2.522533311336008e-06,True,32,32,group_A,,,,276.87849402427673,32,"trainable_95971f48_67_alignn_layers=1,batch_size=8,gcn_layers=3,hidden_features=64,loss=smoothl1,lr=0.0005,weight_decay=0.0000_2026-07-09_02-53-11",0.0792807760012764,0.3914886878659674,0.7749498180286296,0.5730625757413358
5,0.308257587056942,4,8,3,128,mse,0.0006681820955283,2.7779358900615495e-05,True,8,8,group_A,,,,89.53628659248352,8,"trainable_986b4625_102_alignn_layers=4,batch_size=8,gcn_layers=3,hidden_features=128,loss=mse,lr=0.0007,weight_decay=0.0000_2026-07-09_03-09-32",0.3585248501212508,0.5936488240464007,0.5423534291863469,0.8171983282236798
4,0.3118198111889854,4,4,2,192,mse,0.0006572448959052,2.9393524030128084e-06,True,8,8,group_A,,,,119.77362203598022,8,"trainable_9941d8e7_17_alignn_layers=4,batch_size=4,gcn_layers=2,hidden_features=192,loss=mse,lr=0.0007,weight_decay=0.0000_2026-07-09_02-28-32",0.3390444335798738,0.6481207849488052,0.567219634310095,0.7946870538338079
50,0.0672140995819101,1,8,3,64,smoothl1,0.000303205299573,2.562383962079881e-05,True,50,50,group_A,,,,435.34026741981506,50,"trainable_99e278c5_22_alignn_layers=1,batch_size=8,gcn_layers=3,hidden_features=64,loss=smoothl1,lr=0.0003,weight_decay=0.0000_2026-07-09_02-31-01",0.0672140995819101,0.3638343718022659,0.8220602940841224,0.5095640696822812
14,0.1008781073861336,2,8,3,64,smoothl1,0.0005516716920011,9.135277723172045e-05,True,16,16,group_A,,,,149.60310816764832,16,"trainable_9a8f9451_167_alignn_layers=2,batch_size=8,gcn_layers=3,hidden_features=64,loss=smoothl1,lr=0.0006,weight_decay=0.0001_2026-07-09_03-30-05",0.1318864521802102,0.5060446364654617,0.6170386748425946,0.7475492702791492
4,0.2892740882893719,1,4,3,256,mse,0.0009554493587501,4.3954959165476895e-05,True,8,8,group_A,,,,92.05999612808228,8,"trainable_9cf0cb7b_57_alignn_layers=1,batch_size=4,gcn_layers=3,hidden_features=256,loss=mse,lr=0.0010,weight_decay=0.0000_2026-07-09_02-50-01",0.5092383396057856,0.7561017234426605,0.3499720515630665,0.9739314230324008
11,0.1131048962552711,1,8,3,192,smoothl1,0.0005241916482755,2.7516465510440347e-05,True,16,16,group_A,,,,140.84006690979004,16,"trainable_9d58509b_55_alignn_layers=1,batch_size=8,gcn_layers=3,hidden_features=192,loss=smoothl1,lr=0.0005,weight_decay=0.0000_2026-07-09_02-49-20",0.1457406161402268,0.5417226738728607,0.5679670500538292,0.794000541310963
8,0.1784543307527663,3,8,4,256,smoothl1,0.0006832259700287,5.2070287018586594e-06,True,8,8,group_A,,,,84.44887948036194,8,"trainable_9da6cffb_28_alignn_layers=3,batch_size=8,gcn_layers=4,hidden_features=256,loss=smoothl1,lr=0.0007,weight_decay=0.0000_2026-07-09_02-34-45",0.1784543307527663,0.6333612482140195,0.4587555296420806,0.8887080201028259
31,0.0721090631805872,1,8,3,256,smoothl1,0.0004716167879431,9.039025905554512e-06,True,32,32,group_A,,,,280.491286277771,32,"trainable_9e1f9885_60_alignn_layers=1,batch_size=8,gcn_layers=3,hidden_features=256,loss=smoothl1,lr=0.0005,weight_decay=0.0000_2026-07-09_02-50-48",0.0769318038814518,0.3795944673344811,0.7831936227543059,0.5624687382308359
15,0.1061345939992596,1,8,1,64,smoothl1,0.0006081514117616,4.946396639358978e-05,True,16,16,group_A,,,,129.07235598564148,16,"trainable_9ec27c41_129_alignn_layers=1,batch_size=8,gcn_layers=1,hidden_features=64,loss=smoothl1,lr=0.0006,weight_decay=0.0000_2026-07-09_03-17-00",0.1256700465702032,0.50043890136475,0.6112774182185852,0.7531513320099662
2,0.1717248471089141,2,8,4,256,smoothl1,0.0011385269545454,1.3548408970564106e-05,True,8,8,group_A,,,,80.04157090187073,8,"trainable_a093b8d0_90_alignn_layers=2,batch_size=8,gcn_layers=4,hidden_features=256,loss=smoothl1,lr=0.0011,weight_decay=0.0000_2026-07-09_03-05-30",0.1751738711797371,0.6285744184695954,0.5140550879963239,0.8420849060215428
27,0.0736615253444859,1,8,3,64,smoothl1,0.0005181432261394,8.128007224637107e-06,True,32,32,group_A,,,,277.0310814380646,32,"trainable_a13f7f0b_154_alignn_layers=1,batch_size=8,gcn_layers=3,hidden_features=64,loss=smoothl1,lr=0.0005,weight_decay=0.0000_2026-07-09_03-23-50",0.0787246493652226,0.3874344078935632,0.7748805466174129,0.5731507645149329
16,0.109487576695977,2,8,4,128,smoothl1,0.0010236149000515,7.115826357186458e-05,True,16,16,group_A,,,,159.06428980827332,16,"trainable_a26df154_104_alignn_layers=2,batch_size=8,gcn_layers=4,hidden_features=128,loss=smoothl1,lr=0.0010,weight_decay=0.0001_2026-07-09_03-09-45",0.109487576695977,0.4718671978836375,0.7017591505888169,0.6596991538539317
7,0.3159240052182838,1,8,1,64,mse,0.0011369657928473,1.9625708469481675e-05,True,8,8,group_A,,,,65.71512460708618,8,"trainable_a470874b_143_alignn_layers=1,batch_size=8,gcn_layers=1,hidden_features=64,loss=mse,lr=0.0011,weight_decay=0.0000_2026-07-09_03-21-34",0.3213208108825027,0.5908899833700815,0.589843320696455,0.7736370449947872
7,0.1614000823289629,2,4,1,64,smoothl1,0.0003275696972126,5.7712329000180454e-06,True,8,8,group_A,,,,90.87786030769348,8,"trainable_a4ec49ca_111_alignn_layers=2,batch_size=4,gcn_layers=1,hidden_features=64,loss=smoothl1,lr=0.0003,weight_decay=0.0000_2026-07-09_03-11-46",0.1731183449663813,0.6431607912506738,0.5357272263061125,0.8230931195372367
8,0.2493865917284022,2,8,3,64,mse,0.000975950953218,5.5355958601817785e-05,True,8,8,group_A,,,,77.22179937362671,8,"trainable_a5aef4ce_182_alignn_layers=2,batch_size=8,gcn_layers=3,hidden_features=64,loss=mse,lr=0.0010,weight_decay=0.0001_2026-07-09_03-34-34",0.2493865917284022,0.5384464243933538,0.6816652615425682,0.6815604487221045
8,0.2807111620272278,4,8,3,64,mse,0.000715521482205,3.7095450811052512e-06,True,8,8,group_A,,,,86.31948614120483,8,"trainable_a5f0b430_45_alignn_layers=4,batch_size=8,gcn_layers=3,hidden_features=64,loss=mse,lr=0.0007,weight_decay=0.0000_2026-07-09_02-47-11",0.2807111620272278,0.5730999017811257,0.6416803592417921,0.7230988490436105
7,0.1453211508573047,1,8,3,64,smoothl1,0.0009725530968753,1.6724174082468256e-05,True,8,8,group_A,,,,70.45845818519592,8,"trainable_a7313385_153_alignn_layers=1,batch_size=8,gcn_layers=3,hidden_features=64,loss=smoothl1,lr=0.0010,weight_decay=0.0000_2026-07-09_03-23-35",0.177724923130381,0.6328870359898531,0.4935219267616864,0.8596916082021911
49,0.0558947320515043,2,8,1,128,smoothl1,0.0009890018658869,1.9036185510194336e-06,True,50,50,group_A,,,,444.1372203826904,50,"trainable_a88bc9d2_114_alignn_layers=2,batch_size=8,gcn_layers=1,hidden_features=128,loss=smoothl1,lr=0.0010,weight_decay=0.0000_2026-07-09_03-12-28",0.0564826738247007,0.3224729586265211,0.8469947182024937,0.4725149728455297
14,0.118613247104265,3,8,2,192,smoothl1,0.0003731187745289,4.2521201620759505e-05,True,16,16,group_A,,,,159.8596544265747,16,"trainable_a9e52a25_130_alignn_layers=3,batch_size=8,gcn_layers=2,hidden_features=192,loss=smoothl1,lr=0.0004,weight_decay=0.0000_2026-07-09_03-17-28",0.1201023988070942,0.5111673855326676,0.672635141790237,0.6911596751459333
7,0.1428550391916244,1,8,3,64,smoothl1,0.0008592069915867,2.639384108602472e-06,True,8,8,group_A,,,,70.28962874412537,8,"trainable_aa5e1b4b_148_alignn_layers=1,batch_size=8,gcn_layers=3,hidden_features=64,loss=smoothl1,lr=0.0009,weight_decay=0.0000_2026-07-09_03-22-20",0.1680872737178727,0.6167808058396208,0.5267703155009373,0.8309948891436366
6,0.1615723705402127,1,4,3,64,smoothl1,0.0014662911055894,1.7496486705633637e-05,True,8,8,group_A,,,,90.36791467666626,8,"trainable_ac291598_106_alignn_layers=1,batch_size=4,gcn_layers=3,hidden_features=64,loss=smoothl1,lr=0.0015,weight_decay=0.0000_2026-07-09_03-10-02",0.1928181194123767,0.6749742172411336,0.4492165750845266,0.8965051617049412
7,0.2925728740830901,1,8,1,64,mse,0.0004991756980499,1.304543722907329e-06,True,8,8,group_A,,,,65.38095712661743,8,"trainable_acea26d3_170_alignn_layers=1,batch_size=8,gcn_layers=1,hidden_features=64,loss=mse,lr=0.0005,weight_decay=0.0000_2026-07-09_03-31-09",0.3115193025460319,0.5859641980148844,0.602354653325017,0.7617462336047489
13,0.2048150276538556,4,8,1,64,mse,0.0004048109250561,4.955788032554616e-05,True,16,16,group_A,,,,162.3207323551178,16,"trainable_aed0ae9a_10_alignn_layers=4,batch_size=8,gcn_layers=1,hidden_features=64,loss=mse,lr=0.0004,weight_decay=0.0000_2026-07-09_02-23-50",0.2480175692253012,0.5233831001576947,0.6834127798292228,0.6796871400997676
6,0.1558160859125631,3,4,2,192,smoothl1,0.0004045764840024,2.502859380690213e-05,True,8,8,group_A,,,,106.79063177108765,8,"trainable_af10ff27_137_alignn_layers=3,batch_size=4,gcn_layers=2,hidden_features=192,loss=smoothl1,lr=0.0004,weight_decay=0.0000_2026-07-09_03-19-40",0.1929743253680133,0.6754348193993412,0.415247603940455,0.9237370611931544
41,0.0623452092259728,1,8,3,128,smoothl1,0.0004141015728653,2.3553863061585235e-05,True,50,50,group_A,,,,436.0114626884461,50,"trainable_b0540049_37_alignn_layers=1,batch_size=8,gcn_layers=3,hidden_features=128,loss=smoothl1,lr=0.0004,weight_decay=0.0000_2026-07-09_02-41-41",0.0639363827637184,0.3491113885989365,0.8278531330457718,0.5012009953097206
27,0.0741799573497797,1,8,3,64,smoothl1,0.000442946580144,3.319705627796976e-06,True,32,32,group_A,,,,275.35565876960754,32,"trainable_b09a6893_72_alignn_layers=1,batch_size=8,gcn_layers=3,hidden_features=64,loss=smoothl1,lr=0.0004,weight_decay=0.0000_2026-07-09_02-55-38",0.0794041761389327,0.3961557022164062,0.7778780593586085,0.5693221658323586
6,0.16374318944241,1,4,3,64,smoothl1,0.0008896800390509,3.9701861486812176e-05,True,8,8,group_A,,,,92.51197266578674,8,"trainable_b153a7af_44_alignn_layers=1,batch_size=4,gcn_layers=3,hidden_features=64,loss=smoothl1,lr=0.0009,weight_decay=0.0000_2026-07-09_02-46-15",0.1760194880306405,0.6471203192148977,0.5105474654798173,0.8451185884046475
7,0.1417796995352815,1,8,3,64,smoothl1,0.0007036471694662,7.933271102629634e-06,True,8,8,group_A,,,,70.6076967716217,8,"trainable_b356cfa9_86_alignn_layers=1,batch_size=8,gcn_layers=3,hidden_features=64,loss=smoothl1,lr=0.0007,weight_decay=0.0000_2026-07-09_03-04-49",0.1602450399487107,0.6037981651878397,0.5553171036861067,0.8055408632471178
49,0.0570030949970401,2,8,1,128,smoothl1,0.0006911723765137,1.1146041255511656e-05,True,50,50,group_A,,,,438.5697023868561,50,"trainable_b389ba2d_75_alignn_layers=2,batch_size=8,gcn_layers=1,hidden_features=128,loss=smoothl1,lr=0.0007,weight_decay=0.0000_2026-07-09_02-58-00",0.0589753965842266,0.3369188747860546,0.8399936587257847,0.4832044893860482
7,0.1432769389221908,1,8,3,64,smoothl1,0.0008775272318098,1.2382030120681647e-05,True,8,8,group_A,,,,71.14215636253357,8,"trainable_b54fb2db_178_alignn_layers=1,batch_size=8,gcn_layers=3,hidden_features=64,loss=smoothl1,lr=0.0009,weight_decay=0.0000_2026-07-09_03-33-46",0.1696156348500933,0.6196276957379435,0.5215493546311286,0.8355663382697629
42,0.054830474305957,1,8,3,128,smoothl1,0.0019519043375186,1.1078843479060028e-05,True,50,50,group_A,,,,438.3122615814209,50,"trainable_b807e368_35_alignn_layers=1,batch_size=8,gcn_layers=3,hidden_features=128,loss=smoothl1,lr=0.0020,weight_decay=0.0000_2026-07-09_02-39-59",0.060190394018141,0.3285653550973344,0.840724773549338,0.4820992755430525
7,0.1278949304232521,1,8,4,64,smoothl1,0.0012239702100503,5.50968083905165e-05,True,8,8,group_A,,,,75.15012526512146,8,"trainable_b956cb26_112_alignn_layers=1,batch_size=8,gcn_layers=4,hidden_features=64,loss=smoothl1,lr=0.0012,weight_decay=0.0001_2026-07-09_03-11-58",0.1618314847034752,0.5963362292291715,0.5530752481725829,0.8075688655095017
7,0.1522675238983341,2,8,4,64,smoothl1,0.0009298929264804,2.757679210161215e-05,True,8,8,group_A,,,,79.08265280723572,8,"trainable_b99a598f_82_alignn_layers=2,batch_size=8,gcn_layers=4,hidden_features=64,loss=smoothl1,lr=0.0009,weight_decay=0.0000_2026-07-09_03-02-50",0.1591830189344744,0.5940915329098907,0.5771155606592089,0.7855488835479694
8,0.2848623587340905,1,8,4,192,mse,0.0011247675300283,1.3034044239828468e-05,True,8,8,group_A,,,,76.74198842048645,8,"trainable_b9c01af2_62_alignn_layers=1,batch_size=8,gcn_layers=4,hidden_features=192,loss=mse,lr=0.0011,weight_decay=0.0000_2026-07-09_02-51-23",0.2848623587340905,0.5685649070752742,0.636381465099936,0.728425883792756
47,0.0607223647976757,1,8,3,64,smoothl1,0.0005973625631671,1.6231031086848168e-06,True,50,50,group_A,,,,430.5880270004273,50,"trainable_ba5fc5f4_66_alignn_layers=1,batch_size=8,gcn_layers=3,hidden_features=64,loss=smoothl1,lr=0.0006,weight_decay=0.0000_2026-07-09_02-52-04",0.062767496160059,0.3476899786070819,0.8277347257804109,0.5013733354716152
49,0.0597564395561459,2,8,1,128,smoothl1,0.0007027809757054,2.687038536132206e-06,True,50,50,group_A,,,,437.42472553253174,50,"trainable_bcf64bb8_196_alignn_layers=2,batch_size=8,gcn_layers=1,hidden_features=128,loss=smoothl1,lr=0.0007,weight_decay=0.0000_2026-07-09_03-39-33",0.0597962237963521,0.3323747444156393,0.8394656179921127,0.4840011499736382
16,0.1228922719244288,1,4,3,128,smoothl1,0.0017977454894365,1.5062007907259195e-05,True,16,16,group_A,,,,187.17059326171875,16,"trainable_bed4a569_49_alignn_layers=1,batch_size=4,gcn_layers=3,hidden_features=128,loss=smoothl1,lr=0.0018,weight_decay=0.0000_2026-07-09_02-47-58",0.1228922719244288,0.5230273280311813,0.6609716027132772,0.703364429693512
4,0.1505588768887772,2,8,1,64,smoothl1,0.0012083113519356,3.0932277867986834e-05,True,8,8,group_A,,,,70.94427132606506,8,"trainable_bf49d729_197_alignn_layers=2,batch_size=8,gcn_layers=1,hidden_features=64,loss=smoothl1,lr=0.0012,weight_decay=0.0000_2026-07-09_03-39-40",0.17014013987685,0.6279506612997884,0.5166987113598045,0.839791239387214
8,0.3255564058741564,2,8,3,256,mse,0.0004853605303631,4.1548335176356135e-06,True,8,8,group_A,,,,77.2151472568512,8,"trainable_c0723704_128_alignn_layers=2,batch_size=8,gcn_layers=3,hidden_features=256,loss=mse,lr=0.0005,weight_decay=0.0000_2026-07-09_03-16-46",0.3255564058741564,0.6026364307406585,0.5844366996871848,0.7787193324360554
7,0.2917288832721256,1,8,1,64,mse,0.0005144836109114,4.704717086226305e-05,True,8,8,group_A,,,,65.68909931182861,8,"trainable_c22689af_118_alignn_layers=1,batch_size=8,gcn_layers=1,hidden_features=64,loss=mse,lr=0.0005,weight_decay=0.0000_2026-07-09_03-13-32",0.3120904314139532,0.5867786302257108,0.6016256311406456,0.7624441867087548
16,0.0962227119142731,2,8,1,128,smoothl1,0.0004184274762115,3.792943182097138e-05,True,16,16,group_A,,,,143.77123999595642,16,"trainable_c2718266_80_alignn_layers=2,batch_size=8,gcn_layers=1,hidden_features=128,loss=smoothl1,lr=0.0004,weight_decay=0.0000_2026-07-09_03-02-02",0.0962227119142731,0.4541662679143104,0.7469055007909451,0.6077202619686791
8,0.2639612009916356,2,8,1,192,mse,0.0007789414753018,1.420929191919406e-05,True,8,8,group_A,,,,71.65069079399109,8,"trainable_c2e793c8_107_alignn_layers=2,batch_size=8,gcn_layers=1,hidden_features=192,loss=mse,lr=0.0008,weight_decay=0.0000_2026-07-09_03-10-13",0.2639612009916356,0.5328570066341571,0.6630611831676934,0.7011935079655247
5,0.1378326670675681,1,8,4,128,smoothl1,0.0009311527576111,4.507450204197096e-06,True,8,8,group_A,,,,74.14715027809143,8,"trainable_c38b52b6_168_alignn_layers=1,batch_size=8,gcn_layers=4,hidden_features=128,loss=smoothl1,lr=0.0009,weight_decay=0.0000_2026-07-09_03-30-14",0.2012843194383162,0.6875608414490599,0.4450358959475353,0.8999011562959707
14,0.0938631621775803,2,8,3,64,smoothl1,0.0010079432120308,1.1082799605144406e-06,True,16,16,group_A,,,,153.07922101020813,16,"trainable_c5365f4e_190_alignn_layers=2,batch_size=8,gcn_layers=3,hidden_features=64,loss=smoothl1,lr=0.0010,weight_decay=0.0000_2026-07-09_03-37-24",0.1651578391335471,0.5650465008339428,0.5071517700217001,0.8480451286907015
47,0.0596461563947654,1,8,3,64,smoothl1,0.0006048897308998,1.0024674535159165e-06,True,50,50,group_A,,,,431.5167527198791,50,"trainable_c72ac62e_27_alignn_layers=1,batch_size=8,gcn_layers=3,hidden_features=64,loss=smoothl1,lr=0.0006,weight_decay=0.0000_2026-07-09_02-34-05",0.0615549081019938,0.3466137181424899,0.8328884425354715,0.4938165109689181
7,0.1417230811541673,1,8,3,64,smoothl1,0.0007238644061477,9.605666777814105e-06,True,8,8,group_A,,,,70.37626075744629,8,"trainable_c9a651c4_156_alignn_layers=1,batch_size=8,gcn_layers=3,hidden_features=64,loss=smoothl1,lr=0.0007,weight_decay=0.0000_2026-07-09_03-24-37",0.1610356080271895,0.6049411948489882,0.5523940986204546,0.8081840314167176
7,0.144369609220318,1,4,1,64,smoothl1,0.0007080907448323,2.913763313731746e-06,True,8,8,group_A,,,,81.56694388389587,8,"trainable_ca5d94dd_122_alignn_layers=1,batch_size=4,gcn_layers=1,hidden_features=64,loss=smoothl1,lr=0.0007,weight_decay=0.0000_2026-07-09_03-14-52",0.1596657902238861,0.6138065064583351,0.5782927641769329,0.7844547366740695
7,0.360330132580308,3,8,4,128,mse,0.0005422491223224,6.073700261609541e-05,True,8,8,group_A,,,,84.45879817008972,8,"trainable_cbdd00d9_7_alignn_layers=3,batch_size=8,gcn_layers=4,hidden_features=128,loss=mse,lr=0.0005,weight_decay=0.0001_2026-07-09_02-22-20",0.4550053245097241,0.6612448446239029,0.4191989125797366,0.9206108174178568
5,0.2530771111527448,2,8,1,128,mse,0.001475054777525,1.768067955417348e-05,True,8,8,group_A,,,,71.36909365653992,8,"trainable_cbe65091_200_alignn_layers=2,batch_size=8,gcn_layers=1,hidden_features=128,loss=mse,lr=0.0015,weight_decay=0.0000_2026-07-09_03-40-09",0.3157820652717005,0.6161959872648513,0.5969133637763416,0.7669403074679007
26,0.0667150618518313,4,8,2,192,smoothl1,0.0013081177011883,3.4202673546810175e-06,True,32,32,group_A,,,,338.31740164756775,32,"trainable_cdc59bdf_59_alignn_layers=4,batch_size=8,gcn_layers=2,hidden_features=192,loss=smoothl1,lr=0.0013,weight_decay=0.0000_2026-07-09_02-50-35",0.0884715472027738,0.4196951833709976,0.7583045546109585,0.5938771237273253
7,0.2992460703250592,1,8,3,64,mse,0.00056492501663,2.6024263926133396e-05,True,8,8,group_A,,,,70.91842794418335,8,"trainable_ce0437ab_194_alignn_layers=1,batch_size=8,gcn_layers=3,hidden_features=64,loss=mse,lr=0.0006,weight_decay=0.0000_2026-07-09_03-38-38",0.3504208323186036,0.6132137144807055,0.5526979932499513,0.8079096332383411
15,0.1063174173708946,1,8,1,64,smoothl1,0.0006042324407897,6.255033953166096e-06,True,16,16,group_A,,,,130.43549299240112,16,"trainable_ce22f089_162_alignn_layers=1,batch_size=8,gcn_layers=1,hidden_features=64,loss=smoothl1,lr=0.0006,weight_decay=0.0000_2026-07-09_03-28-33",0.1260631951705488,0.5014255084485852,0.6100346774960003,0.7543542785270222
15,0.0942683334526404,3,8,1,64,smoothl1,0.0009563027008444,9.666044933069943e-06,True,16,16,group_A,,,,149.43996286392212,16,"trainable_cf65d4e7_95_alignn_layers=3,batch_size=8,gcn_layers=1,hidden_features=64,loss=smoothl1,lr=0.0010,weight_decay=0.0000_2026-07-09_03-07-01",0.1237636309649263,0.4840283793460752,0.6549195679704403,0.7096145795291473
35,0.0645943924134212,1,8,3,128,smoothl1,0.0004579399857218,6.665628749625888e-05,True,50,50,group_A,,,,438.56028032302856,50,"trainable_cfbe260f_110_alignn_layers=1,batch_size=8,gcn_layers=3,hidden_features=128,loss=smoothl1,lr=0.0005,weight_decay=0.0001_2026-07-09_03-11-18",0.0646566415979236,0.3468303312436014,0.8227702257328233,0.5085465418437551
13,0.1140559607988627,3,8,3,256,smoothl1,0.0009720314805608,4.453311805951124e-06,True,16,16,group_A,,,,162.5150957107544,16,"trainable_d0bc1141_31_alignn_layers=3,batch_size=8,gcn_layers=3,hidden_features=256,loss=smoothl1,lr=0.0010,weight_decay=0.0000_2026-07-09_02-36-50",0.1320535503524952,0.5206987108773111,0.6375639000370732,0.7272405515129495
50,0.0636031920652067,1,8,3,128,smoothl1,0.0003179893913472,6.217148326021816e-06,True,50,50,group_A,,,,437.5968458652496,50,"trainable_d202a10a_36_alignn_layers=1,batch_size=8,gcn_layers=3,hidden_features=128,loss=smoothl1,lr=0.0003,weight_decay=0.0000_2026-07-09_02-40-36",0.0636031920652067,0.3511362332304581,0.8302792104399496,0.4976567339245885
42,0.0582602308599879,1,8,3,128,smoothl1,0.0016113626688719,1.0703102465971344e-05,True,50,50,group_A,,,,440.4685175418854,50,"trainable_d228178a_34_alignn_layers=1,batch_size=8,gcn_layers=3,hidden_features=128,loss=smoothl1,lr=0.0016,weight_decay=0.0000_2026-07-09_02-38-45",0.0628574517156396,0.3312236721256326,0.8348324644427647,0.4909358054134126
47,0.0563804109595597,1,8,3,64,smoothl1,0.000649627850859,1.0807758506195971e-05,True,50,50,group_A,,,,441.718309879303,50,"trainable_d28e5325_155_alignn_layers=1,batch_size=8,gcn_layers=3,hidden_features=64,loss=smoothl1,lr=0.0006,weight_decay=0.0000_2026-07-09_03-24-30",0.056632423610796,0.3323878126327256,0.8492954704592244,0.4689488941195134
31,0.0699134842546844,3,8,2,64,smoothl1,0.0015584029811918,3.584039174840586e-05,True,32,32,group_A,,,,312.83513474464417,32,"trainable_d3544ea2_172_alignn_layers=3,batch_size=8,gcn_layers=2,hidden_features=64,loss=smoothl1,lr=0.0016,weight_decay=0.0000_2026-07-09_03-32-02",0.098399483593841,0.4260320868005507,0.7078214451658477,0.6529599310691416
6,0.2962475240072876,4,8,2,256,mse,0.0004819578621506,1.413149499975813e-06,True,8,8,group_A,,,,84.71844220161438,8,"trainable_d429e7e2_14_alignn_layers=4,batch_size=8,gcn_layers=2,hidden_features=256,loss=mse,lr=0.0005,weight_decay=0.0000_2026-07-09_02-25-59",0.4267767875125168,0.6466968638342626,0.4552318250799951,0.8915962381980949
25,0.1004206659420142,3,4,4,192,smoothl1,0.0007928744631039,1.7054805962712718e-06,True,32,32,group_A,,,,483.13574838638306,32,"trainable_d5ba5a16_1_alignn_layers=3,batch_size=4,gcn_layers=4,hidden_features=192,loss=smoothl1,lr=0.0008,weight_decay=0.0000_2026-07-09_02-22-04",0.1096650472393742,0.4795491698427719,0.7002776223226845,0.6613356704051047
26,0.0680071293479866,4,8,2,192,smoothl1,0.0013903536363269,1.522325746497641e-05,True,32,32,group_A,,,,339.71179842948914,32,"trainable_d6236f6e_116_alignn_layers=4,batch_size=8,gcn_layers=2,hidden_features=192,loss=smoothl1,lr=0.0014,weight_decay=0.0000_2026-07-09_03-12-43",0.0761600134391633,0.389630754744004,0.8017318799420207,0.5378842250923984
49,0.0570656460310731,2,8,1,128,smoothl1,0.0006361814077475,5.262548287855226e-05,True,50,50,group_A,,,,440.9593324661255,50,"trainable_d8185fd5_63_alignn_layers=2,batch_size=8,gcn_layers=1,hidden_features=128,loss=smoothl1,lr=0.0006,weight_decay=0.0001_2026-07-09_02-51-51",0.0592431515090601,0.3315163020731986,0.8416749075333255,0.4806591769092506
6,0.2978563770336448,1,8,3,256,mse,0.001700324294407,8.696210646576572e-06,True,8,8,group_A,,,,71.61362648010254,8,"trainable_d92e39c9_113_alignn_layers=1,batch_size=8,gcn_layers=3,hidden_features=256,loss=mse,lr=0.0017,weight_decay=0.0000_2026-07-09_03-12-01",0.3564176557082978,0.6258941604482924,0.5450432205053489,0.8147932711040927
3,0.1569678173375823,3,8,3,192,smoothl1,0.0005403050662634,9.65394736144562e-06,True,8,8,group_A,,,,83.24453592300415,8,"trainable_d938f50a_179_alignn_layers=3,batch_size=8,gcn_layers=3,hidden_features=192,loss=smoothl1,lr=0.0005,weight_decay=0.0000_2026-07-09_03-33-55",0.2583896358492513,0.8083946428744293,0.2867990142011213,1.0201600930398351
15,0.1270577729576164,2,4,3,256,smoothl1,0.0004645495591188,8.093235951743414e-06,True,16,16,group_A,,,,201.40675449371335,16,"trainable_da43d9b9_169_alignn_layers=2,batch_size=4,gcn_layers=3,hidden_features=256,loss=smoothl1,lr=0.0005,weight_decay=0.0000_2026-07-09_03-30-51",0.131139063389686,0.5319719540056363,0.6506857848498286,0.7139544304224681
14,0.0990533650749259,2,8,3,64,smoothl1,0.0005907676612004,6.102463816842104e-05,True,16,16,group_A,,,,150.22552061080933,16,"trainable_dba07131_126_alignn_layers=2,batch_size=8,gcn_layers=3,hidden_features=64,loss=smoothl1,lr=0.0006,weight_decay=0.0001_2026-07-09_03-16-40",0.1154437863598109,0.4725766085084774,0.6723428023303489,0.691468211863296
5,0.2738238562036443,1,8,4,128,mse,0.000590549447657,2.0836985814908897e-05,True,8,8,group_A,,,,74.48157405853271,8,"trainable_dc864037_176_alignn_layers=1,batch_size=8,gcn_layers=4,hidden_features=128,loss=mse,lr=0.0006,weight_decay=0.0000_2026-07-09_03-32-22",0.3932430877020119,0.6478016002368513,0.4980366157437601,0.8558514338315353
4,0.1616935470589885,4,8,2,128,smoothl1,0.0007350272713582,3.756242784122383e-06,True,8,8,group_A,,,,84.76025319099426,8,"trainable_e000e4c9_180_alignn_layers=4,batch_size=8,gcn_layers=2,hidden_features=128,loss=smoothl1,lr=0.0007,weight_decay=0.0000_2026-07-09_03-34-05",0.195387572030384,0.6690190260128084,0.3682557817765743,0.9601365471213869
45,0.1508941426281891,1,4,1,192,mse,0.0015186541422714,4.399436666931211e-06,True,50,50,group_A,,,,498.18932938575745,50,"trainable_e0ee0b49_6_alignn_layers=1,batch_size=4,gcn_layers=1,hidden_features=192,loss=mse,lr=0.0015,weight_decay=0.0000_2026-07-09_02-22-17",0.1769667422921254,0.3952709908824472,0.7741070936202679,0.5741345201429398
7,0.1610966895623181,4,8,2,192,smoothl1,0.0008589381320631,1.8261671782939894e-05,True,8,8,group_A,,,,85.27947878837585,8,"trainable_e2137c86_89_alignn_layers=4,batch_size=8,gcn_layers=2,hidden_features=192,loss=smoothl1,lr=0.0009,weight_decay=0.0000_2026-07-09_03-05-26",0.1724628454675434,0.6420807566661686,0.5413331869770464,0.8181087207941088
7,0.1418810553020901,1,8,3,64,smoothl1,0.0007806252387208,4.878451613264763e-06,True,8,8,group_A,,,,70.94631242752075,8,"trainable_e67c4b41_69_alignn_layers=1,batch_size=8,gcn_layers=3,hidden_features=64,loss=smoothl1,lr=0.0008,weight_decay=0.0000_2026-07-09_02-54-01",0.1633887049894799,0.6087756034743592,0.5438544356674085,0.8158570886114168
7,0.1498009710715561,2,4,2,128,smoothl1,0.0009009957285093,2.0820313874687885e-05,True,8,8,group_A,,,,97.36380171775818,8,"trainable_e8378629_51_alignn_layers=2,batch_size=4,gcn_layers=2,hidden_features=128,loss=smoothl1,lr=0.0009,weight_decay=0.0000_2026-07-09_02-48-52",0.1870588232127447,0.6630047732691443,0.4895754550548353,0.8630344628550324
7,0.154697616343145,4,8,2,256,smoothl1,0.0010453695004822,3.416376058058052e-05,True,8,8,group_A,,,,84.83005881309509,8,"trainable_eaa78d52_93_alignn_layers=4,batch_size=8,gcn_layers=2,hidden_features=256,loss=smoothl1,lr=0.0010,weight_decay=0.0000_2026-07-09_03-06-44",0.1737697746151338,0.6344724122742486,0.4969573766855316,0.8567709952751646
50,0.0569752176198615,2,8,1,128,smoothl1,0.0009933751968528,8.719080785721817e-06,True,50,50,group_A,,,,441.01702070236206,50,"trainable_eb713251_76_alignn_layers=2,batch_size=8,gcn_layers=1,hidden_features=128,loss=smoothl1,lr=0.0010,weight_decay=0.0000_2026-07-09_02-58-44",0.0569752176198615,0.325712440832325,0.851046728612207,0.4662162278527228
27,0.0802831781643723,1,8,3,64,smoothl1,0.0003940578685066,1.2649726395866435e-06,True,32,32,group_A,,,,280.3332393169403,32,"trainable_ecc0a9f4_68_alignn_layers=1,batch_size=8,gcn_layers=3,hidden_features=64,loss=smoothl1,lr=0.0004,weight_decay=0.0000_2026-07-09_02-53-20",0.081149209556835,0.4097396382409954,0.7777862682287191,0.56943978889765
12,0.0987849557604739,1,8,3,192,smoothl1,0.0007765321943192,3.3230393164033474e-05,True,16,16,group_A,,,,145.2113962173462,16,"trainable_ed0a4fbf_171_alignn_layers=1,batch_size=8,gcn_layers=3,hidden_features=192,loss=smoothl1,lr=0.0008,weight_decay=0.0000_2026-07-09_03-31-13",0.1599451367738385,0.5687208277632599,0.5010900193312896,0.8532444249172364
5,0.1548074807912584,4,8,3,128,smoothl1,0.0012548114509271,3.531956671018321e-05,True,8,8,group_A,,,,88.64991664886475,8,"trainable_edb44d28_131_alignn_layers=4,batch_size=8,gcn_layers=3,hidden_features=128,loss=smoothl1,lr=0.0013,weight_decay=0.0000_2026-07-09_03-18-20",0.1832380523836171,0.6208393821314142,0.4871967175896655,0.8650431301122801
7,0.3203558879239218,4,8,2,128,mse,0.0005203538155208,1.1715132737020088e-05,True,8,8,group_A,,,,84.42250370979309,8,"trainable_edb6f4d4_188_alignn_layers=4,batch_size=8,gcn_layers=2,hidden_features=128,loss=mse,lr=0.0005,weight_decay=0.0000_2026-07-09_03-36-49",0.4332269315051023,0.64174107523807,0.446998396692909,0.8983086021511096
44,0.0505784095373379,2,8,1,64,smoothl1,0.0007033122173895,2.721437009764781e-06,True,50,50,group_A,,,,432.2853524684906,50,"trainable_f0c92e93_174_alignn_layers=2,batch_size=8,gcn_layers=1,hidden_features=64,loss=smoothl1,lr=0.0007,weight_decay=0.0000_2026-07-09_03-32-15",0.0524170775725333,0.3313851379616763,0.8656417715113471,0.4427866289292448
16,0.2166637281576792,3,4,2,64,mse,0.0008430072729175,3.039296136739057e-06,True,16,16,group_A,,,,215.43621373176575,16,"trainable_f1bdca42_2_alignn_layers=3,batch_size=4,gcn_layers=2,hidden_features=64,loss=mse,lr=0.0008,weight_decay=0.0000_2026-07-09_02-22-07",0.2166637281576792,0.4565851485936271,0.7234350458180829,0.635273788105477
6,0.1605316583244573,2,8,3,192,smoothl1,0.0008026375451537,5.7129233765009474e-05,True,8,8,group_A,,,,79.19298148155212,8,"trainable_f2ebc1cd_47_alignn_layers=2,batch_size=8,gcn_layers=3,hidden_features=192,loss=smoothl1,lr=0.0008,weight_decay=0.0001_2026-07-09_02-47-29",0.2274486537254046,0.7213766216735954,0.3224577538353392,0.994330023559943
7,0.1436205939562232,4,8,3,128,smoothl1,0.000796581886756,3.886657462611114e-05,True,8,8,group_A,,,,88.33072972297668,8,"trainable_f2f532bf_124_alignn_layers=4,batch_size=8,gcn_layers=3,hidden_features=128,loss=smoothl1,lr=0.0008,weight_decay=0.0000_2026-07-09_03-15-19",0.2269669442817017,0.6982356770555124,0.3417337032363768,0.9800837152198888
7,0.2952566804393889,1,8,1,64,mse,0.000755775929708,9.514042534660971e-05,True,8,8,group_A,,,,65.42296814918518,8,"trainable_f3aeae68_40_alignn_layers=1,batch_size=8,gcn_layers=1,hidden_features=64,loss=mse,lr=0.0008,weight_decay=0.0001_2026-07-09_02-43-25",0.3182619869235962,0.5898963454642688,0.5937478104066733,0.7699459176155197
4,0.282777832614051,2,8,1,128,mse,0.0007326776224918,8.760913149032226e-05,True,8,8,group_A,,,,71.76744437217712,8,"trainable_f56b1ae6_79_alignn_layers=2,batch_size=8,gcn_layers=1,hidden_features=128,loss=mse,lr=0.0007,weight_decay=0.0001_2026-07-09_03-01-09",0.3154982364682293,0.6029253726998182,0.5972756655520259,0.7665955598682079
32,0.077252759041373,1,8,3,64,smoothl1,0.0005669415138161,3.0546619448872515e-05,True,32,32,group_A,,,,275.12095832824707,32,"trainable_f6b5094e_73_alignn_layers=1,batch_size=8,gcn_layers=3,hidden_features=64,loss=smoothl1,lr=0.0006,weight_decay=0.0000_2026-07-09_02-56-30",0.077252759041373,0.3850477874906995,0.7816555090012131,0.564460404516943
14,0.1106778410455537,1,8,3,256,smoothl1,0.0005504141606635,7.859385327532878e-05,True,16,16,group_A,,,,142.19293808937073,16,"trainable_f7596a16_64_alignn_layers=1,batch_size=8,gcn_layers=3,hidden_features=256,loss=smoothl1,lr=0.0006,weight_decay=0.0001_2026-07-09_02-51-56",0.1200150258287235,0.4718957869700099,0.632146809756198,0.7326551836954514
50,0.0496761531214274,2,8,1,64,smoothl1,0.0008350182411692,1.3314703565427604e-06,True,50,50,group_A,,,,434.5272927284241,50,"trainable_f770353c_198_alignn_layers=2,batch_size=8,gcn_layers=1,hidden_features=64,loss=smoothl1,lr=0.0008,weight_decay=0.0000_2026-07-09_03-39-49",0.0496761531214274,0.3194884380553493,0.8721669432239992,0.4319007420957333
7,0.142803991440112,1,8,3,64,smoothl1,0.0006161026824601,3.903872074794809e-06,True,8,8,group_A,,,,69.68362998962402,8,"trainable_f9fb4177_42_alignn_layers=1,batch_size=8,gcn_layers=3,hidden_features=64,loss=smoothl1,lr=0.0006,weight_decay=0.0000_2026-07-09_02-45-42",0.1574706673700973,0.5990550112040768,0.5668835275390283,0.7949955796844388
5,0.1358463940797028,1,8,4,64,smoothl1,0.0009248642532683,5.087213395297619e-06,True,8,8,group_A,,,,73.25539088249207,8,"trainable_fa309e95_192_alignn_layers=1,batch_size=8,gcn_layers=4,hidden_features=64,loss=smoothl1,lr=0.0009,weight_decay=0.0000_2026-07-09_03-37-43",0.1612966508461684,0.5987776860177456,0.5604901729869163,0.8008416619192841
5,0.1259977427266893,1,8,4,128,smoothl1,0.0007650846292807,1.3448464537959773e-05,True,8,8,group_A,,,,74.9674940109253,8,"trainable_fc301f2f_134_alignn_layers=1,batch_size=8,gcn_layers=4,hidden_features=128,loss=smoothl1,lr=0.0008,weight_decay=0.0000_2026-07-09_03-19-02",0.1960441301029826,0.6683142439766813,0.4581647397454166,0.8891929179177769
8,0.2405534352338503,3,8,2,192,mse,0.0009128792790382,8.403266343721628e-05,True,8,8,group_A,,,,81.26470136642456,8,"trainable_fda52fc4_123_alignn_layers=3,batch_size=8,gcn_layers=2,hidden_features=192,loss=mse,lr=0.0009,weight_decay=0.0001_2026-07-09_03-15-15",0.2405534352338503,0.4991529008268894,0.6929405276779708,0.6693813574121688
14,0.0962736676176073,2,8,3,64,smoothl1,0.0008203596048452,2.4018489996509376e-06,True,16,16,group_A,,,,149.69628262519836,16,"trainable_ffc6eeef_140_alignn_layers=2,batch_size=8,gcn_layers=3,hidden_features=64,loss=smoothl1,lr=0.0008,weight_decay=0.0000_2026-07-09_03-20-23",0.1402465976262218,0.5243774629710447,0.588232616402931,0.7751546108366281
31,0.0706510118568542,3,8,2,128,smoothl1,0.0005338332059081,1.2102825331398871e-05,True,32,32,group_B,,,,314.5409724712372,32,"trainable_0166e523_76_alignn_layers=3,batch_size=8,gcn_layers=2,hidden_features=128,loss=smoothl1,lr=0.0005,weight_decay=0.0000_2026-07-09_03-17-24",0.0799984940815539,0.3799895380920858,0.7785968918966736,0.5684001971710768
8,0.2802974170950985,2,8,4,128,mse,0.0008648954453251,6.023705748957525e-06,True,8,8,group_B,,,,80.5750138759613,8,"trainable_0332f285_45_alignn_layers=2,batch_size=8,gcn_layers=4,hidden_features=128,loss=mse,lr=0.0009,weight_decay=0.0000_2026-07-09_02-57-15",0.2802974170950985,0.5619966871230768,0.6422084820547768,0.7225657693956703
16,0.1320962191771262,3,4,1,64,smoothl1,0.0003608542561746,1.8527997437323065e-05,True,16,16,group_B,,,,201.3391501903534,16,"trainable_03d86608_48_alignn_layers=3,batch_size=4,gcn_layers=1,hidden_features=64,loss=smoothl1,lr=0.0004,weight_decay=0.0000_2026-07-09_02-58-58",0.1320962191771262,0.5082735914679601,0.6126236119019686,0.7518460735291507
11,0.1224891561127844,3,8,2,256,smoothl1,0.0003203182233107,3.531625673462389e-06,True,16,16,group_B,,,,160.0763783454895,16,"trainable_0591a3c6_91_alignn_layers=3,batch_size=8,gcn_layers=2,hidden_features=256,loss=smoothl1,lr=0.0003,weight_decay=0.0000_2026-07-09_03-28-50",0.1229430131771892,0.5043227766953521,0.6398659955657628,0.7249272552128332
44,0.0580350093632226,1,8,2,128,smoothl1,0.0006875430537704,1.8164777292499189e-06,True,50,50,group_B,,,,422.4595603942871,50,"trainable_06990d86_10_alignn_layers=1,batch_size=8,gcn_layers=2,hidden_features=128,loss=smoothl1,lr=0.0007,weight_decay=0.0000_2026-07-09_02-27-50",0.0674736021411797,0.3515736524098984,0.8206149390555276,0.511629408139917
4,0.1337466387363968,1,8,2,128,smoothl1,0.0019908212414649,3.0263623280606527e-06,True,8,8,group_B,,,,69.14113712310791,8,"trainable_085798ef_35_alignn_layers=1,batch_size=8,gcn_layers=2,hidden_features=128,loss=smoothl1,lr=0.0020,weight_decay=0.0000_2026-07-09_02-51-49",0.1782239122444359,0.6349961474298043,0.5092674844873639,0.8462229134997085
7,0.1632377260891848,2,8,4,256,smoothl1,0.0012479665510063,1.8379089058587491e-06,True,8,8,group_B,,,,79.71587038040161,8,"trainable_08deb1ec_59_alignn_layers=2,batch_size=8,gcn_layers=4,hidden_features=256,loss=smoothl1,lr=0.0012,weight_decay=0.0000_2026-07-09_03-07-16",0.206073753851116,0.7052793068009577,0.4214800135981842,0.9188011855784785
14,0.1055650283784541,3,8,1,256,smoothl1,0.0003307299334977,7.86256779770083e-05,True,16,16,group_B,,,,152.30625820159912,16,"trainable_0cdd49c8_69_alignn_layers=3,batch_size=8,gcn_layers=1,hidden_features=256,loss=smoothl1,lr=0.0003,weight_decay=0.0001_2026-07-09_03-12-36",0.1223707780951545,0.494806611376915,0.6598942583802552,0.7044810981604109
15,0.1205124687896203,1,4,3,128,smoothl1,0.0009196632507418,1.120692523491536e-05,True,16,16,group_B,,,,182.6588897705078,16,"trainable_0d0a7121_94_alignn_layers=1,batch_size=4,gcn_layers=3,hidden_features=128,loss=smoothl1,lr=0.0009,weight_decay=0.0000_2026-07-09_03-31-33",0.1229547751407143,0.5281447228388254,0.6681401284065315,0.6958886187326384
12,0.1097798006480963,1,8,3,192,smoothl1,0.000636403025065,2.58858933792859e-06,True,16,16,group_B,,,,141.52114462852478,16,"trainable_10e8ebbd_16_alignn_layers=1,batch_size=8,gcn_layers=3,hidden_features=192,loss=smoothl1,lr=0.0006,weight_decay=0.0000_2026-07-09_02-33-33",0.1381626196560405,0.5246786324096981,0.5969854594172206,0.7668717173427904
14,0.1020932061568139,3,8,1,64,smoothl1,0.0004904695088381,1.3973457575939029e-06,True,16,16,group_B,,,,150.5977864265442,16,"trainable_1243107d_14_alignn_layers=3,batch_size=8,gcn_layers=1,hidden_features=64,loss=smoothl1,lr=0.0005,weight_decay=0.0000_2026-07-09_02-30-51",0.1158912641109612,0.4934671955954653,0.6773949796362648,0.6861165955904748
16,0.1154326996396458,2,4,4,128,smoothl1,0.0004141492568436,6.390180504472745e-05,True,16,16,group_B,,,,213.852632522583,16,"trainable_13a35bea_11_alignn_layers=2,batch_size=4,gcn_layers=4,hidden_features=128,loss=smoothl1,lr=0.0004,weight_decay=0.0001_2026-07-09_02-28-13",0.1154326996396458,0.5116536817034317,0.7013809849204562,0.660117266495189
5,0.3800407004734826,4,4,3,192,mse,0.0015998946733273,1.493097040083149e-06,True,8,8,group_B,,,,122.86139917373656,8,"trainable_146ed4e7_9_alignn_layers=4,batch_size=4,gcn_layers=3,hidden_features=192,loss=mse,lr=0.0016,weight_decay=0.0000_2026-07-09_02-26-02",0.4222555857486826,0.7158133114267851,0.4610030245153894,0.8868609393102189
24,0.0701059633915228,3,8,3,128,smoothl1,0.0006977313102121,1.025173222243496e-06,True,32,32,group_B,,,,330.74191975593567,32,"trainable_17d2786e_30_alignn_layers=3,batch_size=8,gcn_layers=3,hidden_features=128,loss=smoothl1,lr=0.0007,weight_decay=0.0000_2026-07-09_02-45-14",0.0791936603882325,0.4072079812679899,0.7941492192347781,0.548073271082871
4,0.148702033691936,3,4,3,192,smoothl1,0.0010060890530692,6.975011981191635e-06,True,8,8,group_B,,,,112.6304168701172,8,"trainable_1b7ac5e2_60_alignn_layers=3,batch_size=4,gcn_layers=3,hidden_features=192,loss=smoothl1,lr=0.0010,weight_decay=0.0000_2026-07-09_03-07-18",0.1803155859153737,0.6508301043447756,0.5130148279905462,0.8429857477869741
6,0.1611123772131072,4,4,2,192,smoothl1,0.0005015418399403,1.3167837993784904e-05,True,8,8,group_B,,,,117.42155742645264,8,"trainable_1cf9e292_46_alignn_layers=4,batch_size=4,gcn_layers=2,hidden_features=192,loss=smoothl1,lr=0.0005,weight_decay=0.0000_2026-07-09_02-57-34",0.2066611451683221,0.7179436878915918,0.4412971502516266,0.9029273466100513
46,0.0587542743062373,2,8,2,64,smoothl1,0.0010583933301865,1.1288010604483895e-06,True,50,50,group_B,,,,448.02135491371155,50,"trainable_1d3783ce_79_alignn_layers=2,batch_size=8,gcn_layers=2,hidden_features=64,loss=smoothl1,lr=0.0011,weight_decay=0.0000_2026-07-09_03-18-59",0.0739552491792926,0.3596666861271059,0.7876651506952718,0.5566381940658548
6,0.1481409519122391,3,8,3,128,smoothl1,0.0003135944688581,2.0330683495164715e-06,True,8,8,group_B,,,,83.06860637664795,8,"trainable_1d388eb2_28_alignn_layers=3,batch_size=8,gcn_layers=3,hidden_features=128,loss=smoothl1,lr=0.0003,weight_decay=0.0000_2026-07-09_02-44-47",0.1684165143225559,0.5986869633883676,0.5275415680379634,0.8303174503837527
13,0.1236044728448466,1,8,2,128,smoothl1,0.0003065109969656,4.699425043739124e-06,True,16,16,group_B,,,,139.24826335906982,16,"trainable_1d8092d2_25_alignn_layers=1,batch_size=8,gcn_layers=2,hidden_features=128,loss=smoothl1,lr=0.0003,weight_decay=0.0000_2026-07-09_02-40-27",0.1243754189717706,0.5252748460488225,0.6718881261242955,0.6919478063192028
7,0.1121506552413973,1,8,2,256,smoothl1,0.0011904995361662,8.954999234186714e-06,True,16,16,group_B,,,,138.5862579345703,16,"trainable_1e722bff_31_alignn_layers=1,batch_size=8,gcn_layers=2,hidden_features=256,loss=smoothl1,lr=0.0012,weight_decay=0.0000_2026-07-09_02-46-38",0.1472126627390189,0.5133680318667113,0.5587602176411249,0.8024162111292831
14,0.0927824649427618,3,8,1,256,smoothl1,0.0005830068352328,4.369839342282092e-05,True,16,16,group_B,,,,153.74943780899048,16,"trainable_25acfd14_68_alignn_layers=3,batch_size=8,gcn_layers=1,hidden_features=256,loss=smoothl1,lr=0.0006,weight_decay=0.0000_2026-07-09_03-12-02",0.1171892502951243,0.4795005647754193,0.6721877297177922,0.6916318205048381
33,0.0635741689395179,1,8,2,128,smoothl1,0.0009542139725385,6.6065417977184805e-06,True,50,50,group_B,,,,422.6196596622467,50,"trainable_27088283_21_alignn_layers=1,batch_size=8,gcn_layers=2,hidden_features=128,loss=smoothl1,lr=0.0010,weight_decay=0.0000_2026-07-09_02-36-35",0.0746891520148704,0.3691350643156236,0.7984707599333198,0.5422897513852242
3,0.2977549268928154,2,8,4,192,mse,0.0004586714755401,3.927666566312075e-06,True,8,8,group_B,,,,80.87982869148254,8,"trainable_2a49b1c8_49_alignn_layers=2,batch_size=8,gcn_layers=4,hidden_features=192,loss=mse,lr=0.0005,weight_decay=0.0000_2026-07-09_02-59-23",0.3356138387369731,0.5952991218351223,0.5715986890747327,0.7906563419549489
2,0.1870834086898458,3,8,4,192,smoothl1,0.0018932413945823,8.235301376325148e-06,True,8,8,group_B,,,,84.57780814170837,8,"trainable_2d1bf9f6_41_alignn_layers=3,batch_size=8,gcn_layers=4,hidden_features=192,loss=smoothl1,lr=0.0019,weight_decay=0.0000_2026-07-09_02-53-58",0.3052223979165314,0.9163470744673992,0.1316016916819468,1.125697878549757
4,0.1393728994582065,3,8,1,128,smoothl1,0.0007988420651639,4.160190236508848e-06,True,8,8,group_B,,,,76.35757517814636,8,"trainable_2e5806b9_84_alignn_layers=3,batch_size=8,gcn_layers=1,hidden_features=128,loss=smoothl1,lr=0.0008,weight_decay=0.0000_2026-07-09_03-23-18",0.1840025691916703,0.6459766411690682,0.4913930056556733,0.8614965198690635
30,0.0599071703673828,3,8,2,128,smoothl1,0.0011237387014922,9.451987709152888e-05,True,32,32,group_B,,,,317.17866015434265,32,"trainable_2f0dcffd_58_alignn_layers=3,batch_size=8,gcn_layers=2,hidden_features=128,loss=smoothl1,lr=0.0011,weight_decay=0.0001_2026-07-09_03-05-52",0.0816769224626046,0.3901635775040574,0.7686549954180852,0.5810217985365398
14,0.1040726954501772,4,8,1,64,smoothl1,0.0003633135961609,3.91400961478965e-06,True,16,16,group_B,,,,161.51615977287292,16,"trainable_33d67a74_15_alignn_layers=4,batch_size=8,gcn_layers=1,hidden_features=64,loss=smoothl1,lr=0.0004,weight_decay=0.0000_2026-07-09_02-31-36",0.1161847751607339,0.5118610762437212,0.6993472293835004,0.6623613283492802
14,0.097486574577276,3,8,1,256,smoothl1,0.0004720723670233,3.448412402229946e-06,True,16,16,group_B,,,,151.18754053115845,16,"trainable_36914e2b_71_alignn_layers=3,batch_size=8,gcn_layers=1,hidden_features=256,loss=smoothl1,lr=0.0005,weight_decay=0.0000_2026-07-09_03-14-38",0.1226783009275557,0.4990292822096242,0.6567111529009557,0.7077700976459044
29,0.067541240088681,3,8,2,128,smoothl1,0.0006257559947953,2.046426011745671e-06,True,32,32,group_B,,,,315.3379943370819,32,"trainable_3a23171d_23_alignn_layers=3,batch_size=8,gcn_layers=2,hidden_features=128,loss=smoothl1,lr=0.0006,weight_decay=0.0000_2026-07-09_02-37-49",0.0715992855864069,0.3770380221647336,0.8156212941461951,0.518701787277793
7,0.1734688408554546,3,8,4,128,smoothl1,0.00055842473845,8.785367710423428e-05,True,8,8,group_B,,,,85.2857940196991,8,"trainable_3e26c559_87_alignn_layers=3,batch_size=8,gcn_layers=4,hidden_features=128,loss=smoothl1,lr=0.0006,weight_decay=0.0001_2026-07-09_03-25-47",0.2042417728869372,0.6950469734493097,0.4154460248839097,0.923580324485735
49,0.0591471109381586,3,8,2,128,smoothl1,0.0008422698220869,5.8184619769211886e-06,True,50,50,group_B,,,,496.6845061779022,50,"trainable_406d2199_27_alignn_layers=3,batch_size=8,gcn_layers=2,hidden_features=128,loss=smoothl1,lr=0.0008,weight_decay=0.0000_2026-07-09_02-44-07",0.0610466951445218,0.3296627233613485,0.8340014459162981,0.4921692949879397
40,0.0664766215812907,1,8,3,128,smoothl1,0.001025322210026,2.735999773728892e-06,True,50,50,group_B,,,,443.8520324230194,50,"trainable_41baf062_97_alignn_layers=1,batch_size=8,gcn_layers=3,hidden_features=128,loss=smoothl1,lr=0.0010,weight_decay=0.0000_2026-07-09_03-33-13",0.0674013053140943,0.3389951349036325,0.8110097320555589,0.525148444738365
24,0.0757157879649962,3,4,2,64,smoothl1,0.0006155776012094,1.7614390276016708e-06,True,32,32,group_B,,,,414.16186785697937,32,"trainable_42e66fa6_85_alignn_layers=3,batch_size=4,gcn_layers=2,hidden_features=64,loss=smoothl1,lr=0.0006,weight_decay=0.0000_2026-07-09_03-24-28",0.1023109753729489,0.4513770491431918,0.6938892507553217,0.6683464620695033
14,0.1083040045051978,3,8,1,256,smoothl1,0.0008269665862184,4.907369734494739e-06,True,16,16,group_B,,,,154.32110261917114,16,"trainable_447694b4_70_alignn_layers=3,batch_size=8,gcn_layers=1,hidden_features=256,loss=smoothl1,lr=0.0008,weight_decay=0.0000_2026-07-09_03-14-21",0.1226283146275414,0.4988461543895609,0.652157847669786,0.7124484863198077
12,0.11477426636629,3,8,1,256,smoothl1,0.000712842445362,2.4720049354895325e-06,True,16,16,group_B,,,,153.65873670578003,16,"trainable_46e31f03_72_alignn_layers=3,batch_size=8,gcn_layers=1,hidden_features=256,loss=smoothl1,lr=0.0007,weight_decay=0.0000_2026-07-09_03-14-50",0.1249793116693143,0.5018459559735526,0.6463900917777112,0.7183309453317146
15,0.106200719301505,3,8,1,128,smoothl1,0.0003003704575015,5.0674525426229594e-05,True,16,16,group_B,,,,152.53844094276428,16,"trainable_46ef33ae_78_alignn_layers=3,batch_size=8,gcn_layers=1,hidden_features=128,loss=smoothl1,lr=0.0003,weight_decay=0.0001_2026-07-09_03-18-35",0.1255006071022421,0.5144226477857656,0.636339467678025,0.7284679486532541
16,0.1116507626951686,4,4,3,64,smoothl1,0.0003306804771246,1.265494820162334e-06,True,16,16,group_B,,,,240.74454927444455,16,"trainable_4895f252_51_alignn_layers=4,batch_size=4,gcn_layers=3,hidden_features=64,loss=smoothl1,lr=0.0003,weight_decay=0.0000_2026-07-09_03-00-31",0.1116507626951686,0.4895411527008657,0.7042005023293112,0.6569935097716851
4,0.1333036559520575,3,8,1,128,smoothl1,0.0004998876042418,2.1235702074399154e-06,True,8,8,group_B,,,,76.49275541305542,8,"trainable_4ac11e41_74_alignn_layers=3,batch_size=8,gcn_layers=1,hidden_features=128,loss=smoothl1,lr=0.0005,weight_decay=0.0000_2026-07-09_03-16-56",0.1744301794934525,0.6365905470794462,0.5288018317373835,0.8292092918420143
13,0.125339125061319,3,4,1,128,smoothl1,0.001567280058449,9.585189250180968e-06,True,16,16,group_B,,,,207.47586369514465,16,"trainable_4baaadc6_89_alignn_layers=3,batch_size=4,gcn_layers=1,hidden_features=128,loss=smoothl1,lr=0.0016,weight_decay=0.0000_2026-07-09_03-27-20",0.1387143008134983,0.5581830527298379,0.6293672709023854,0.735417985774541
7,0.2434647464878344,4,8,2,192,mse,0.0004466211263152,1.462766386745555e-05,True,8,8,group_B,,,,86.22615647315979,8,"trainable_4d3a914d_12_alignn_layers=4,batch_size=8,gcn_layers=2,hidden_features=192,loss=mse,lr=0.0004,weight_decay=0.0000_2026-07-09_02-29-56",0.3570237270107976,0.637122316428759,0.5442695771169834,0.8154857453183497
28,0.0674358087754438,3,8,2,128,smoothl1,0.0016981545609892,4.315684718047045e-06,True,32,32,group_B,,,,316.7264745235443,32,"trainable_5391a5a6_64_alignn_layers=3,batch_size=8,gcn_layers=2,hidden_features=128,loss=smoothl1,lr=0.0017,weight_decay=0.0000_2026-07-09_03-09-07",0.086952209689472,0.4025803191956806,0.7593847265456919,0.5925485762778402
5,0.2948613378105971,4,8,3,128,mse,0.000370640634323,1.5526690831231636e-06,True,8,8,group_B,,,,90.87545728683472,8,"trainable_5a509b79_34_alignn_layers=4,batch_size=8,gcn_layers=3,hidden_features=128,loss=mse,lr=0.0004,weight_decay=0.0000_2026-07-09_02-49-56",0.3401630125821583,0.5859563715125721,0.5657917949549123,0.7959968996421318
30,0.0646040834851129,1,8,1,256,smoothl1,0.0004325976086104,2.1939624973063367e-05,True,32,32,group_B,,,,263.1416823863983,32,"trainable_5ddff008_73_alignn_layers=1,batch_size=8,gcn_layers=1,hidden_features=256,loss=smoothl1,lr=0.0004,weight_decay=0.0000_2026-07-09_03-15-13",0.0799992136292593,0.4058242095981841,0.7816519763555032,0.5644649707657908
12,0.1175741679453976,3,8,1,256,smoothl1,0.001398707003703,2.3877540043001654e-06,True,16,16,group_B,,,,154.00777649879456,16,"trainable_5de1ad41_33_alignn_layers=3,batch_size=8,gcn_layers=1,hidden_features=256,loss=smoothl1,lr=0.0014,weight_decay=0.0000_2026-07-09_02-49-13",0.118351079287037,0.5074652342646876,0.6821384008682352,0.6810537604412068
4,0.1576589143701962,3,4,3,128,smoothl1,0.0008796180886538,3.041558565439601e-05,True,8,8,group_B,,,,113.2443344593048,8,"trainable_5e5904f1_55_alignn_layers=3,batch_size=4,gcn_layers=3,hidden_features=128,loss=smoothl1,lr=0.0009,weight_decay=0.0000_2026-07-09_03-05-15",0.2267179199785151,0.7208777069285607,0.3406595684319055,0.9808830216165216
27,0.0653383169944087,1,8,3,128,smoothl1,0.0010842170690139,1.0108588071791103e-06,True,32,32,group_B,,,,281.51742601394653,32,"trainable_608488ac_24_alignn_layers=1,batch_size=8,gcn_layers=3,hidden_features=128,loss=smoothl1,lr=0.0011,weight_decay=0.0000_2026-07-09_02-39-56",0.0712178328207561,0.3658831352201941,0.8038133160130523,0.5350533980954303
49,0.0599084499503963,1,8,3,128,smoothl1,0.0008371236347495,8.618252623177232e-06,True,50,50,group_B,,,,436.2530035972595,50,"trainable_60bc8312_98_alignn_layers=1,batch_size=8,gcn_layers=3,hidden_features=128,loss=smoothl1,lr=0.0008,weight_decay=0.0000_2026-07-09_03-34-02",0.0615525377874888,0.339302706191915,0.8291684890768027,0.4992825116113415
30,0.0793212005208251,3,8,4,256,smoothl1,0.0009822339817376,1.980441713494485e-05,True,32,32,group_B,,,,335.57947850227356,32,"trainable_627a2285_13_alignn_layers=3,batch_size=8,gcn_layers=4,hidden_features=256,loss=smoothl1,lr=0.0010,weight_decay=0.0000_2026-07-09_02-30-07",0.089381716889206,0.4177592727120299,0.7514660877676008,0.6022200233338488
48,0.0557471051289842,3,8,1,256,smoothl1,0.0004289287515695,4.571764868206514e-05,True,50,50,group_B,,,,476.8144345283508,50,"trainable_671f32a0_44_alignn_layers=3,batch_size=8,gcn_layers=1,hidden_features=256,loss=smoothl1,lr=0.0004,weight_decay=0.0000_2026-07-09_02-56-06",0.0635568250128358,0.3302898089912616,0.8249574141807102,0.5053988197883648
7,0.1287303431324227,4,8,2,128,smoothl1,0.0014934827076346,3.550181282274141e-05,True,8,8,group_B,,,,85.21541714668274,8,"trainable_682b84e0_56_alignn_layers=4,batch_size=8,gcn_layers=2,hidden_features=128,loss=smoothl1,lr=0.0015,weight_decay=0.0000_2026-07-09_03-05-38",0.2435977294962242,0.7292715473229742,-0.0004343740692573,1.2082496163362095
30,0.0700988181073356,3,8,1,128,smoothl1,0.0011464053351118,2.6234711602116076e-05,True,32,32,group_B,,,,304.7469630241394,32,"trainable_6985a9ae_38_alignn_layers=3,batch_size=8,gcn_layers=1,hidden_features=128,loss=smoothl1,lr=0.0011,weight_decay=0.0000_2026-07-09_02-53-07",0.0783150181292541,0.3911132545539043,0.7866273187509569,0.5579968799262693
14,0.1002992211037842,3,8,1,256,smoothl1,0.0004443620182695,6.850716768693096e-05,True,16,16,group_B,,,,153.10856366157532,16,"trainable_740ace4b_67_alignn_layers=3,batch_size=8,gcn_layers=1,hidden_features=256,loss=smoothl1,lr=0.0004,weight_decay=0.0001_2026-07-09_03-11-44",0.1456965730382652,0.5487058075776685,0.5853484063806804,0.7778646450114772
46,0.052544303800142,3,8,3,128,smoothl1,0.0019269076232637,2.717454615443929e-06,True,50,50,group_B,,,,519.046225309372,50,"trainable_746894a0_2_alignn_layers=3,batch_size=8,gcn_layers=3,hidden_features=128,loss=smoothl1,lr=0.0019,weight_decay=0.0000_2026-07-09_02-22-07",0.0537326434065425,0.3285318254697996,0.8581833034575983,0.4549105885526964
31,0.073178278331561,3,8,2,128,smoothl1,0.0016129584380663,1.0124892685345086e-05,True,32,32,group_B,,,,321.9379587173462,32,"trainable_77fbd6ab_40_alignn_layers=3,batch_size=8,gcn_layers=2,hidden_features=128,loss=smoothl1,lr=0.0016,weight_decay=0.0000_2026-07-09_02-53-25",0.0948349468055225,0.4169521673671351,0.7168647615546857,0.6427755154990407
6,0.3448648511890381,2,4,4,64,mse,0.0004885269040343,1.826939194063876e-06,True,8,8,group_B,,,,105.11256504058838,8,"trainable_78169f0b_8_alignn_layers=2,batch_size=4,gcn_layers=4,hidden_features=64,loss=mse,lr=0.0005,weight_decay=0.0000_2026-07-09_02-25-23",0.3536344716946284,0.6299739358679243,0.548595871695819,0.8116057711592801
14,0.109285537964078,1,4,2,64,smoothl1,0.0019516702471959,1.038238000572605e-06,True,16,16,group_B,,,,167.15196990966797,16,"trainable_78f8f7d9_7_alignn_layers=1,batch_size=4,gcn_layers=2,hidden_features=64,loss=smoothl1,lr=0.0020,weight_decay=0.0000_2026-07-09_02-24-27",0.1188659477170813,0.4939532878240916,0.6777326280678928,0.6857574461247378
13,0.1269878093448896,1,4,3,128,smoothl1,0.0018499711650206,6.134832229797887e-06,True,16,16,group_B,,,,184.3728382587433,16,"trainable_7bc42d7a_99_alignn_layers=1,batch_size=4,gcn_layers=3,hidden_features=128,loss=smoothl1,lr=0.0018,weight_decay=0.0000_2026-07-09_03-35-12",0.1324107723320445,0.5353174783622182,0.6308607957479127,0.7339347468530025
31,0.067800248416249,3,8,2,128,smoothl1,0.000737090875498,1.6553930763269688e-06,True,32,32,group_B,,,,314.4767084121704,32,"trainable_7c6f81a3_50_alignn_layers=3,batch_size=8,gcn_layers=2,hidden_features=128,loss=smoothl1,lr=0.0007,weight_decay=0.0000_2026-07-09_03-00-24",0.0810196000550474,0.3889858506844642,0.7857408763684661,0.5591547587518179
3,0.1379900245912491,4,8,2,64,smoothl1,0.0016564959712035,3.853923859234612e-06,True,8,8,group_B,,,,85.12517619132996,8,"trainable_83627a60_43_alignn_layers=4,batch_size=8,gcn_layers=2,hidden_features=64,loss=smoothl1,lr=0.0017,weight_decay=0.0000_2026-07-09_02-55-19",0.1734839826822281,0.6231616826239512,0.5158812703156342,0.8405011379703575
14,0.1008862511565287,2,8,3,64,smoothl1,0.0007242981690277,1.3843675210373883e-06,True,16,16,group_B,,,,150.60621452331543,16,"trainable_868efccf_92_alignn_layers=2,batch_size=8,gcn_layers=3,hidden_features=64,loss=smoothl1,lr=0.0007,weight_decay=0.0000_2026-07-09_03-30-05",0.148682510716811,0.5548887256679156,0.5659217128469977,0.7958778070330846
5,0.1728510518395711,3,4,3,128,smoothl1,0.0013846557924275,5.221546015203922e-06,True,8,8,group_B,,,,112.95793652534483,8,"trainable_87d577cd_80_alignn_layers=3,batch_size=4,gcn_layers=3,hidden_features=128,loss=smoothl1,lr=0.0014,weight_decay=0.0000_2026-07-09_03-19-49",0.1947183633844057,0.6710707127033779,0.4551020881679829,0.8917023990036934
8,0.2534276374748775,1,8,3,256,mse,0.0005966721940026,1.6268262681579607e-05,True,8,8,group_B,,,,71.33411693572998,8,"trainable_8e1b05df_77_alignn_layers=1,batch_size=8,gcn_layers=3,hidden_features=256,loss=mse,lr=0.0006,weight_decay=0.0000_2026-07-09_03-17-50",0.2534276374748775,0.5212980540715894,0.6765069775814061,0.6870602483755293
6,0.2470246736334745,1,8,3,128,mse,0.0014920111393208,2.9402535366804047e-06,True,8,8,group_B,,,,71.40725326538086,8,"trainable_921f9623_20_alignn_layers=1,batch_size=8,gcn_layers=3,hidden_features=128,loss=mse,lr=0.0015,weight_decay=0.0000_2026-07-09_02-36-30",0.3057206829704305,0.5844875447065531,0.6097564259651223,0.7546233573291554
4,0.2834542840719223,1,8,3,128,mse,0.0007436567579191,3.2096941760692932e-06,True,8,8,group_B,,,,72.81351065635681,8,"trainable_981fb2d3_100_alignn_layers=1,batch_size=8,gcn_layers=3,hidden_features=128,loss=mse,lr=0.0007,weight_decay=0.0000_2026-07-09_03-38-55",0.3682744458869652,0.6447299353078725,0.5299083598823888,0.8282350916135867
14,0.0981324389576911,3,8,1,256,smoothl1,0.0004092786968326,4.6433206993360184e-05,True,16,16,group_B,,,,153.6214361190796,16,"trainable_98a1427c_66_alignn_layers=3,batch_size=8,gcn_layers=1,hidden_features=256,loss=smoothl1,lr=0.0004,weight_decay=0.0000_2026-07-09_03-10-04",0.1162342102754683,0.4784713465727719,0.6740125452791503,0.689704098533338
5,0.3345368890850632,4,4,3,128,mse,0.0005281720589876,2.6590124263276106e-06,True,8,8,group_B,,,,129.55682516098022,8,"trainable_9b47730f_4_alignn_layers=4,batch_size=4,gcn_layers=3,hidden_features=128,loss=mse,lr=0.0005,weight_decay=0.0000_2026-07-09_02-22-12",0.3997214568591622,0.6193820967926316,0.4897671670283778,0.862872372708195
4,0.3889924205800213,1,4,4,256,mse,0.0017626694254277,4.332677970904915e-06,True,8,8,group_B,,,,103.99288368225098,8,"trainable_9c82ac63_3_alignn_layers=1,batch_size=4,gcn_layers=4,hidden_features=256,loss=mse,lr=0.0018,weight_decay=0.0000_2026-07-09_02-22-09",0.4770365658575896,0.7377511915986622,0.3910766684103075,0.942635237942624
8,0.3291962902066568,3,4,1,64,mse,0.0007668216815034,5.806742337075409e-05,True,8,8,group_B,,,,99.17035961151124,8,"trainable_9cae65f7_17_alignn_layers=3,batch_size=4,gcn_layers=1,hidden_features=64,loss=mse,lr=0.0008,weight_decay=0.0001_2026-07-09_02-34-10",0.3291962902066568,0.6065799196460293,0.5797904983599739,0.7830604640271944
29,0.0639185852041004,1,8,2,128,smoothl1,0.0009556845800702,7.016080097505726e-06,True,32,32,group_B,,,,273.1999444961548,32,"trainable_9cca3e8f_22_alignn_layers=1,batch_size=8,gcn_layers=2,hidden_features=128,loss=smoothl1,lr=0.0010,weight_decay=0.0000_2026-07-09_02-37-01",0.069796391816997,0.3596386996905913,0.8108018625720028,0.525437169488321
7,0.1346574517548399,3,8,3,128,smoothl1,0.0014999067899871,5.382151359160386e-06,True,8,8,group_B,,,,82.4871118068695,8,"trainable_9f3469db_47_alignn_layers=3,batch_size=8,gcn_layers=3,hidden_features=128,loss=smoothl1,lr=0.0015,weight_decay=0.0000_2026-07-09_02-58-31",0.1867913788273221,0.6499985519430205,0.4663915708729702,0.882416669995601
15,0.1482793458160899,2,4,4,192,smoothl1,0.0006834492607898,2.7915486118812965e-05,True,16,16,group_B,,,,214.69770908355713,16,"trainable_a28cbca8_18_alignn_layers=2,batch_size=4,gcn_layers=4,hidden_features=192,loss=smoothl1,lr=0.0007,weight_decay=0.0000_2026-07-09_02-35-19",0.1574756046609273,0.603347770130193,0.5837232610576745,0.7793874980410578
13,0.1021005213851966,1,8,2,128,smoothl1,0.0005853660950794,1.1288543522481463e-05,True,16,16,group_B,,,,136.81250524520874,16,"trainable_a7fa868e_29_alignn_layers=1,batch_size=8,gcn_layers=2,hidden_features=128,loss=smoothl1,lr=0.0006,weight_decay=0.0000_2026-07-09_02-45-12",0.1123650127223559,0.4996182274989106,0.705212811501358,0.6558683378897869
8,0.132403425990589,3,4,3,64,smoothl1,0.000525191145447,1.2662360512437638e-05,True,16,16,group_B,,,,232.06975054740903,16,"trainable_a8eaad57_1_alignn_layers=3,batch_size=4,gcn_layers=3,hidden_features=64,loss=smoothl1,lr=0.0005,weight_decay=0.0000_2026-07-09_02-22-02",0.1430755177187541,0.5450907225070494,0.6121368389135053,0.752318306055941
7,0.1344313143244969,3,8,3,128,smoothl1,0.0008587412728727,1.4631335324825916e-05,True,8,8,group_B,,,,81.58438396453857,8,"trainable_ae7575ad_36_alignn_layers=3,batch_size=8,gcn_layers=3,hidden_features=128,loss=smoothl1,lr=0.0009,weight_decay=0.0000_2026-07-09_02-52-12",0.1830076227979685,0.6448777207120352,0.4890765502428897,0.8634561381921804
5,0.1692734855823416,4,8,4,192,smoothl1,0.0006527529808836,6.346215118399888e-06,True,8,8,group_B,,,,92.04966402053832,8,"trainable_b7a391bc_75_alignn_layers=4,batch_size=8,gcn_layers=4,hidden_features=192,loss=smoothl1,lr=0.0007,weight_decay=0.0000_2026-07-09_03-17-15",0.182299991251615,0.6400801577770371,0.5015216371472617,0.8528752649538237
8,0.2743253322347762,3,8,2,128,mse,0.0007708032192479,1.0799496379006852e-05,True,8,8,group_B,,,,80.24261498451233,8,"trainable_b8925f59_62_alignn_layers=3,batch_size=8,gcn_layers=2,hidden_features=128,loss=mse,lr=0.0008,weight_decay=0.0000_2026-07-09_03-07-41",0.2743253322347762,0.5476318261034178,0.6498316822940498,0.7148267367661495
8,0.3442838827453593,3,8,2,256,mse,0.0012951720020641,2.2882654349974206e-06,True,8,8,group_B,,,,79.93567109107971,8,"trainable_bb74b733_52_alignn_layers=3,batch_size=8,gcn_layers=2,hidden_features=256,loss=mse,lr=0.0013,weight_decay=0.0000_2026-07-09_03-01-48",0.3442838827453593,0.6068335804089185,0.5605316260193476,0.8008038947339516
16,0.1161164645716626,3,4,4,192,smoothl1,0.0013362791410105,3.4230428668878883e-06,True,16,16,group_B,,,,234.08097624778748,16,"trainable_bb9713d8_19_alignn_layers=3,batch_size=4,gcn_layers=4,hidden_features=192,loss=smoothl1,lr=0.0013,weight_decay=0.0000_2026-07-09_02-36-18",0.1161164645716626,0.5272101026268522,0.6999984524677274,0.6616435920447892
14,0.1023573380692926,2,8,3,64,smoothl1,0.0003897011623045,2.35661026889673e-05,True,16,16,group_B,,,,153.9898681640625,16,"trainable_bd699920_63_alignn_layers=2,batch_size=8,gcn_layers=3,hidden_features=64,loss=smoothl1,lr=0.0004,weight_decay=0.0000_2026-07-09_03-08-41",0.1285963192158354,0.4930092640671186,0.6211944226838213,0.743482149034001
7,0.1751641441116888,3,8,4,128,smoothl1,0.000542720357413,7.783341802569919e-06,True,8,8,group_B,,,,85.09406518936157,8,"trainable_cb43ee0b_53_alignn_layers=3,batch_size=8,gcn_layers=4,hidden_features=128,loss=smoothl1,lr=0.0005,weight_decay=0.0000_2026-07-09_03-02-47",0.1983926431448371,0.6851558633989371,0.4335225318670748,0.9091879757014028
11,0.0977713338754795,2,8,1,192,smoothl1,0.0018378502834758,3.3222829845446736e-06,True,16,16,group_B,,,,143.2274420261383,16,"trainable_d08a9cbf_54_alignn_layers=2,batch_size=8,gcn_layers=1,hidden_features=192,loss=smoothl1,lr=0.0018,weight_decay=0.0000_2026-07-09_03-04-10",0.1522390195538127,0.5490198184305841,0.5444072027136815,0.8153626021386003
41,0.0610819141129179,1,8,3,128,smoothl1,0.0009289510094649,8.18544377095422e-06,True,50,50,group_B,,,,438.06535267829895,50,"trainable_d1a2b258_83_alignn_layers=1,batch_size=8,gcn_layers=3,hidden_features=128,loss=smoothl1,lr=0.0009,weight_decay=0.0000_2026-07-09_03-23-08",0.0632915692822761,0.3353996258807068,0.8270899682450074,0.5023107336864233
15,0.1135346101468833,3,8,4,256,smoothl1,0.0003485590850746,3.227469725504588e-05,True,16,16,group_B,,,,169.7416479587555,16,"trainable_d20a91e1_81_alignn_layers=3,batch_size=8,gcn_layers=4,hidden_features=256,loss=smoothl1,lr=0.0003,weight_decay=0.0000_2026-07-09_03-21-22",0.1348963322108069,0.5786423336894791,0.6514449801261302,0.7131781584603831
7,0.1523774013751083,4,8,2,192,smoothl1,0.0006603605158465,1.36536353853673e-05,True,8,8,group_B,,,,86.56058263778687,8,"trainable_d5fc0474_88_alignn_layers=4,batch_size=8,gcn_layers=2,hidden_features=192,loss=smoothl1,lr=0.0007,weight_decay=0.0000_2026-07-09_03-27-07",0.1887586481484865,0.6822656270367314,0.5004795882536215,0.8537662502098661
5,0.1756811220415685,3,4,3,256,smoothl1,0.0019978373289193,9.282572275726944e-06,True,8,8,group_B,,,,115.14102792739868,8,"trainable_d7ef2a66_65_alignn_layers=3,batch_size=4,gcn_layers=3,hidden_features=256,loss=smoothl1,lr=0.0020,weight_decay=0.0000_2026-07-09_03-09-30",0.2449683605363129,0.7884790413437212,0.3382226565934483,0.9826940139006706
7,0.2481285071089154,4,8,2,192,mse,0.0003818719533603,3.793464452470674e-05,True,8,8,group_B,,,,85.2869131565094,8,"trainable_d8bec001_82_alignn_layers=4,batch_size=8,gcn_layers=2,hidden_features=192,loss=mse,lr=0.0004,weight_decay=0.0000_2026-07-09_03-21-35",0.3390618429060966,0.6093505094205031,0.5671974021907173,0.7947074652849242
8,0.2826961092847995,3,4,3,64,mse,0.0012972124544179,5.7035958553355655e-06,True,8,8,group_B,,,,110.03727841377258,8,"trainable_da0adc8a_39_alignn_layers=3,batch_size=4,gcn_layers=3,hidden_features=64,loss=mse,lr=0.0013,weight_decay=0.0000_2026-07-09_02-53-23",0.2826961092847995,0.5626236420921549,0.6391466305881432,0.725650912400625
4,0.2937933527445667,1,4,2,256,mse,0.0017476986846168,1.2057129594586504e-06,True,8,8,group_B,,,,87.32789254188538,8,"trainable_db09897b_37_alignn_layers=1,batch_size=4,gcn_layers=2,hidden_features=256,loss=mse,lr=0.0017,weight_decay=0.0000_2026-07-09_02-52-33",0.4065914314890664,0.6596065456565323,0.4809978592694356,0.8702558229207404
5,0.2773116047262515,1,8,3,128,mse,0.001119068890036,5.435229981903025e-06,True,8,8,group_B,,,,71.30957245826721,8,"trainable_dc0c5c89_95_alignn_layers=1,batch_size=8,gcn_layers=3,hidden_features=128,loss=mse,lr=0.0011,weight_decay=0.0000_2026-07-09_03-32-06",0.314624763197369,0.597264382414097,0.5983906289401524,0.7655336444109926
8,0.2771584497242377,3,8,3,64,mse,0.0006396728876467,2.7939804298110763e-06,True,8,8,group_B,,,,81.79969930648804,8,"trainable_e6b0bae8_57_alignn_layers=3,batch_size=8,gcn_layers=3,hidden_features=64,loss=mse,lr=0.0006,weight_decay=0.0000_2026-07-09_03-05-49",0.2771584497242377,0.5695512332065373,0.646215291154883,0.7185084703103705
41,0.0598846244497628,1,8,3,128,smoothl1,0.0009663211678865,8.293767407308444e-06,True,50,50,group_B,,,,438.6151559352875,50,"trainable_e7af1fb4_93_alignn_layers=1,batch_size=8,gcn_layers=3,hidden_features=128,loss=smoothl1,lr=0.0010,weight_decay=0.0000_2026-07-09_03-30-39",0.0646060629595051,0.3373270289412366,0.8261706803531222,0.503644248120066
31,0.0717937917517567,2,8,3,256,smoothl1,0.000804845955187,9.772952233140228e-05,True,32,32,group_B,,,,302.94782304763794,32,"trainable_ecb59fb8_26_alignn_layers=2,batch_size=8,gcn_layers=3,hidden_features=256,loss=smoothl1,lr=0.0008,weight_decay=0.0001_2026-07-09_02-42-25",0.0825156544005035,0.4119795063705518,0.7776803377469843,0.569575500231844
15,0.1171245939201778,2,8,3,128,smoothl1,0.0005669776283993,4.84870243245815e-06,True,16,16,group_B,,,,152.80071234703064,16,"trainable_ed033aad_32_alignn_layers=2,batch_size=8,gcn_layers=3,hidden_features=128,loss=smoothl1,lr=0.0006,weight_decay=0.0000_2026-07-09_02-47-34",0.1173914156499363,0.5098707289626219,0.6638988103614244,0.7003213848896555
6,0.1339578329334183,4,8,1,128,smoothl1,0.0009142419388641,1.625915890127977e-05,True,8,8,group_B,,,,82.94702577590942,8,"trainable_ed54a431_61_alignn_layers=4,batch_size=8,gcn_layers=1,hidden_features=128,loss=smoothl1,lr=0.0009,weight_decay=0.0000_2026-07-09_03-07-34",0.1841589671870072,0.6489237868232067,0.4705212987431239,0.8789954170137901
6,0.2713794824938295,1,8,3,128,mse,0.0012149588373291,7.150138878105659e-06,True,8,8,group_B,,,,71.59647846221924,8,"trainable_f44b3c16_90_alignn_layers=1,batch_size=8,gcn_layers=3,hidden_features=128,loss=mse,lr=0.0012,weight_decay=0.0000_2026-07-09_03-28-35",0.3058209554858939,0.5883902024725174,0.6096284382956629,0.7547470935973999
42,0.0588751435279846,1,8,3,128,smoothl1,0.0013963012589916,4.650069182264482e-06,True,50,50,group_B,,,,439.54643869400024,50,"trainable_f482cfe7_96_alignn_layers=1,batch_size=8,gcn_layers=3,hidden_features=128,loss=smoothl1,lr=0.0014,weight_decay=0.0000_2026-07-09_03-32-48",0.0648436164237046,0.3332328809676084,0.8244422650082457,0.5061419661135304
26,0.071131794935181,3,8,4,192,smoothl1,0.001794144985515,1.3009114661577766e-06,True,32,32,group_B,,,,337.17947220802307,32,"trainable_f590d49c_6_alignn_layers=3,batch_size=8,gcn_layers=4,hidden_features=192,loss=smoothl1,lr=0.0018,weight_decay=0.0000_2026-07-09_02-23-59",0.0843433551687412,0.4002208980025916,0.7614123757597815,0.590046610049504
6,0.3544480366208566,3,4,3,128,mse,0.0010408689078895,1.921573842796673e-05,True,8,8,group_B,,,,113.08262777328493,8,"trainable_f6291280_42_alignn_layers=3,batch_size=4,gcn_layers=3,hidden_features=128,loss=mse,lr=0.0010,weight_decay=0.0000_2026-07-09_02-54-38",0.4329364966384317,0.6934729009630605,0.4473691333035184,0.8980074351014699
4,0.3069653954928514,4,8,1,64,mse,0.0011989499282864,7.741576069594492e-06,True,8,8,group_B,,,,80.89605212211609,8,"trainable_f6ab9909_5_alignn_layers=4,batch_size=8,gcn_layers=1,hidden_features=64,loss=mse,lr=0.0012,weight_decay=0.0000_2026-07-09_02-22-14",0.308084739736779,0.6114388586866323,0.6067387813752378,0.757535384550696
6,0.3371788818566572,2,8,3,256,mse,0.0004030464955572,2.9722649716075356e-06,True,8,8,group_B,,,,77.23280334472656,8,"trainable_faf4363f_86_alignn_layers=2,batch_size=8,gcn_layers=3,hidden_features=256,loss=mse,lr=0.0004,weight_decay=0.0000_2026-07-09_03-24-36",0.3408479047200036,0.6215531599526819,0.5649175437890483,0.7967978417630065
