best_epoch,best_val_loss_model_space,config_alignn_layers,config_batch_size,config_gcn_layers,config_hidden_features,config_loss,config_lr,config_weight_decay,done_x,elapsed_seconds,epoch,iterations_since_restore,run_group,time_since_restore,time_this_iter_s,time_total_s,train_loss_model_space,training_iteration,trial_id,trial_name,val_loss_model_space,val_mae,val_r2,val_rmse,trial_id_short,trial_order_within_shard,selected_best_epoch,selected_val_loss_model_space,max_epoch,reported_rows,final_time_total_s,status,done_y,trial_order
45,0.0619476695776616,3,8,4,192,smoothl1,0.0003855359747,1.9007704791649575e-05,False,466.5366036891937,45,45,group_A,468.17369747161865,10.467046976089478,468.17369747161865,0.0455285431755862,45,5e987e12,"trainable_5e987e12_5_alignn_layers=3,batch_size=8,gcn_layers=4,hidden_features=192,loss=smoothl1,lr=0.0004,weight_decay=0.0000_2026-07-09_02-22-15",0.0619476695776616,0.3443495456079663,0.8316549968011391,0.495635583441037,5e987e12,5,45,0.0619476695776616,50,50,520.1214702129364,full-budget,True,1
46,0.052544303800142,3,8,3,128,smoothl1,0.0019269076232637,2.717454615443929e-06,False,471.9554798603058,46,46,group_B,478.400595664978,10.231724262237549,478.400595664978,0.0371559447053405,46,746894a0,"trainable_746894a0_2_alignn_layers=3,batch_size=8,gcn_layers=3,hidden_features=128,loss=smoothl1,lr=0.0019,weight_decay=0.0000_2026-07-09_02-22-07",0.052544303800142,0.31393995886414,0.8591306078739006,0.4533886913506373,746894a0,2,46,0.052544303800142,50,50,519.046225309372,full-budget,True,2
8,0.3646678170435643,1,4,4,192,mse,0.0004552409169033,5.053383615351012e-05,True,98.4932417869568,8,8,group_A,100.15114188194276,11.98549771308899,100.15114188194276,0.6514009296884263,8,07dae8e0,"trainable_07dae8e0_4_alignn_layers=1,batch_size=4,gcn_layers=4,hidden_features=192,loss=mse,lr=0.0005,weight_decay=0.0001_2026-07-09_02-22-12",0.3646678170435643,0.655581121543798,0.5345121210954058,0.8241695246698172,07dae8e0,4,8,0.3646678170435643,8,8,100.15114188194276,ASHA-stopped,True,3
4,0.3889924205800213,1,4,4,256,mse,0.0017626694254277,4.332677970904915e-06,False,51.89694023132324,4,4,group_B,56.0195472240448,12.118678092956545,56.0195472240448,0.7226191850157162,4,9c82ac63,"trainable_9c82ac63_3_alignn_layers=1,batch_size=4,gcn_layers=4,hidden_features=256,loss=mse,lr=0.0018,weight_decay=0.0000_2026-07-09_02-22-09",0.3889924205800213,0.7055303645055813,0.503462478461034,0.8512132971995789,9c82ac63,3,4,0.3889924205800213,8,8,103.99288368225098,ASHA-stopped,True,4
45,0.1508941426281891,1,4,1,192,mse,0.0015186541422714,4.399436666931211e-06,False,447.2990112304687,45,45,group_A,448.7556581497192,9.907094955444336,448.7556581497192,0.2635970876709735,45,e0ee0b49,"trainable_e0ee0b49_6_alignn_layers=1,batch_size=4,gcn_layers=1,hidden_features=192,loss=mse,lr=0.0015,weight_decay=0.0000_2026-07-09_02-22-17",0.1508941426281891,0.3803081730479961,0.8073880096014049,0.5301564174424356,e0ee0b49,6,45,0.1508941426281891,50,50,498.18932938575745,full-budget,True,5
16,0.2166637281576792,3,4,2,64,mse,0.0008430072729175,3.039296136739057e-06,True,209.3516263961792,16,16,group_A,215.43621373176575,12.86854100227356,215.43621373176575,0.5486288641562895,16,f1bdca42,"trainable_f1bdca42_2_alignn_layers=3,batch_size=4,gcn_layers=2,hidden_features=64,loss=mse,lr=0.0008,weight_decay=0.0000_2026-07-09_02-22-07",0.2166637281576792,0.4565851485936271,0.7234350458180829,0.635273788105477,f1bdca42,2,16,0.2166637281576792,16,16,215.43621373176575,ASHA-stopped,True,6
8,0.3392577926633219,4,4,1,256,mse,0.001640789528168,7.662252584778408e-05,True,114.45836043357848,8,8,group_A,117.96716070175172,13.695771932601929,117.96716070175172,0.7024129680661365,8,05043835,"trainable_05043835_3_alignn_layers=4,batch_size=4,gcn_layers=1,hidden_features=256,loss=mse,lr=0.0016,weight_decay=0.0001_2026-07-09_02-22-10",0.3392577926633219,0.6119998742934916,0.566947282448484,0.7949370657052108,05043835,3,8,0.3392577926633219,8,8,117.96716070175172,ASHA-stopped,True,7
8,0.132403425990589,3,4,3,64,smoothl1,0.000525191145447,1.2662360512437638e-05,False,113.19514298439026,8,8,group_B,122.29313659667967,13.578019857406616,122.29313659667967,0.2516706192043166,8,a8eaad57,"trainable_a8eaad57_1_alignn_layers=3,batch_size=4,gcn_layers=3,hidden_features=64,loss=smoothl1,lr=0.0005,weight_decay=0.0000_2026-07-09_02-22-02",0.132403425990589,0.560077274777791,0.6530860919884671,0.7114972386843681,a8eaad57,1,8,0.132403425990589,16,16,232.06975054740903,ASHA-stopped,True,8
5,0.3345368890850632,4,4,3,128,mse,0.0005281720589876,2.6590124263276106e-06,False,81.54167532920837,5,5,group_B,83.12918710708618,15.400771141052246,83.12918710708618,0.6749022392454294,5,9b47730f,"trainable_9b47730f_4_alignn_layers=4,batch_size=4,gcn_layers=3,hidden_features=128,loss=mse,lr=0.0005,weight_decay=0.0000_2026-07-09_02-22-12",0.3345368890850632,0.614647164525152,0.5729733796013534,0.7893867600259736,9b47730f,4,5,0.3345368890850632,8,8,129.55682516098022,ASHA-stopped,True,9
7,0.360330132580308,3,8,4,128,mse,0.0005422491223224,6.073700261609541e-05,False,72.42282891273499,7,7,group_A,74.00770664215088,10.2533597946167,74.00770664215088,0.5087013782601045,7,cbdd00d9,"trainable_cbdd00d9_7_alignn_layers=3,batch_size=8,gcn_layers=4,hidden_features=128,loss=mse,lr=0.0005,weight_decay=0.0001_2026-07-09_02-22-20",0.360330132580308,0.6396999313506071,0.5400490445817935,0.8192531613376356,cbdd00d9,7,7,0.360330132580308,8,8,84.45879817008972,ASHA-stopped,True,10
25,0.1004206659420142,3,4,4,192,smoothl1,0.0007928744631039,1.7054805962712718e-06,False,371.94800448417664,25,25,group_A,380.5390698909759,14.71115016937256,380.5390698909759,0.1636189397435495,25,d5ba5a16,"trainable_d5ba5a16_1_alignn_layers=3,batch_size=4,gcn_layers=4,hidden_features=192,loss=smoothl1,lr=0.0008,weight_decay=0.0000_2026-07-09_02-22-04",0.1004206659420142,0.4383476338593877,0.7197078919586162,0.6395401260388487,d5ba5a16,1,25,0.1004206659420142,32,32,483.13574838638306,ASHA-stopped,True,11
28,0.0817023525359453,2,4,1,192,smoothl1,0.000767704428912,6.0517975052495054e-05,False,316.62627124786377,28,28,group_A,318.1764545440674,11.211528301239014,318.1764545440674,0.1395291352290182,28,1e2b000e,"trainable_1e2b000e_8_alignn_layers=2,batch_size=4,gcn_layers=1,hidden_features=192,loss=smoothl1,lr=0.0008,weight_decay=0.0001_2026-07-09_02-22-23",0.0817023525359453,0.4032322665053948,0.77373347233062,0.5746091261375731,1e2b000e,8,28,0.0817023525359453,32,32,363.15723872184753,ASHA-stopped,True,12
47,0.0558859681434653,1,8,3,64,smoothl1,0.0007031405806703,6.761607201166299e-05,False,401.7744054794311,47,47,group_A,403.2642502784729,8.503709316253662,403.2642502784729,0.0659928583227946,47,5d933394,"trainable_5d933394_9_alignn_layers=1,batch_size=8,gcn_layers=3,hidden_features=64,loss=smoothl1,lr=0.0007,weight_decay=0.0001_2026-07-09_02-22-25",0.0558859681434653,0.3342840687084347,0.8498419679364582,0.4680978508692964,5d933394,9,47,0.0558859681434653,50,50,428.96500849723816,full-budget,True,13
13,0.2048150276538556,4,8,1,64,mse,0.0004048109250561,4.955788032554616e-05,False,130.67498254776,13,13,group_A,132.27466464042664,10.100978136062622,132.27466464042664,0.4465011900059089,13,aed0ae9a,"trainable_aed0ae9a_10_alignn_layers=4,batch_size=8,gcn_layers=1,hidden_features=64,loss=mse,lr=0.0004,weight_decay=0.0000_2026-07-09_02-23-50",0.2048150276538556,0.4873804394647624,0.7385595699032041,0.6176589487170582,aed0ae9a,10,13,0.2048150276538556,16,16,162.3207323551178,ASHA-stopped,True,14
4,0.3069653954928514,4,8,1,64,mse,0.0011989499282864,7.741576069594492e-06,False,40.17683267593384,4,4,group_B,41.77051901817322,9.712626695632936,41.77051901817322,0.6094001588498078,4,f6ab9909,"trainable_f6ab9909_5_alignn_layers=4,batch_size=8,gcn_layers=1,hidden_features=64,loss=mse,lr=0.0012,weight_decay=0.0000_2026-07-09_02-22-14",0.3069653954928514,0.5928112693501141,0.6081675862750138,0.7561579855974122,f6ab9909,5,4,0.3069653954928514,8,8,80.89605212211609,ASHA-stopped,True,15
6,0.3107346720086834,3,4,1,256,mse,0.0009034933366724,1.8151075473843411e-06,False,75.60149097442627,6,6,group_A,77.24235248565674,12.56799864768982,77.24235248565674,0.6883415865311503,6,713577d3,"trainable_713577d3_11_alignn_layers=3,batch_size=4,gcn_layers=1,hidden_features=256,loss=mse,lr=0.0009,weight_decay=0.0000_2026-07-09_02-23-58",0.3107346720086834,0.5759662992812686,0.6033562194016845,0.7607863076170254,713577d3,11,6,0.3107346720086834,8,8,102.40548205375671,ASHA-stopped,True,16
26,0.071131794935181,3,8,4,192,smoothl1,0.001794144985515,1.3009114661577766e-06,False,272.7380061149597,26,26,group_B,274.197998046875,10.41490125656128,274.197998046875,0.1155001810795386,26,f590d49c,"trainable_f590d49c_6_alignn_layers=3,batch_size=8,gcn_layers=4,hidden_features=192,loss=smoothl1,lr=0.0018,weight_decay=0.0000_2026-07-09_02-23-59",0.071131794935181,0.3875687109267824,0.8133870988933463,0.5218349894336723,f590d49c,6,26,0.071131794935181,32,32,337.17947220802307,ASHA-stopped,True,17
14,0.109285537964078,1,4,2,64,smoothl1,0.0019516702471959,1.038238000572605e-06,False,144.86170768737793,14,14,group_B,146.41272950172424,10.301018714904783,146.41272950172424,0.2211074027391622,14,78f8f7d9,"trainable_78f8f7d9_7_alignn_layers=1,batch_size=4,gcn_layers=2,hidden_features=64,loss=smoothl1,lr=0.0020,weight_decay=0.0000_2026-07-09_02-24-27",0.109285537964078,0.4824003032473724,0.713435533877388,0.6466563279550263,78f8f7d9,7,14,0.109285537964078,16,16,167.15196990966797,ASHA-stopped,True,18
16,0.1293959247056769,2,4,3,256,smoothl1,0.0010276588249558,2.7582260602115382e-06,True,202.19871377944943,16,16,group_A,203.7549734115601,12.700412273406982,203.7549734115601,0.2384271977924257,16,3cd81e92,"trainable_3cd81e92_12_alignn_layers=2,batch_size=4,gcn_layers=3,hidden_features=256,loss=smoothl1,lr=0.0010,weight_decay=0.0000_2026-07-09_02-24-13",0.1293959247056769,0.527362793416117,0.6487221690181835,0.7159583104448296,3cd81e92,12,16,0.1293959247056769,16,16,203.7549734115601,ASHA-stopped,True,19
48,0.058755828875792,3,8,4,256,smoothl1,0.0006438312148701,2.5000615905305876e-06,False,500.663188457489,48,48,group_A,502.0800855159759,10.551351547241213,502.0800855159759,0.0367669276347466,48,94195bc9,"trainable_94195bc9_13_alignn_layers=3,batch_size=8,gcn_layers=4,hidden_features=256,loss=smoothl1,lr=0.0006,weight_decay=0.0000_2026-07-09_02-25-48",0.058755828875792,0.3283118638502087,0.8409146385903152,0.4818118451140455,94195bc9,13,48,0.058755828875792,50,50,523.0858833789825,full-budget,True,20
6,0.3448648511890381,2,4,4,64,mse,0.0004885269040343,1.826939194063876e-06,False,77.84531354904175,6,6,group_B,79.37128686904907,12.769328594207764,79.37128686904907,0.7039209700203632,6,78169f0b,"trainable_78169f0b_8_alignn_layers=2,batch_size=4,gcn_layers=4,hidden_features=64,loss=mse,lr=0.0005,weight_decay=0.0000_2026-07-09_02-25-23",0.3448648511890381,0.6148985565166636,0.5597900280162221,0.8014792837680194,78169f0b,8,6,0.3448648511890381,8,8,105.11256504058838,ASHA-stopped,True,21
6,0.2962475240072876,4,8,2,256,mse,0.0004819578621506,1.413149499975813e-06,False,62.25741147994995,6,6,group_A,63.84741497039795,10.4899320602417,63.84741497039795,0.5343901217376189,6,d429e7e2,"trainable_d429e7e2_14_alignn_layers=4,batch_size=8,gcn_layers=2,hidden_features=256,loss=mse,lr=0.0005,weight_decay=0.0000_2026-07-09_02-25-59",0.2962475240072876,0.5848307481935153,0.6218486388861413,0.7428398561439644,d429e7e2,14,6,0.2962475240072876,8,8,84.71844220161438,ASHA-stopped,True,22
5,0.3800407004734826,4,4,3,192,mse,0.0015998946733273,1.493097040083149e-06,False,75.6653196811676,5,5,group_B,77.19401478767395,15.11484146118164,77.19401478767395,0.7448209216983754,5,146ed4e7,"trainable_146ed4e7_9_alignn_layers=4,batch_size=4,gcn_layers=3,hidden_features=192,loss=mse,lr=0.0016,weight_decay=0.0000_2026-07-09_02-26-02",0.3800407004734826,0.661558499201841,0.5148890779052442,0.8413619929121654,146ed4e7,9,5,0.3800407004734826,8,8,122.86139917373656,ASHA-stopped,True,23
44,0.0580350093632226,1,8,2,128,smoothl1,0.0006875430537704,1.8164777292499189e-06,False,370.54112434387207,44,44,group_B,371.9639148712158,8.398422479629517,371.9639148712158,0.0594392408328063,44,06990d86,"trainable_06990d86_10_alignn_layers=1,batch_size=8,gcn_layers=2,hidden_features=128,loss=smoothl1,lr=0.0007,weight_decay=0.0000_2026-07-09_02-27-50",0.0580350093632226,0.3412915249628391,0.8486712494181634,0.4699190881572367,06990d86,10,44,0.0580350093632226,50,50,422.4595603942871,full-budget,True,24
7,0.3504664945223975,1,4,4,192,mse,0.0019794684641892,2.7873468773732206e-06,False,82.7925283908844,7,7,group_A,84.41780757904053,11.968625783920288,84.41780757904053,0.6774661700002765,7,7f8f3817,"trainable_7f8f3817_15_alignn_layers=1,batch_size=4,gcn_layers=4,hidden_features=192,loss=mse,lr=0.0020,weight_decay=0.0000_2026-07-09_02-26-43",0.3504664945223975,0.6392799282042932,0.5526396970105283,0.8079622783843987,7f8f3817,15,7,0.3504664945223975,8,8,96.26019859313963,ASHA-stopped,True,25
46,0.0640728871618944,2,8,2,64,smoothl1,0.0005714750597803,2.3635626664674207e-06,False,412.1670253276825,46,46,group_A,413.6565749645233,9.081802368164062,413.6565749645233,0.0697655913109172,46,209b2bdf,"trainable_209b2bdf_16_alignn_layers=2,batch_size=8,gcn_layers=2,hidden_features=64,loss=smoothl1,lr=0.0006,weight_decay=0.0000_2026-07-09_02-28-11",0.0640728871618944,0.3456725170388576,0.815092497971669,0.5194450703419818,209b2bdf,16,46,0.0640728871618944,50,50,449.55572295188904,full-budget,True,26
4,0.3118198111889854,4,4,2,192,mse,0.0006572448959052,2.9393524030128084e-06,False,59.45081043243408,4,4,group_A,61.07619524002075,14.887862920761108,61.07619524002075,0.705058556531971,4,9941d8e7,"trainable_9941d8e7_17_alignn_layers=4,batch_size=4,gcn_layers=2,hidden_features=192,loss=mse,lr=0.0007,weight_decay=0.0000_2026-07-09_02-28-32",0.3118198111889854,0.6013018675345619,0.6019710669294183,0.7621135521994785,9941d8e7,17,4,0.3118198111889854,8,8,119.77362203598022,ASHA-stopped,True,27
15,0.1272191407267378,1,4,2,192,smoothl1,0.0010079146336439,3.496631058790507e-05,False,159.46996641159058,15,15,group_A,161.00059580802915,10.705349206924438,161.00059580802915,0.2165806700191641,15,662322f8,"trainable_662322f8_18_alignn_layers=1,batch_size=4,gcn_layers=2,hidden_features=192,loss=smoothl1,lr=0.0010,weight_decay=0.0000_2026-07-09_02-29-15",0.1272191407267378,0.5149544034055527,0.645350924953444,0.7193856641864391,662322f8,18,15,0.1272191407267378,16,16,171.6282594203949,ASHA-stopped,True,28
16,0.1154326996396458,2,4,4,128,smoothl1,0.0004141492568436,6.390180504472745e-05,True,212.33926939964297,16,16,group_B,213.852632522583,13.40267038345337,213.852632522583,0.2108717621135488,16,13a35bea,"trainable_13a35bea_11_alignn_layers=2,batch_size=4,gcn_layers=4,hidden_features=128,loss=smoothl1,lr=0.0004,weight_decay=0.0001_2026-07-09_02-28-13",0.1154326996396458,0.5116536817034317,0.7013809849204562,0.660117266495189,13a35bea,11,16,0.1154326996396458,16,16,213.852632522583,ASHA-stopped,True,29
7,0.2434647464878344,4,8,2,192,mse,0.0004466211263152,1.462766386745555e-05,False,73.95424962043762,7,7,group_B,75.50355553627014,10.534451246261597,75.50355553627014,0.5427194019930389,7,4d3a914d,"trainable_4d3a914d_12_alignn_layers=4,batch_size=8,gcn_layers=2,hidden_features=192,loss=mse,lr=0.0004,weight_decay=0.0000_2026-07-09_02-29-56",0.2434647464878344,0.5246992728739459,0.6892243189180365,0.6734197926682479,4d3a914d,12,7,0.2434647464878344,8,8,86.22615647315979,ASHA-stopped,True,30
14,0.2379568588166009,3,8,2,192,mse,0.0008321131273903,1.5842168168299793e-05,False,136.95968317985535,14,14,group_A,138.52123260498047,9.843231201171877,138.52123260498047,0.4236735520373056,14,26634072,"trainable_26634072_19_alignn_layers=3,batch_size=8,gcn_layers=2,hidden_features=192,loss=mse,lr=0.0008,weight_decay=0.0000_2026-07-09_02-29-50",0.2379568588166009,0.5069809953270332,0.6962549873285481,0.6657588390821924,26634072,19,14,0.2379568588166009,16,16,158.1038248538971,ASHA-stopped,True,31
24,0.0769954817714514,3,4,2,64,smoothl1,0.0004520714796602,1.842231904610259e-05,False,317.63645195961,24,24,group_A,319.14288115501404,13.09621000289917,319.14288115501404,0.1643455107521616,24,2339214e,"trainable_2339214e_20_alignn_layers=3,batch_size=4,gcn_layers=2,hidden_features=64,loss=smoothl1,lr=0.0005,weight_decay=0.0000_2026-07-09_02-30-13",0.0769954817714514,0.4015265875381276,0.7961268487255602,0.5454342194091923,2339214e,20,24,0.0769954817714514,32,32,424.79261445999146,ASHA-stopped,True,32
30,0.0793212005208251,3,8,4,256,smoothl1,0.0009822339817376,1.980441713494485e-05,False,313.34947776794434,30,30,group_B,314.8266427516937,10.492141246795654,314.8266427516937,0.0979890967421895,30,627a2285,"trainable_627a2285_13_alignn_layers=3,batch_size=8,gcn_layers=4,hidden_features=256,loss=smoothl1,lr=0.0010,weight_decay=0.0000_2026-07-09_02-30-07",0.0793212005208251,0.416492288230042,0.7850437467691058,0.5600636740123851,627a2285,13,30,0.0793212005208251,32,32,335.57947850227356,ASHA-stopped,True,33
13,0.1173722911133337,2,4,1,128,smoothl1,0.0012444519726146,6.882272281295304e-06,False,145.57949590682983,13,13,group_A,147.13920760154724,11.06420636177063,147.13920760154724,0.225636312648546,13,3751b2a7,"trainable_3751b2a7_21_alignn_layers=2,batch_size=4,gcn_layers=1,hidden_features=128,loss=smoothl1,lr=0.0012,weight_decay=0.0000_2026-07-09_02-30-42",0.1173722911133337,0.5061068404046529,0.6853478945632234,0.677606688715601,3751b2a7,21,13,0.1173722911133337,16,16,180.5110239982605,ASHA-stopped,True,34
50,0.0672140995819101,1,8,3,64,smoothl1,0.000303205299573,2.562383962079881e-05,True,433.82281947135925,50,50,group_A,435.34026741981506,8.595096349716187,435.34026741981506,0.0856975214831761,50,99e278c5,"trainable_99e278c5_22_alignn_layers=1,batch_size=8,gcn_layers=3,hidden_features=64,loss=smoothl1,lr=0.0003,weight_decay=0.0000_2026-07-09_02-31-01",0.0672140995819101,0.3638343718022659,0.8220602940841224,0.5095640696822812,99e278c5,22,50,0.0672140995819101,50,50,435.34026741981506,full-budget,True,35
50,0.0641555641408241,1,8,3,128,smoothl1,0.0003105295089347,9.357939521720598e-06,True,442.686051607132,50,50,group_A,444.118212223053,8.823680877685547,444.118212223053,0.0645110863331433,50,161fc998,"trainable_161fc998_23_alignn_layers=1,batch_size=8,gcn_layers=3,hidden_features=128,loss=smoothl1,lr=0.0003,weight_decay=0.0000_2026-07-09_02-31-04",0.0641555641408241,0.353059228131277,0.8290730990029141,0.499421888558708,161fc998,23,50,0.0641555641408241,50,50,444.118212223053,full-budget,True,36
14,0.1020932061568139,3,8,1,64,smoothl1,0.0004904695088381,1.3973457575939029e-06,False,130.56951189041138,14,14,group_B,132.0679051876068,9.420494318008425,132.0679051876068,0.1596954630404573,14,1243107d,"trainable_1243107d_14_alignn_layers=3,batch_size=8,gcn_layers=1,hidden_features=64,loss=smoothl1,lr=0.0005,weight_decay=0.0000_2026-07-09_02-30-51",0.1020932061568139,0.47024359341386,0.7257100958448086,0.632655480602229,1243107d,14,14,0.1020932061568139,16,16,150.5977864265442,ASHA-stopped,True,37
47,0.0682907207726092,1,8,3,64,smoothl1,0.0003673247395515,1.4362917209756108e-05,False,403.7894477844238,47,47,group_A,405.2814040184021,8.502652406692505,405.2814040184021,0.0782198090170012,47,493d3e02,"trainable_493d3e02_24_alignn_layers=1,batch_size=8,gcn_layers=3,hidden_features=64,loss=smoothl1,lr=0.0004,weight_decay=0.0000_2026-07-09_02-31-18",0.0682907207726092,0.3762276732554814,0.8183100626152935,0.5149058202105793,493d3e02,24,47,0.0682907207726092,50,50,430.957213640213,full-budget,True,38
47,0.0644119404177501,3,8,3,64,smoothl1,0.0003487250488536,3.058504729955101e-05,False,491.3778426647186,47,47,group_A,492.6732659339905,10.4166841506958,492.6732659339905,0.0706846333955555,47,4b54ab4c,"trainable_4b54ab4c_25_alignn_layers=3,batch_size=8,gcn_layers=3,hidden_features=64,loss=smoothl1,lr=0.0003,weight_decay=0.0000_2026-07-09_02-32-45",0.0644119404177501,0.3584148157851839,0.8237629221952957,0.5071203106798258,4b54ab4c,25,47,0.0644119404177501,50,50,524.0115833282471,full-budget,True,39
14,0.1040726954501772,4,8,1,64,smoothl1,0.0003633135961609,3.91400961478965e-06,False,139.932391166687,14,14,group_B,141.48792505264282,9.929605960845947,141.48792505264282,0.159761387889149,14,33d67a74,"trainable_33d67a74_15_alignn_layers=4,batch_size=8,gcn_layers=1,hidden_features=64,loss=smoothl1,lr=0.0004,weight_decay=0.0000_2026-07-09_02-31-36",0.1040726954501772,0.4875880246514402,0.7291843393261814,0.6286360039142537,33d67a74,15,14,0.1040726954501772,16,16,161.51615977287292,ASHA-stopped,True,40
7,0.1448964694978068,1,8,4,128,smoothl1,0.0012217271831665,8.108807746180727e-05,False,63.63270139694214,7,7,group_A,65.26042342185974,9.217064619064333,65.26042342185974,0.2018107023578164,7,91aadb0e,"trainable_91aadb0e_26_alignn_layers=1,batch_size=8,gcn_layers=4,hidden_features=128,loss=smoothl1,lr=0.0012,weight_decay=0.0001_2026-07-09_02-32-54",0.1448964694978068,0.591772276555555,0.6241482123857276,0.740577772884351,91aadb0e,26,7,0.1448964694978068,8,8,74.34596180915833,ASHA-stopped,True,41
12,0.1097798006480963,1,8,3,192,smoothl1,0.000636403025065,2.58858933792859e-06,False,104.98955082893372,12,12,group_B,106.5018858909607,8.850007772445679,106.5018858909607,0.1728437662914326,12,10e8ebbd,"trainable_10e8ebbd_16_alignn_layers=1,batch_size=8,gcn_layers=3,hidden_features=192,loss=smoothl1,lr=0.0006,weight_decay=0.0000_2026-07-09_02-33-33",0.1097798006480963,0.4761814494595909,0.6953037488695659,0.6668005028753335,10e8ebbd,16,12,0.1097798006480963,16,16,141.52114462852478,ASHA-stopped,True,42
47,0.0596461563947654,1,8,3,64,smoothl1,0.0006048897308998,1.0024674535159165e-06,False,404.1993637084961,47,47,group_A,405.68671107292175,8.695974111557007,405.68671107292175,0.0676000906311471,47,c72ac62e,"trainable_c72ac62e_27_alignn_layers=1,batch_size=8,gcn_layers=3,hidden_features=64,loss=smoothl1,lr=0.0006,weight_decay=0.0000_2026-07-09_02-34-05",0.0596461563947654,0.3477131426745453,0.8387295678215139,0.4851094537134565,c72ac62e,27,47,0.0596461563947654,50,50,431.5167527198791,full-budget,True,43
8,0.3291962902066568,3,4,1,64,mse,0.0007668216815034,5.806742337075409e-05,True,97.64883375167848,8,8,group_B,99.17035961151124,12.06519079208374,99.17035961151124,0.5912835502897716,8,9cae65f7,"trainable_9cae65f7_17_alignn_layers=3,batch_size=4,gcn_layers=1,hidden_features=64,loss=mse,lr=0.0008,weight_decay=0.0001_2026-07-09_02-34-10",0.3291962902066568,0.6065799196460293,0.5797904983599739,0.7830604640271944,9cae65f7,17,8,0.3291962902066568,8,8,99.17035961151124,ASHA-stopped,True,44
8,0.1784543307527663,3,8,4,256,smoothl1,0.0006832259700287,5.2070287018586594e-06,True,82.89713335037231,8,8,group_A,84.44887948036194,10.42792558670044,84.44887948036194,0.233842154664378,8,9da6cffb,"trainable_9da6cffb_28_alignn_layers=3,batch_size=8,gcn_layers=4,hidden_features=256,loss=smoothl1,lr=0.0007,weight_decay=0.0000_2026-07-09_02-34-45",0.1784543307527663,0.6333612482140195,0.4587555296420806,0.8887080201028259,9da6cffb,28,8,0.1784543307527663,8,8,84.44887948036194,ASHA-stopped,True,45
41,0.0591628484763007,3,8,3,256,smoothl1,0.0007410129911375,1.0281359897779108e-06,False,413.0248341560364,41,41,group_A,414.4674353599548,10.024248361587524,414.4674353599548,0.0488116957426287,41,58e2c8d4,"trainable_58e2c8d4_29_alignn_layers=3,batch_size=8,gcn_layers=3,hidden_features=256,loss=smoothl1,lr=0.0007,weight_decay=0.0000_2026-07-09_02-35-22",0.0591628484763007,0.3350942116277212,0.8429991240305026,0.478644861626505,58e2c8d4,29,41,0.0591628484763007,50,50,505.2243130207062,full-budget,True,46
15,0.1482793458160899,2,4,4,192,smoothl1,0.0006834492607898,2.7915486118812965e-05,False,199.81848907470703,15,15,group_B,201.29811573028564,13.310840845108032,201.29811573028564,0.2071162513245713,15,a28cbca8,"trainable_a28cbca8_18_alignn_layers=2,batch_size=4,gcn_layers=4,hidden_features=192,loss=smoothl1,lr=0.0007,weight_decay=0.0000_2026-07-09_02-35-19",0.1482793458160899,0.567522052615319,0.5910639083851178,0.772485051770603,a28cbca8,18,15,0.1482793458160899,16,16,214.69770908355713,ASHA-stopped,True,47
6,0.2470246736334745,1,8,3,128,mse,0.0014920111393208,2.9402535366804047e-06,False,52.43452835083008,6,6,group_B,53.999194860458374,8.84215235710144,53.999194860458374,0.5458169825536943,6,921f9623,"trainable_921f9623_20_alignn_layers=1,batch_size=8,gcn_layers=3,hidden_features=128,loss=mse,lr=0.0015,weight_decay=0.0000_2026-07-09_02-36-30",0.2470246736334745,0.5112885319458523,0.6846801799619101,0.6783252729785472,921f9623,20,6,0.2470246736334745,8,8,71.40725326538086,ASHA-stopped,True,48
16,0.1161164645716626,3,4,4,192,smoothl1,0.0013362791410105,3.4230428668878883e-06,True,232.5804145336151,16,16,group_B,234.08097624778748,14.505495309829712,234.08097624778748,0.222943473035878,16,bb9713d8,"trainable_bb9713d8_19_alignn_layers=3,batch_size=4,gcn_layers=4,hidden_features=192,loss=smoothl1,lr=0.0013,weight_decay=0.0000_2026-07-09_02-36-18",0.1161164645716626,0.5272101026268522,0.6999984524677274,0.6616435920447892,bb9713d8,19,16,0.1161164645716626,16,16,234.08097624778748,ASHA-stopped,True,49
42,0.0561741440256357,4,8,4,256,smoothl1,0.0005353246667804,8.127041904785736e-06,False,471.07547903060913,42,42,group_A,472.5415403842926,11.172651767730711,472.5415403842926,0.0418876875449435,42,2e9a6b09,"trainable_2e9a6b09_30_alignn_layers=4,batch_size=8,gcn_layers=4,hidden_features=256,loss=smoothl1,lr=0.0005,weight_decay=0.0000_2026-07-09_02-36-05",0.0561741440256357,0.3271874553134207,0.8412543495009672,0.481297139639355,2e9a6b09,30,42,0.0561741440256357,50,50,562.1484055519104,full-budget,True,50
33,0.0635741689395179,1,8,2,128,smoothl1,0.0009542139725385,6.6065417977184805e-06,False,277.81673669815063,33,33,group_B,279.3039879798889,8.365644454956055,279.3039879798889,0.0764559160272999,33,27088283,"trainable_27088283_21_alignn_layers=1,batch_size=8,gcn_layers=2,hidden_features=128,loss=smoothl1,lr=0.0010,weight_decay=0.0000_2026-07-09_02-36-35",0.0635741689395179,0.3476715348871617,0.8325316368743154,0.4943434122162241,27088283,21,33,0.0635741689395179,50,50,422.6196596622467,full-budget,True,51
29,0.0639185852041004,1,8,2,128,smoothl1,0.0009556845800702,7.016080097505726e-06,False,246.2462103366852,29,29,group_B,247.76576495170593,8.632712125778198,247.76576495170593,0.0863467456062935,29,9cca3e8f,"trainable_9cca3e8f_22_alignn_layers=1,batch_size=8,gcn_layers=2,hidden_features=128,loss=smoothl1,lr=0.0010,weight_decay=0.0000_2026-07-09_02-37-01",0.0639185852041004,0.3594684442409538,0.8337907954474251,0.4924814748841145,9cca3e8f,22,29,0.0639185852041004,32,32,273.1999444961548,ASHA-stopped,True,52
13,0.1140559607988627,3,8,3,256,smoothl1,0.0009720314805608,4.453311805951124e-06,False,130.74036765098572,13,13,group_A,132.27415823936462,10.15625262260437,132.27415823936462,0.1989494178117969,13,d0bc1141,"trainable_d0bc1141_31_alignn_layers=3,batch_size=8,gcn_layers=3,hidden_features=256,loss=smoothl1,lr=0.0010,weight_decay=0.0000_2026-07-09_02-36-50",0.1140559607988627,0.5166326885487804,0.6998045826070662,0.6618573443326278,d0bc1141,31,13,0.1140559607988627,16,16,162.5150957107544,ASHA-stopped,True,53
31,0.0717892448452335,1,8,4,64,smoothl1,0.0011916017168942,1.5303579733537907e-06,False,277.81781697273254,31,31,group_A,279.32149028778076,8.991828203201294,279.32149028778076,0.0933591217450047,31,38230aba,"trainable_38230aba_32_alignn_layers=1,batch_size=8,gcn_layers=4,hidden_features=64,loss=smoothl1,lr=0.0012,weight_decay=0.0000_2026-07-09_02-37-50",0.0717892448452335,0.3638080305886663,0.8029614549804438,0.5362137659405296,38230aba,32,31,0.0717892448452335,32,32,288.1814138889313,ASHA-stopped,True,54
27,0.0817847483885036,1,8,3,64,smoothl1,0.0003042824612872,9.778203833619932e-05,False,232.05303812026975,27,27,group_A,233.58422994613647,8.52203917503357,233.58422994613647,0.1030670493654784,27,2d63ad83,"trainable_2d63ad83_33_alignn_layers=1,batch_size=8,gcn_layers=3,hidden_features=64,loss=smoothl1,lr=0.0003,weight_decay=0.0001_2026-07-09_02-38-22",0.0817847483885036,0.4146624795157366,0.7876168344255439,0.5567015212856514,2d63ad83,33,27,0.0817847483885036,32,32,276.34081196784973,ASHA-stopped,True,55
29,0.067541240088681,3,8,2,128,smoothl1,0.0006257559947953,2.046426011745671e-06,False,284.2231414318085,29,29,group_B,285.7060363292694,9.760700225830078,285.7060363292694,0.0891288366705826,29,3a23171d,"trainable_3a23171d_23_alignn_layers=3,batch_size=8,gcn_layers=2,hidden_features=128,loss=smoothl1,lr=0.0006,weight_decay=0.0000_2026-07-09_02-37-49",0.067541240088681,0.369411593855246,0.8216229487233986,0.5101898960361589,3a23171d,23,29,0.067541240088681,32,32,315.3379943370819,ASHA-stopped,True,56
42,0.0582602308599879,1,8,3,128,smoothl1,0.0016113626688719,1.0703102465971344e-05,False,368.865168094635,42,42,group_A,370.31696939468384,8.822047710418701,370.31696939468384,0.0472698882999299,42,d228178a,"trainable_d228178a_34_alignn_layers=1,batch_size=8,gcn_layers=3,hidden_features=128,loss=smoothl1,lr=0.0016,weight_decay=0.0000_2026-07-09_02-38-45",0.0582602308599879,0.3270584094444752,0.8470317740363175,0.4724577509758871,d228178a,34,42,0.0582602308599879,50,50,440.4685175418854,full-budget,True,57
27,0.0653383169944087,1,8,3,128,smoothl1,0.0010842170690139,1.0108588071791103e-06,False,236.15730953216553,27,27,group_B,237.63453435897827,8.697997093200684,237.63453435897827,0.105826229529015,27,608488ac,"trainable_608488ac_24_alignn_layers=1,batch_size=8,gcn_layers=3,hidden_features=128,loss=smoothl1,lr=0.0011,weight_decay=0.0000_2026-07-09_02-39-56",0.0653383169944087,0.3431576288138701,0.8161825372018255,0.5179117295243985,608488ac,24,27,0.0653383169944087,32,32,281.51742601394653,ASHA-stopped,True,58
42,0.054830474305957,1,8,3,128,smoothl1,0.0019519043375186,1.1078843479060028e-05,False,366.7478380203247,42,42,group_A,368.25381422042847,8.832189321517944,368.25381422042847,0.0447333345580245,42,b807e368,"trainable_b807e368_35_alignn_layers=1,batch_size=8,gcn_layers=3,hidden_features=128,loss=smoothl1,lr=0.0020,weight_decay=0.0000_2026-07-09_02-39-59",0.054830474305957,0.3094630295617167,0.8530954207109385,0.4629989756118403,b807e368,35,42,0.054830474305957,50,50,438.3122615814209,full-budget,True,59
50,0.0636031920652067,1,8,3,128,smoothl1,0.0003179893913472,6.217148326021816e-06,True,436.1369888782501,50,50,group_A,437.5968458652496,8.834973096847534,437.5968458652496,0.0641005174983403,50,d202a10a,"trainable_d202a10a_36_alignn_layers=1,batch_size=8,gcn_layers=3,hidden_features=128,loss=smoothl1,lr=0.0003,weight_decay=0.0000_2026-07-09_02-40-36",0.0636031920652067,0.3511362332304581,0.8302792104399496,0.4976567339245885,d202a10a,36,50,0.0636031920652067,50,50,437.5968458652496,full-budget,True,60
41,0.0623452092259728,1,8,3,128,smoothl1,0.0004141015728653,2.3553863061585235e-05,False,356.35399627685547,41,41,group_A,357.83701157569885,8.60719347000122,357.83701157569885,0.0590522377111061,41,b0540049,"trainable_b0540049_37_alignn_layers=1,batch_size=8,gcn_layers=3,hidden_features=128,loss=smoothl1,lr=0.0004,weight_decay=0.0000_2026-07-09_02-41-41",0.0623452092259728,0.3420989066602592,0.8295710288711801,0.4986939210934225,b0540049,37,41,0.0623452092259728,50,50,436.0114626884461,full-budget,True,61
13,0.1236044728448466,1,8,2,128,smoothl1,0.0003065109969656,4.699425043739124e-06,False,111.84375,13,13,group_B,113.4497401714325,8.537590265274048,113.4497401714325,0.1681342488982475,13,1d8092d2,"trainable_1d8092d2_25_alignn_layers=1,batch_size=8,gcn_layers=2,hidden_features=128,loss=smoothl1,lr=0.0003,weight_decay=0.0000_2026-07-09_02-40-27",0.1236044728448466,0.5212998598018423,0.6726921086330027,0.6910995359822508,1d8092d2,25,13,0.1236044728448466,16,16,139.24826335906982,ASHA-stopped,True,62
32,0.0770531986204404,1,8,3,64,smoothl1,0.0005836862163172,1.211627316584993e-06,True,277.59773230552673,32,32,group_A,279.0927836894989,8.74462890625,279.0927836894989,0.0847587506479931,32,585fc241,"trainable_585fc241_38_alignn_layers=1,batch_size=8,gcn_layers=3,hidden_features=64,loss=smoothl1,lr=0.0006,weight_decay=0.0000_2026-07-09_02-42-00",0.0770531986204404,0.387915422376558,0.7815004400845745,0.5646608096828012,585fc241,38,32,0.0770531986204404,32,32,279.0927836894989,ASHA-stopped,True,63
14,0.1025094946737958,2,8,3,64,smoothl1,0.0004989764122241,4.4279684812918585e-05,False,129.58055448532104,14,14,group_A,131.16603446006775,9.322315692901611,131.16603446006775,0.1597779223976204,14,4a5a79ed,"trainable_4a5a79ed_39_alignn_layers=2,batch_size=8,gcn_layers=3,hidden_features=64,loss=smoothl1,lr=0.0005,weight_decay=0.0000_2026-07-09_02-43-13",0.1025094946737958,0.4734867544163828,0.7260655416528694,0.6322454260671793,4a5a79ed,39,14,0.1025094946737958,16,16,149.57326292991638,ASHA-stopped,True,64
31,0.0717937917517567,2,8,3,256,smoothl1,0.000804845955187,9.772952233140228e-05,False,292.0741949081421,31,31,group_B,293.565505027771,9.391003847122192,293.565505027771,0.0791373441879925,31,ecb59fb8,"trainable_ecb59fb8_26_alignn_layers=2,batch_size=8,gcn_layers=3,hidden_features=256,loss=smoothl1,lr=0.0008,weight_decay=0.0001_2026-07-09_02-42-25",0.0717937917517567,0.3704876150434219,0.8117413235848762,0.5241310201681555,ecb59fb8,26,31,0.0717937917517567,32,32,302.94782304763794,ASHA-stopped,True,65
7,0.2952566804393889,1,8,1,64,mse,0.000755775929708,9.514042534660971e-05,False,56.05517554283142,7,7,group_A,57.65456748008728,7.917981624603272,57.65456748008728,0.5682810373687681,7,f3aeae68,"trainable_f3aeae68_40_alignn_layers=1,batch_size=8,gcn_layers=1,hidden_features=64,loss=mse,lr=0.0008,weight_decay=0.0001_2026-07-09_02-43-25",0.2952566804393889,0.5741877326280148,0.6231134312522297,0.7415965377212994,f3aeae68,40,7,0.2952566804393889,8,8,65.42296814918518,ASHA-stopped,True,66
49,0.0591471109381586,3,8,2,128,smoothl1,0.0008422698220869,5.8184619769211886e-06,False,485.2193567752838,49,49,group_B,486.6811437606811,9.84073543548584,486.6811437606811,0.0564464356099121,49,406d2199,"trainable_406d2199_27_alignn_layers=3,batch_size=8,gcn_layers=2,hidden_features=128,loss=smoothl1,lr=0.0008,weight_decay=0.0000_2026-07-09_02-44-07",0.0591471109381586,0.3348661544602386,0.8406852173297874,0.4821591368326699,406d2199,27,49,0.0591471109381586,50,50,496.6845061779022,full-budget,True,67
6,0.1481409519122391,3,8,3,128,smoothl1,0.0003135944688581,2.0330683495164715e-06,False,61.0140905380249,6,6,group_B,62.57911801338196,10.32392430305481,62.57911801338196,0.2029166483051138,6,1d388eb2,"trainable_1d388eb2_28_alignn_layers=3,batch_size=8,gcn_layers=3,hidden_features=128,loss=smoothl1,lr=0.0003,weight_decay=0.0000_2026-07-09_02-44-47",0.1481409519122391,0.5772720165011512,0.6089393272671859,0.7554129658945898,1d388eb2,28,6,0.1481409519122391,8,8,83.06860637664795,ASHA-stopped,True,68
13,0.1021005213851966,1,8,2,128,smoothl1,0.0005853660950794,1.1288543522481463e-05,False,109.88311910629272,13,13,group_B,111.41439247131348,8.409295797348022,111.41439247131348,0.1649625209712566,13,a7fa868e,"trainable_a7fa868e_29_alignn_layers=1,batch_size=8,gcn_layers=2,hidden_features=128,loss=smoothl1,lr=0.0006,weight_decay=0.0000_2026-07-09_02-45-12",0.1021005213851966,0.470858740176871,0.7355876832204251,0.6211596033942733,a7fa868e,29,13,0.1021005213851966,16,16,136.81250524520874,ASHA-stopped,True,69
28,0.0698104735030226,4,8,3,64,smoothl1,0.0014127386582055,2.0055241403992863e-06,False,294.53390645980835,28,28,group_A,296.0765917301178,10.576395988464355,296.0765917301178,0.1124192434973117,28,0ada9554,"trainable_0ada9554_41_alignn_layers=4,batch_size=8,gcn_layers=3,hidden_features=64,loss=smoothl1,lr=0.0014,weight_decay=0.0000_2026-07-09_02-44-33",0.0698104735030226,0.3721334535238116,0.8161607591432339,0.5179424088128659,0ada9554,41,28,0.0698104735030226,32,32,338.1329162120819,ASHA-stopped,True,70
7,0.142803991440112,1,8,3,64,smoothl1,0.0006161026824601,3.903872074794809e-06,False,59.797091245651245,7,7,group_A,61.34097194671631,8.497030973434448,61.34097194671631,0.2062072545937443,7,f9fb4177,"trainable_f9fb4177_42_alignn_layers=1,batch_size=8,gcn_layers=3,hidden_features=64,loss=smoothl1,lr=0.0006,weight_decay=0.0000_2026-07-09_02-45-42",0.142803991440112,0.574775884698395,0.6286786586224822,0.7361008489046206,f9fb4177,42,7,0.142803991440112,8,8,69.68362998962402,ASHA-stopped,True,71
6,0.3227995811473755,2,8,1,64,mse,0.001115415040771,6.331417377268497e-05,False,52.071105003356934,6,6,group_A,53.63412427902222,8.490705490112305,53.63412427902222,0.5607184425555537,6,76c9bd23,"trainable_76c9bd23_43_alignn_layers=2,batch_size=8,gcn_layers=1,hidden_features=64,loss=mse,lr=0.0011,weight_decay=0.0001_2026-07-09_02-45-58",0.3227995811473755,0.5991164248632808,0.5879557047412085,0.7754152109768808,76c9bd23,43,6,0.3227995811473755,8,8,70.71738505363464,ASHA-stopped,True,72
24,0.0701059633915228,3,8,3,128,smoothl1,0.0006977313102121,1.025173222243496e-06,False,246.932195186615,24,24,group_B,248.44318985939023,10.234373092651367,248.44318985939023,0.1060884892008585,24,17d2786e,"trainable_17d2786e_30_alignn_layers=3,batch_size=8,gcn_layers=3,hidden_features=128,loss=smoothl1,lr=0.0007,weight_decay=0.0000_2026-07-09_02-45-14",0.0701059633915228,0.3856171126283341,0.8159205415966039,0.518280688706326,17d2786e,30,24,0.0701059633915228,32,32,330.74191975593567,ASHA-stopped,True,73
6,0.16374318944241,1,4,3,64,smoothl1,0.0008896800390509,3.9701861486812176e-05,False,67.93989658355713,6,6,group_A,69.57599830627441,11.395562887191772,69.57599830627441,0.2587881877103036,6,b153a7af,"trainable_b153a7af_44_alignn_layers=1,batch_size=4,gcn_layers=3,hidden_features=64,loss=smoothl1,lr=0.0009,weight_decay=0.0000_2026-07-09_02-46-15",0.16374318944241,0.6194990027611925,0.5681257839431828,0.793854665431735,b153a7af,44,6,0.16374318944241,8,8,92.51197266578674,ASHA-stopped,True,74
8,0.2807111620272278,4,8,3,64,mse,0.000715521482205,3.7095450811052512e-06,True,84.72312617301941,8,8,group_A,86.31948614120483,10.514676809310911,86.31948614120483,0.5290310682435817,8,a5f0b430,"trainable_a5f0b430_45_alignn_layers=4,batch_size=8,gcn_layers=3,hidden_features=64,loss=mse,lr=0.0007,weight_decay=0.0000_2026-07-09_02-47-11",0.2807111620272278,0.5730999017811257,0.6416803592417921,0.7230988490436105,a5f0b430,45,8,0.2807111620272278,8,8,86.31948614120483,ASHA-stopped,True,75
7,0.1540520779354862,1,4,1,64,smoothl1,0.0004354658673242,1.0272142191825222e-06,False,68.34055280685425,7,7,group_A,69.94462013244629,9.614084482192991,69.94462013244629,0.2665300466380204,7,0dfea473,"trainable_0dfea473_46_alignn_layers=1,batch_size=4,gcn_layers=1,hidden_features=64,loss=smoothl1,lr=0.0004,weight_decay=0.0000_2026-07-09_02-47-23",0.1540520779354862,0.5891890474513197,0.5943900344071306,0.7693370921882422,0dfea473,46,7,0.1540520779354862,8,8,79.72175931930542,ASHA-stopped,True,76
7,0.1121506552413973,1,8,2,256,smoothl1,0.0011904995361662,8.954999234186714e-06,False,60.10666704177856,7,7,group_B,61.753148794174194,8.890967845916748,61.753148794174194,0.2038405490616107,7,1e722bff,"trainable_1e722bff_31_alignn_layers=1,batch_size=8,gcn_layers=2,hidden_features=256,loss=smoothl1,lr=0.0012,weight_decay=0.0000_2026-07-09_02-46-38",0.1121506552413973,0.4937912370456805,0.7034966915346118,0.6577746544358252,1e722bff,31,7,0.1121506552413973,16,16,138.5862579345703,ASHA-stopped,True,77
6,0.1605316583244573,2,8,3,192,smoothl1,0.0008026375451537,5.7129233765009474e-05,False,58.19830584526062,6,6,group_A,59.80511927604675,9.794933795928957,59.80511927604675,0.2090069302544733,6,f2ebc1cd,"trainable_f2ebc1cd_47_alignn_layers=2,batch_size=8,gcn_layers=3,hidden_features=192,loss=smoothl1,lr=0.0008,weight_decay=0.0001_2026-07-09_02-47-29",0.1605316583244573,0.5848627012693034,0.5629549157386915,0.798592970674046,f2ebc1cd,47,6,0.1605316583244573,8,8,79.19298148155212,ASHA-stopped,True,78
7,0.2739160843784847,4,8,2,128,mse,0.0019334590000548,1.0699037848330158e-05,False,73.93364095687866,7,7,group_A,75.52945590019226,10.46416687965393,75.52945590019226,0.522196185106192,7,9204b1d8,"trainable_9204b1d8_48_alignn_layers=4,batch_size=8,gcn_layers=2,hidden_features=128,loss=mse,lr=0.0019,weight_decay=0.0000_2026-07-09_02-47-55",0.2739160843784847,0.5754226189915078,0.6503540731296777,0.7142933385535921,9204b1d8,48,7,0.2739160843784847,8,8,86.26340961456299,ASHA-stopped,True,79
16,0.1228922719244288,1,4,3,128,smoothl1,0.0017977454894365,1.5062007907259195e-05,True,185.60329341888428,16,16,group_A,187.17059326171875,11.683271884918211,187.17059326171875,0.2280243230521325,16,bed4a569,"trainable_bed4a569_49_alignn_layers=1,batch_size=4,gcn_layers=3,hidden_features=128,loss=smoothl1,lr=0.0018,weight_decay=0.0000_2026-07-09_02-47-58",0.1228922719244288,0.5230273280311813,0.6609716027132772,0.703364429693512,bed4a569,49,16,0.1228922719244288,16,16,187.17059326171875,ASHA-stopped,True,80
8,0.3138371669741535,1,8,1,128,mse,0.0013446808116278,1.2587360087725135e-05,True,64.73646426200867,8,8,group_A,66.36467552185059,8.051763772964478,66.36467552185059,0.5162967082856124,8,6fcd7b39,"trainable_6fcd7b39_50_alignn_layers=1,batch_size=8,gcn_layers=1,hidden_features=128,loss=mse,lr=0.0013,weight_decay=0.0000_2026-07-09_02-48-47",0.3138371669741535,0.5887494319781412,0.5993959764003213,0.7645748650400718,6fcd7b39,50,8,0.3138371669741535,8,8,66.36467552185059,ASHA-stopped,True,81
7,0.1498009710715561,2,4,2,128,smoothl1,0.0009009957285093,2.0820313874687885e-05,False,83.82358837127686,7,7,group_A,85.43917036056519,12.05036211013794,85.43917036056519,0.2575017082283593,7,e8378629,"trainable_e8378629_51_alignn_layers=2,batch_size=4,gcn_layers=2,hidden_features=128,loss=smoothl1,lr=0.0009,weight_decay=0.0000_2026-07-09_02-48-52",0.1498009710715561,0.5809595907484304,0.6018451450596554,0.7622340951633114,e8378629,51,7,0.1498009710715561,8,8,97.36380171775818,ASHA-stopped,True,82
7,0.1423561889973897,1,8,4,128,smoothl1,0.0010742263318413,7.318175817018725e-05,False,65.24294185638428,7,7,group_A,66.87119626998901,9.531199216842651,66.87119626998901,0.2018839935180464,7,2a437399,"trainable_2a437399_52_alignn_layers=1,batch_size=8,gcn_layers=4,hidden_features=128,loss=smoothl1,lr=0.0011,weight_decay=0.0001_2026-07-09_02-48-55",0.1423561889973897,0.5874701805564618,0.6306695736892679,0.7341248192442896,2a437399,52,7,0.1423561889973897,8,8,76.17283844947815,ASHA-stopped,True,83
15,0.1171245939201778,2,8,3,128,smoothl1,0.0005669776283993,4.84870243245815e-06,False,141.86022019386292,15,15,group_B,143.36554431915283,9.429152011871338,143.36554431915283,0.1554512952560457,15,ed033aad,"trainable_ed033aad_32_alignn_layers=2,batch_size=8,gcn_layers=3,hidden_features=128,loss=smoothl1,lr=0.0006,weight_decay=0.0000_2026-07-09_02-47-34",0.1171245939201778,0.5161134840090089,0.6905104567921255,0.6720248819544387,ed033aad,32,15,0.1171245939201778,16,16,152.80071234703064,ASHA-stopped,True,84
7,0.3389064127175265,4,8,3,192,mse,0.0017673371843042,3.3991700020159196e-05,False,75.776784658432,7,7,group_A,77.39925408363342,10.747954845428469,77.39925408363342,0.5755513653286669,7,71277fa0,"trainable_71277fa0_53_alignn_layers=4,batch_size=8,gcn_layers=3,hidden_features=192,loss=mse,lr=0.0018,weight_decay=0.0000_2026-07-09_02-49-02",0.3389064127175265,0.5641301630477014,0.5673958080506009,0.7945252890534373,71277fa0,53,7,0.3389064127175265,8,8,88.28425550460815,ASHA-stopped,True,85
6,0.1461600097556593,1,4,2,128,smoothl1,0.0014531711494466,7.474778140209621e-06,False,63.83552432060242,6,6,group_A,65.44270730018616,10.649093627929688,65.44270730018616,0.2559506117296972,6,04cd22e9,"trainable_04cd22e9_54_alignn_layers=1,batch_size=4,gcn_layers=2,hidden_features=128,loss=smoothl1,lr=0.0015,weight_decay=0.0000_2026-07-09_02-49-17",0.1461600097556593,0.5993623319982848,0.6204450236003519,0.7442172088957117,04cd22e9,54,6,0.1461600097556593,8,8,86.78418350219727,ASHA-stopped,True,86
11,0.1131048962552711,1,8,3,192,smoothl1,0.0005241916482755,2.7516465510440347e-05,False,95.65590405464172,11,11,group_A,97.23595333099364,8.65437936782837,97.23595333099364,0.1736738806476398,11,9d58509b,"trainable_9d58509b_55_alignn_layers=1,batch_size=8,gcn_layers=3,hidden_features=192,loss=smoothl1,lr=0.0005,weight_decay=0.0000_2026-07-09_02-49-20",0.1131048962552711,0.5208569917995953,0.7102745909186114,0.650213010984175,9d58509b,55,11,0.1131048962552711,16,16,140.84006690979004,ASHA-stopped,True,87
12,0.1175741679453976,3,8,1,256,smoothl1,0.001398707003703,2.3877540043001654e-06,False,114.47362947463988,12,12,group_B,116.00295305252077,9.62119722366333,116.00295305252077,0.1885205826785236,12,5de1ad41,"trainable_5de1ad41_33_alignn_layers=3,batch_size=8,gcn_layers=1,hidden_features=256,loss=smoothl1,lr=0.0014,weight_decay=0.0000_2026-07-09_02-49-13",0.1175741679453976,0.5041269279634248,0.6869983953763756,0.6758271664213736,5de1ad41,33,12,0.1175741679453976,16,16,154.00777649879456,ASHA-stopped,True,88
49,0.0580954067285847,2,8,1,128,smoothl1,0.0006830327403212,1.7983473523226703e-05,False,429.42902755737305,49,49,group_A,430.90531826019287,8.923498392105103,430.90531826019287,0.0575271012393942,49,20c59249,"trainable_20c59249_56_alignn_layers=2,batch_size=8,gcn_layers=1,hidden_features=128,loss=smoothl1,lr=0.0007,weight_decay=0.0000_2026-07-09_02-49-27",0.0580954067285847,0.329095839627992,0.8412666737032165,0.4812784565497661,20c59249,56,49,0.0580954067285847,50,50,439.6534593105316,full-budget,True,89
4,0.2892740882893719,1,4,3,256,mse,0.0009554493587501,4.3954959165476895e-05,False,45.04542016983032,4,4,group_A,46.631901264190674,11.414777040481567,46.631901264190674,0.6822255967335727,4,9cf0cb7b,"trainable_9cf0cb7b_57_alignn_layers=1,batch_size=4,gcn_layers=3,hidden_features=256,loss=mse,lr=0.0010,weight_decay=0.0000_2026-07-09_02-50-01",0.2892740882893719,0.5714064206687811,0.6307500271511942,0.7340448554830581,9cf0cb7b,57,4,0.2892740882893719,8,8,92.05999612808228,ASHA-stopped,True,90
7,0.1667598722867234,3,8,4,128,smoothl1,0.0008320494364661,5.235979979713423e-06,False,73.91379189491272,7,7,group_A,75.50698518753052,10.398171424865724,75.50698518753052,0.199821801357084,7,438a7851,"trainable_438a7851_58_alignn_layers=3,batch_size=8,gcn_layers=4,hidden_features=128,loss=smoothl1,lr=0.0008,weight_decay=0.0000_2026-07-09_02-50-21",0.1667598722867234,0.6167413191446236,0.5442153949325852,0.8155342207805906,438a7851,58,7,0.1667598722867234,8,8,86.09284925460815,ASHA-stopped,True,91
26,0.0667150618518313,4,8,2,192,smoothl1,0.0013081177011883,3.4202673546810175e-06,False,273.6414427757263,26,26,group_A,275.1846704483032,10.45696496963501,275.1846704483032,0.1129221374744094,26,cdc59bdf,"trainable_cdc59bdf_59_alignn_layers=4,batch_size=8,gcn_layers=2,hidden_features=192,loss=smoothl1,lr=0.0013,weight_decay=0.0000_2026-07-09_02-50-35",0.0667150618518313,0.3740802680559417,0.8272656207114351,0.5020555300476904,cdc59bdf,59,26,0.0667150618518313,32,32,338.31740164756775,ASHA-stopped,True,92
31,0.0721090631805872,1,8,3,256,smoothl1,0.0004716167879431,9.039025905554512e-06,False,270.31614875793457,31,31,group_A,271.82421612739563,8.813632488250732,271.82421612739563,0.075452262916436,31,9e1f9885,"trainable_9e1f9885_60_alignn_layers=1,batch_size=8,gcn_layers=3,hidden_features=256,loss=smoothl1,lr=0.0005,weight_decay=0.0000_2026-07-09_02-50-48",0.0721090631805872,0.3596710197949754,0.7964928147361878,0.544944453976389,9e1f9885,60,31,0.0721090631805872,32,32,280.491286277771,ASHA-stopped,True,93
4,0.1674497554463053,3,4,3,128,smoothl1,0.0003467426094904,2.1797083843464835e-06,False,56.461591720581055,4,4,group_A,58.12437057495117,13.995279788970947,58.12437057495117,0.2909374330156017,4,10bb03ea,"trainable_10bb03ea_61_alignn_layers=3,batch_size=4,gcn_layers=3,hidden_features=128,loss=smoothl1,lr=0.0003,weight_decay=0.0000_2026-07-09_02-50-51",0.1674497554463053,0.612493599943514,0.5485730790968797,0.8116262609711514,10bb03ea,61,4,0.1674497554463053,8,8,113.9579939842224,ASHA-stopped,True,94
5,0.2948613378105971,4,8,3,128,mse,0.000370640634323,1.5526690831231636e-06,False,55.79055595397949,5,5,group_B,57.39362812042236,10.965835809707642,57.39362812042236,0.5796188314232565,5,5a509b79,"trainable_5a509b79_34_alignn_layers=4,batch_size=8,gcn_layers=3,hidden_features=128,loss=mse,lr=0.0004,weight_decay=0.0000_2026-07-09_02-49-56",0.2948613378105971,0.5834925922364602,0.6236180697818603,0.7410998849158338,5a509b79,34,5,0.2948613378105971,8,8,90.87545728683472,ASHA-stopped,True,95
8,0.2848623587340905,1,8,4,192,mse,0.0011247675300283,1.3034044239828468e-05,True,75.08023762702942,8,8,group_A,76.74198842048645,9.339475154876707,76.74198842048645,0.52731224152899,8,b9c01af2,"trainable_b9c01af2_62_alignn_layers=1,batch_size=8,gcn_layers=4,hidden_features=192,loss=mse,lr=0.0011,weight_decay=0.0000_2026-07-09_02-51-23",0.2848623587340905,0.5685649070752742,0.636381465099936,0.728425883792756,b9c01af2,62,8,0.2848623587340905,8,8,76.74198842048645,ASHA-stopped,True,96
49,0.0570656460310731,2,8,1,128,smoothl1,0.0006361814077475,5.262548287855226e-05,False,430.5608401298523,49,49,group_A,432.1009407043457,8.731389999389648,432.1009407043457,0.058613348570778,49,d8185fd5,"trainable_d8185fd5_63_alignn_layers=2,batch_size=8,gcn_layers=1,hidden_features=128,loss=smoothl1,lr=0.0006,weight_decay=0.0001_2026-07-09_02-51-51",0.0570656460310731,0.3254402582495965,0.8458956834129632,0.4742089705040128,d8185fd5,63,49,0.0570656460310731,50,50,440.9593324661255,full-budget,True,97
14,0.1106778410455537,1,8,3,256,smoothl1,0.0005504141606635,7.859385327532878e-05,False,122.62558937072754,14,14,group_A,124.18210458755492,8.760242938995361,124.18210458755492,0.1650352133309237,14,f7596a16,"trainable_f7596a16_64_alignn_layers=1,batch_size=8,gcn_layers=3,hidden_features=256,loss=smoothl1,lr=0.0006,weight_decay=0.0001_2026-07-09_02-51-56",0.1106778410455537,0.4750711503426834,0.7110500168113716,0.6493423075562313,f7596a16,64,14,0.1106778410455537,16,16,142.19293808937073,ASHA-stopped,True,98
7,0.16047563447208,4,4,2,64,smoothl1,0.0015788514503775,2.147438469280577e-05,False,98.74835300445557,7,7,group_A,100.30860185623168,13.882256269454956,100.30860185623168,0.2278476956492342,7,8c899e1a,"trainable_8c899e1a_65_alignn_layers=4,batch_size=4,gcn_layers=2,hidden_features=64,loss=smoothl1,lr=0.0016,weight_decay=0.0000_2026-07-09_02-51-59",0.16047563447208,0.5995986476958763,0.5641999889898146,0.797454625971337,8c899e1a,65,7,0.16047563447208,8,8,114.22459840774536,ASHA-stopped,True,99
4,0.1337466387363968,1,8,2,128,smoothl1,0.0019908212414649,3.0263623280606527e-06,False,33.961244106292725,4,4,group_B,35.52285099029541,8.330561876296997,35.52285099029541,0.2161666300537713,4,085798ef,"trainable_085798ef_35_alignn_layers=1,batch_size=8,gcn_layers=2,hidden_features=128,loss=smoothl1,lr=0.0020,weight_decay=0.0000_2026-07-09_02-51-49",0.1337466387363968,0.5556976693637176,0.6509869282566695,0.7136466143952973,085798ef,35,4,0.1337466387363968,8,8,69.14113712310791,ASHA-stopped,True,100
7,0.1344313143244969,3,8,3,128,smoothl1,0.0008587412728727,1.4631335324825916e-05,False,69.8698079586029,7,7,group_B,71.45356798171997,10.017927885055542,71.45356798171997,0.202652259954816,7,ae7575ad,"trainable_ae7575ad_36_alignn_layers=3,batch_size=8,gcn_layers=3,hidden_features=128,loss=smoothl1,lr=0.0009,weight_decay=0.0000_2026-07-09_02-52-12",0.1344313143244969,0.537135370507071,0.6419049001233497,0.7228722487138329,ae7575ad,36,7,0.1344313143244969,8,8,81.58438396453857,ASHA-stopped,True,101
4,0.2937933527445667,1,4,2,256,mse,0.0017476986846168,1.2057129594586504e-06,False,43.278204917907715,4,4,group_B,44.6748263835907,10.991370916366575,44.6748263835907,0.6721797811113901,4,db09897b,"trainable_db09897b_37_alignn_layers=1,batch_size=4,gcn_layers=2,hidden_features=256,loss=mse,lr=0.0017,weight_decay=0.0000_2026-07-09_02-52-33",0.2937933527445667,0.5666257038520343,0.6249813134452877,0.739756547045536,db09897b,37,4,0.2937933527445667,8,8,87.32789254188538,ASHA-stopped,True,102
47,0.0607223647976757,1,8,3,64,smoothl1,0.0005973625631671,1.6231031086848168e-06,False,403.4442720413208,47,47,group_A,404.9006485939026,8.510055541992188,404.9006485939026,0.0678149300594915,47,ba5fc5f4,"trainable_ba5fc5f4_66_alignn_layers=1,batch_size=8,gcn_layers=3,hidden_features=64,loss=smoothl1,lr=0.0006,weight_decay=0.0000_2026-07-09_02-52-04",0.0607223647976757,0.3480811996970736,0.8338059054607552,0.4924590887268563,ba5fc5f4,66,47,0.0607223647976757,50,50,430.5880270004273,full-budget,True,103
27,0.0740702095485869,1,8,3,64,smoothl1,0.000499204436604,2.522533311336008e-06,False,232.34294772148132,27,27,group_A,233.88393330574036,8.577484369277954,233.88393330574036,0.0980893803896521,27,95971f48,"trainable_95971f48_67_alignn_layers=1,batch_size=8,gcn_layers=3,hidden_features=64,loss=smoothl1,lr=0.0005,weight_decay=0.0000_2026-07-09_02-53-11",0.0740702095485869,0.3876014958578354,0.8064976163131669,0.5313803896230193,95971f48,67,27,0.0740702095485869,32,32,276.87849402427673,ASHA-stopped,True,104
30,0.0700988181073356,3,8,1,128,smoothl1,0.0011464053351118,2.6234711602116076e-05,False,284.29409670829773,30,30,group_B,285.7678151130676,9.427643537521362,285.7678151130676,0.0893252557578881,30,6985a9ae,"trainable_6985a9ae_38_alignn_layers=3,batch_size=8,gcn_layers=1,hidden_features=128,loss=smoothl1,lr=0.0011,weight_decay=0.0000_2026-07-09_02-53-07",0.0700988181073356,0.3575646505277197,0.8054799375364845,0.5327758902367057,6985a9ae,38,30,0.0700988181073356,32,32,304.7469630241394,ASHA-stopped,True,105
8,0.2826961092847995,3,4,3,64,mse,0.0012972124544179,5.7035958553355655e-06,True,108.5146837234497,8,8,group_B,110.03727841377258,13.481405019760132,110.03727841377258,0.6565844052329591,8,da0adc8a,"trainable_da0adc8a_39_alignn_layers=3,batch_size=4,gcn_layers=3,hidden_features=64,loss=mse,lr=0.0013,weight_decay=0.0000_2026-07-09_02-53-23",0.2826961092847995,0.5626236420921549,0.6391466305881432,0.725650912400625,da0adc8a,39,8,0.2826961092847995,8,8,110.03727841377258,ASHA-stopped,True,106
31,0.073178278331561,3,8,2,128,smoothl1,0.0016129584380663,1.0124892685345086e-05,False,310.36009430885315,31,31,group_B,311.88876366615295,9.919625997543337,311.88876366615295,0.0888021231958197,31,77fbd6ab,"trainable_77fbd6ab_40_alignn_layers=3,batch_size=8,gcn_layers=2,hidden_features=128,loss=smoothl1,lr=0.0016,weight_decay=0.0000_2026-07-09_02-53-25",0.073178278331561,0.3691236143785604,0.796627237574342,0.5447644478490608,77fbd6ab,40,31,0.073178278331561,32,32,321.9379587173462,ASHA-stopped,True,107
27,0.0802831781643723,1,8,3,64,smoothl1,0.0003940578685066,1.2649726395866435e-06,False,235.29675579071045,27,27,group_A,236.8843529224396,8.691519498825073,236.8843529224396,0.1003120332598254,27,ecc0a9f4,"trainable_ecc0a9f4_68_alignn_layers=1,batch_size=8,gcn_layers=3,hidden_features=64,loss=smoothl1,lr=0.0004,weight_decay=0.0000_2026-07-09_02-53-20",0.0802831781643723,0.4151731796683605,0.7931134022389286,0.5494504610155232,ecc0a9f4,68,27,0.0802831781643723,32,32,280.3332393169403,ASHA-stopped,True,108
7,0.1418810553020901,1,8,3,64,smoothl1,0.0007806252387208,4.878451613264763e-06,False,60.7917845249176,7,7,group_A,62.43948602676392,8.649336814880371,62.43948602676392,0.2017222783081307,7,e67c4b41,"trainable_e67c4b41_69_alignn_layers=1,batch_size=8,gcn_layers=3,hidden_features=64,loss=smoothl1,lr=0.0008,weight_decay=0.0000_2026-07-09_02-54-01",0.1418810553020901,0.5674238616954679,0.629517141823648,0.7352692820758466,e67c4b41,69,7,0.1418810553020901,8,8,70.94631242752075,ASHA-stopped,True,109
2,0.1870834086898458,3,8,4,192,smoothl1,0.0018932413945823,8.235301376325148e-06,False,21.177929401397705,2,2,group_B,22.741905212402344,10.162333726882936,22.741905212402344,0.2393449458383744,2,2d1bf9f6,"trainable_2d1bf9f6_41_alignn_layers=3,batch_size=8,gcn_layers=4,hidden_features=192,loss=smoothl1,lr=0.0019,weight_decay=0.0000_2026-07-09_02-53-58",0.1870834086898458,0.6791645826001635,0.5056401252654478,0.8493446783463898,2d1bf9f6,41,2,0.1870834086898458,8,8,84.57780814170837,ASHA-stopped,True,110
6,0.3544480366208566,3,4,3,128,mse,0.0010408689078895,1.921573842796673e-05,False,83.66801571846008,6,6,group_B,85.21080803871155,14.09628963470459,85.21080803871155,0.644290240224907,6,f6291280,"trainable_f6291280_42_alignn_layers=3,batch_size=4,gcn_layers=3,hidden_features=128,loss=mse,lr=0.0010,weight_decay=0.0000_2026-07-09_02-54-38",0.3544480366208566,0.6305096776939972,0.5475573774807911,0.8125388194425368,f6291280,42,6,0.3544480366208566,8,8,113.08262777328493,ASHA-stopped,True,111
47,0.055967683943294,1,8,3,64,smoothl1,0.0007040684976381,1.6818305783944468e-05,False,400.6492395401001,47,47,group_A,402.1456778049469,8.455404996871948,402.1456778049469,0.0659428870727242,47,4b40b9f2,"trainable_4b40b9f2_70_alignn_layers=1,batch_size=8,gcn_layers=3,hidden_features=64,loss=smoothl1,lr=0.0007,weight_decay=0.0000_2026-07-09_02-54-24",0.055967683943294,0.3345908618826433,0.8494577064246908,0.4686964104572634,4b40b9f2,70,47,0.055967683943294,50,50,427.671941280365,full-budget,True,112
47,0.0561531220400144,1,8,3,64,smoothl1,0.0006520855603569,6.359540403868527e-06,False,406.0305109024048,47,47,group_A,407.5216472148895,8.579899549484253,407.5216472148895,0.066694638848187,47,71785416,"trainable_71785416_71_alignn_layers=1,batch_size=8,gcn_layers=3,hidden_features=64,loss=smoothl1,lr=0.0007,weight_decay=0.0000_2026-07-09_02-55-34",0.0561531220400144,0.3411632025588723,0.8508375775528889,0.4665434291681778,71785416,71,47,0.0561531220400144,50,50,433.4703152179718,full-budget,True,113
3,0.1379900245912491,4,8,2,64,smoothl1,0.0016564959712035,3.853923859234612e-06,False,32.04859733581543,3,3,group_B,33.625184535980225,10.451189756393433,33.625184535980225,0.2277506351559236,3,83627a60,"trainable_83627a60_43_alignn_layers=4,batch_size=8,gcn_layers=2,hidden_features=64,loss=smoothl1,lr=0.0017,weight_decay=0.0000_2026-07-09_02-55-19",0.1379900245912491,0.5647783222456932,0.6397623833045281,0.7250315302181403,83627a60,43,3,0.1379900245912491,8,8,85.12517619132996,ASHA-stopped,True,114
27,0.0741799573497797,1,8,3,64,smoothl1,0.000442946580144,3.319705627796976e-06,False,231.0872766971588,27,27,group_A,232.60034227371216,8.527671337127686,232.60034227371216,0.0993033499408505,27,b09a6893,"trainable_b09a6893_72_alignn_layers=1,batch_size=8,gcn_layers=3,hidden_features=64,loss=smoothl1,lr=0.0004,weight_decay=0.0000_2026-07-09_02-55-38",0.0741799573497797,0.3933079307668438,0.8087957358404478,0.5282155109186503,b09a6893,72,27,0.0741799573497797,32,32,275.35565876960754,ASHA-stopped,True,115
48,0.0557471051289842,3,8,1,256,smoothl1,0.0004289287515695,4.571764868206514e-05,False,456.4471392631531,48,48,group_B,457.812406539917,9.649070262908936,457.812406539917,0.0455736164898759,48,671f32a0,"trainable_671f32a0_44_alignn_layers=3,batch_size=8,gcn_layers=1,hidden_features=256,loss=smoothl1,lr=0.0004,weight_decay=0.0000_2026-07-09_02-56-06",0.0557471051289842,0.3154482208432857,0.8481176827657028,0.470777795034726,671f32a0,44,48,0.0557471051289842,50,50,476.8144345283508,full-budget,True,116
32,0.077252759041373,1,8,3,64,smoothl1,0.0005669415138161,3.0546619448872515e-05,True,273.57670640945435,32,32,group_A,275.12095832824707,8.477919340133667,275.12095832824707,0.0852488619499178,32,f6b5094e,"trainable_f6b5094e_73_alignn_layers=1,batch_size=8,gcn_layers=3,hidden_features=64,loss=smoothl1,lr=0.0006,weight_decay=0.0000_2026-07-09_02-56-30",0.077252759041373,0.3850477874906995,0.7816555090012131,0.564460404516943,f6b5094e,73,32,0.077252759041373,32,32,275.12095832824707,ASHA-stopped,True,117
8,0.2802974170950985,2,8,4,128,mse,0.0008648954453251,6.023705748957525e-06,True,78.97108268737793,8,8,group_B,80.5750138759613,9.798161029815674,80.5750138759613,0.5436832205471512,8,0332f285,"trainable_0332f285_45_alignn_layers=2,batch_size=8,gcn_layers=4,hidden_features=128,loss=mse,lr=0.0009,weight_decay=0.0000_2026-07-09_02-57-15",0.2802974170950985,0.5619966871230768,0.6422084820547768,0.7225657693956703,0332f285,45,8,0.2802974170950985,8,8,80.5750138759613,ASHA-stopped,True,118
43,0.0545799266793346,2,8,1,128,smoothl1,0.0008572606989695,1.7967951962185915e-05,False,378.46185636520386,43,43,group_A,379.9391813278198,8.741049766540527,379.9391813278198,0.0483712808617131,43,60367fb3,"trainable_60367fb3_74_alignn_layers=2,batch_size=8,gcn_layers=1,hidden_features=128,loss=smoothl1,lr=0.0009,weight_decay=0.0000_2026-07-09_02-57-24",0.0545799266793346,0.3240912310887912,0.854442144696724,0.4608718552434216,60367fb3,74,43,0.0545799266793346,50,50,441.49490237236023,full-budget,True,119
6,0.1611123772131072,4,4,2,192,smoothl1,0.0005015418399403,1.3167837993784904e-05,False,86.97927689552307,6,6,group_B,88.48364686965942,14.60198426246643,88.48364686965942,0.2618251454423551,6,1cf9e292,"trainable_1cf9e292_46_alignn_layers=4,batch_size=4,gcn_layers=2,hidden_features=192,loss=smoothl1,lr=0.0005,weight_decay=0.0000_2026-07-09_02-57-34",0.1611123772131072,0.6054679855688849,0.5629064656514751,0.7986372347879812,1cf9e292,46,6,0.1611123772131072,8,8,117.42155742645264,ASHA-stopped,True,120
49,0.0570030949970401,2,8,1,128,smoothl1,0.0006911723765137,1.1146041255511656e-05,False,428.26425886154175,49,49,group_A,429.73091983795166,8.713979959487915,429.73091983795166,0.0581045632585981,49,b389ba2d,"trainable_b389ba2d_75_alignn_layers=2,batch_size=8,gcn_layers=1,hidden_features=128,loss=smoothl1,lr=0.0007,weight_decay=0.0000_2026-07-09_02-58-00",0.0570030949970401,0.3344244318881643,0.8436030416795501,0.4777233999169509,b389ba2d,75,49,0.0570030949970401,50,50,438.5697023868561,full-budget,True,121
7,0.1346574517548399,3,8,3,128,smoothl1,0.0014999067899871,5.382151359160386e-06,False,70.68588590621948,7,7,group_B,72.27475047111511,10.051106452941896,72.27475047111511,0.2032737159725079,7,9f3469db,"trainable_9f3469db_47_alignn_layers=3,batch_size=8,gcn_layers=3,hidden_features=128,loss=smoothl1,lr=0.0015,weight_decay=0.0000_2026-07-09_02-58-31",0.1346574517548399,0.5523864470020485,0.6505488414497638,0.7140943642734018,9f3469db,47,7,0.1346574517548399,8,8,82.4871118068695,ASHA-stopped,True,122
50,0.0569752176198615,2,8,1,128,smoothl1,0.0009933751968528,8.719080785721817e-06,True,439.5554928779602,50,50,group_A,441.01702070236206,8.740823984146118,441.01702070236206,0.0510482003800742,50,eb713251,"trainable_eb713251_76_alignn_layers=2,batch_size=8,gcn_layers=1,hidden_features=128,loss=smoothl1,lr=0.0010,weight_decay=0.0000_2026-07-09_02-58-44",0.0569752176198615,0.325712440832325,0.851046728612207,0.4662162278527228,eb713251,76,50,0.0569752176198615,50,50,441.01702070236206,full-budget,True,123
16,0.1320962191771262,3,4,1,64,smoothl1,0.0003608542561746,1.8527997437323065e-05,True,199.7701804637909,16,16,group_B,201.3391501903534,12.31696081161499,201.3391501903534,0.201512077641799,16,03d86608,"trainable_03d86608_48_alignn_layers=3,batch_size=4,gcn_layers=1,hidden_features=64,loss=smoothl1,lr=0.0004,weight_decay=0.0000_2026-07-09_02-58-58",0.1320962191771262,0.5082735914679601,0.6126236119019686,0.7518460735291507,03d86608,48,16,0.1320962191771262,16,16,201.3391501903534,ASHA-stopped,True,124
3,0.2977549268928154,2,8,4,192,mse,0.0004586714755401,3.927666566312075e-06,False,30.14470386505127,3,3,group_B,31.68979120254517,9.831492900848389,31.68979120254517,0.6052416775417296,3,2a49b1c8,"trainable_2a49b1c8_49_alignn_layers=2,batch_size=8,gcn_layers=4,hidden_features=192,loss=mse,lr=0.0005,weight_decay=0.0000_2026-07-09_02-59-23",0.2977549268928154,0.5681886884464322,0.6199244887141673,0.7447273567199145,2a49b1c8,49,3,0.2977549268928154,8,8,80.87982869148254,ASHA-stopped,True,125
16,0.1055311100192801,2,8,1,128,smoothl1,0.0006547285756222,5.278415660048835e-05,True,139.86931777000427,16,16,group_A,141.43351697921753,8.653502225875854,141.43351697921753,0.141494113360878,16,92cdb63d,"trainable_92cdb63d_77_alignn_layers=2,batch_size=8,gcn_layers=1,hidden_features=128,loss=smoothl1,lr=0.0007,weight_decay=0.0001_2026-07-09_02-59-20",0.1055311100192801,0.4602795460353282,0.7078134874211108,0.652968822982989,92cdb63d,77,16,0.1055311100192801,16,16,141.43351697921753,ASHA-stopped,True,126
31,0.067800248416249,3,8,2,128,smoothl1,0.000737090875498,1.6553930763269688e-06,False,303.0264594554901,31,31,group_B,304.5659670829773,9.731897354125977,304.5659670829773,0.0848036663002231,31,7c6f81a3,"trainable_7c6f81a3_50_alignn_layers=3,batch_size=8,gcn_layers=2,hidden_features=128,loss=smoothl1,lr=0.0007,weight_decay=0.0000_2026-07-09_03-00-24",0.067800248416249,0.3642768815926736,0.8211114965079441,0.5109207943629547,7c6f81a3,50,31,0.067800248416249,32,32,314.4767084121704,ASHA-stopped,True,127
40,0.0592208108987915,2,8,1,128,smoothl1,0.0006252198216744,6.792604548098325e-05,False,350.36157417297363,40,40,group_A,351.87004828453064,8.702248811721802,351.87004828453064,0.0594433007738537,40,06be5472,"trainable_06be5472_78_alignn_layers=2,batch_size=8,gcn_layers=1,hidden_features=128,loss=smoothl1,lr=0.0006,weight_decay=0.0001_2026-07-09_03-00-25",0.0592208108987915,0.3346038499065874,0.8423025115799605,0.4797055593112677,06be5472,78,40,0.0592208108987915,50,50,439.32446670532227,full-budget,True,128
16,0.1116507626951686,4,4,3,64,smoothl1,0.0003306804771246,1.265494820162334e-06,True,239.25250625610352,16,16,group_B,240.74454927444455,14.853800773620604,240.74454927444455,0.1930013884967432,16,4895f252,"trainable_4895f252_51_alignn_layers=4,batch_size=4,gcn_layers=3,hidden_features=64,loss=smoothl1,lr=0.0003,weight_decay=0.0000_2026-07-09_03-00-31",0.1116507626951686,0.4895411527008657,0.7042005023293112,0.6569935097716851,4895f252,51,16,0.1116507626951686,16,16,240.74454927444455,ASHA-stopped,True,129
4,0.282777832614051,2,8,1,128,mse,0.0007326776224918,8.760913149032226e-05,False,35.25436735153198,4,4,group_A,36.89468050003052,8.683730840682983,36.89468050003052,0.5911581515382983,4,f56b1ae6,"trainable_f56b1ae6_79_alignn_layers=2,batch_size=8,gcn_layers=1,hidden_features=128,loss=mse,lr=0.0007,weight_decay=0.0001_2026-07-09_03-01-09",0.282777832614051,0.5751365002371565,0.6390423031614341,0.725755802402687,f56b1ae6,79,4,0.282777832614051,8,8,71.76744437217712,ASHA-stopped,True,130
16,0.0962227119142731,2,8,1,128,smoothl1,0.0004184274762115,3.792943182097138e-05,True,142.20273280143738,16,16,group_A,143.77123999595642,8.76610803604126,143.77123999595642,0.1416362648176236,16,c2718266,"trainable_c2718266_80_alignn_layers=2,batch_size=8,gcn_layers=1,hidden_features=128,loss=smoothl1,lr=0.0004,weight_decay=0.0000_2026-07-09_03-02-02",0.0962227119142731,0.4541662679143104,0.7469055007909451,0.6077202619686791,c2718266,80,16,0.0962227119142731,16,16,143.77123999595642,ASHA-stopped,True,131
8,0.3442838827453593,3,8,2,256,mse,0.0012951720020641,2.2882654349974206e-06,True,78.42045378684998,8,8,group_B,79.93567109107971,9.978959798812866,79.93567109107971,0.5509783181412743,8,bb74b733,"trainable_bb74b733_52_alignn_layers=3,batch_size=8,gcn_layers=2,hidden_features=256,loss=mse,lr=0.0013,weight_decay=0.0000_2026-07-09_03-01-48",0.3442838827453593,0.6068335804089185,0.5605316260193476,0.8008038947339516,bb74b733,52,8,0.3442838827453593,8,8,79.93567109107971,ASHA-stopped,True,132
15,0.0927505996768121,3,8,1,64,smoothl1,0.0008059378182495,4.7267308766855854e-05,False,139.11749505996704,15,15,group_A,140.68436884880066,9.219427108764648,140.68436884880066,0.1501374893219083,15,4c980617,"trainable_4c980617_81_alignn_layers=3,batch_size=8,gcn_layers=1,hidden_features=64,loss=smoothl1,lr=0.0008,weight_decay=0.0000_2026-07-09_03-02-45",0.0927505996768121,0.4453691699729911,0.7489603363006464,0.6052482403459902,4c980617,81,15,0.0927505996768121,16,16,149.95184874534607,ASHA-stopped,True,133
7,0.1522675238983341,2,8,4,64,smoothl1,0.0009298929264804,2.757679210161215e-05,False,67.80584859848022,7,7,group_A,69.41116952896118,9.384183168411257,69.41116952896118,0.1983166682025647,7,b99a598f,"trainable_b99a598f_82_alignn_layers=2,batch_size=8,gcn_layers=4,hidden_features=64,loss=smoothl1,lr=0.0009,weight_decay=0.0000_2026-07-09_03-02-50",0.1522675238983341,0.5820606468377643,0.5978256022255901,0.7660719721491194,b99a598f,82,7,0.1522675238983341,8,8,79.08265280723572,ASHA-stopped,True,134
8,0.1649373670024846,1,4,3,64,smoothl1,0.001063142917523,1.6205795230532918e-05,True,86.82184648513794,8,8,group_A,88.43791794776917,10.867448091506958,88.43791794776917,0.2310508769177209,8,163cb1cb,"trainable_163cb1cb_83_alignn_layers=1,batch_size=4,gcn_layers=3,hidden_features=64,loss=smoothl1,lr=0.0011,weight_decay=0.0000_2026-07-09_03-02-55",0.1649373670024846,0.610115437056414,0.5458105606643358,0.8141058569606815,163cb1cb,83,8,0.1649373670024846,8,8,88.43791794776917,ASHA-stopped,True,135
7,0.1751641441116888,3,8,4,128,smoothl1,0.000542720357413,7.783341802569919e-06,False,72.94882130622864,7,7,group_B,74.55886101722717,10.356110334396362,74.55886101722717,0.1901271092099057,7,cb43ee0b,"trainable_cb43ee0b_53_alignn_layers=3,batch_size=8,gcn_layers=4,hidden_features=128,loss=smoothl1,lr=0.0005,weight_decay=0.0000_2026-07-09_03-02-47",0.1751641441116888,0.6304444005266883,0.5252389333840315,0.8323383624078124,cb43ee0b,53,7,0.1751641441116888,8,8,85.09406518936157,ASHA-stopped,True,136
7,0.3012196701512765,1,8,3,64,mse,0.0005259115378642,6.63056305113961e-06,False,59.980162143707275,7,7,group_A,61.59051132202149,8.573808670043945,61.59051132202149,0.5567517873682106,7,5a83bbe4,"trainable_5a83bbe4_84_alignn_layers=1,batch_size=8,gcn_layers=3,hidden_features=64,loss=mse,lr=0.0005,weight_decay=0.0000_2026-07-09_03-03-17",0.3012196701512765,0.5866254515221144,0.6155018344326908,0.7490477422504986,5a83bbe4,84,7,0.3012196701512765,8,8,69.97007369995117,ASHA-stopped,True,137
27,0.0796747272292142,1,8,3,64,smoothl1,0.0003676114777199,5.7648928646078105e-06,False,234.41304659843445,27,27,group_A,235.97423315048215,8.614280223846436,235.97423315048215,0.1007756008726739,27,1f74d3bb,"trainable_1f74d3bb_85_alignn_layers=1,batch_size=8,gcn_layers=3,hidden_features=64,loss=smoothl1,lr=0.0004,weight_decay=0.0000_2026-07-09_03-04-17",0.0796747272292142,0.4143725683589758,0.7944793188689714,0.5476336531868687,1f74d3bb,85,27,0.0796747272292142,32,32,279.27318120002747,ASHA-stopped,True,138
7,0.1417796995352815,1,8,3,64,smoothl1,0.0007036471694662,7.933271102629634e-06,False,60.5865523815155,7,7,group_A,62.17532229423523,8.642450332641602,62.17532229423523,0.2035052361674337,7,b356cfa9,"trainable_b356cfa9_86_alignn_layers=1,batch_size=8,gcn_layers=3,hidden_features=64,loss=smoothl1,lr=0.0007,weight_decay=0.0000_2026-07-09_03-04-49",0.1417796995352815,0.5699576944603945,0.6307813204515129,0.7340137503043157,b356cfa9,86,7,0.1417796995352815,8,8,70.6076967716217,ASHA-stopped,True,139
11,0.0977713338754795,2,8,1,192,smoothl1,0.0018378502834758,3.3222829845446736e-06,False,97.37503170967102,11,11,group_B,98.94273233413696,8.81070065498352,98.94273233413696,0.1831912143478431,11,d08a9cbf,"trainable_d08a9cbf_54_alignn_layers=2,batch_size=8,gcn_layers=1,hidden_features=192,loss=smoothl1,lr=0.0018,weight_decay=0.0000_2026-07-09_03-04-10",0.0977713338754795,0.4659856530833914,0.746367207250763,0.6083661830318553,d08a9cbf,54,11,0.0977713338754795,16,16,143.2274420261383,ASHA-stopped,True,140
13,0.1070382275357448,3,8,3,64,smoothl1,0.0005029265297672,4.385449651883087e-06,False,133.146644115448,13,13,group_A,134.75409030914307,10.294003009796144,134.75409030914307,0.1725956128028523,13,333bf44f,"trainable_333bf44f_87_alignn_layers=3,batch_size=8,gcn_layers=3,hidden_features=64,loss=smoothl1,lr=0.0005,weight_decay=0.0000_2026-07-09_03-05-12",0.1070382275357448,0.4896389032671041,0.7137279510459085,0.6463263120279602,333bf44f,87,13,0.1070382275357448,16,16,165.43180990219116,ASHA-stopped,True,141
4,0.2923373833850578,2,4,1,256,mse,0.000853274506624,2.449854673700888e-05,False,45.08431553840637,4,4,group_A,46.65293335914612,11.462477445602415,46.65293335914612,0.6715215464454289,4,1bb4b709,"trainable_1bb4b709_88_alignn_layers=2,batch_size=4,gcn_layers=1,hidden_features=256,loss=mse,lr=0.0009,weight_decay=0.0000_2026-07-09_03-05-23",0.2923373833850578,0.5761883851540969,0.6268398213643369,0.7379212371831299,1bb4b709,88,4,0.2923373833850578,8,8,91.77661776542664,ASHA-stopped,True,142
7,0.1610966895623181,4,8,2,192,smoothl1,0.0008589381320631,1.8261671782939894e-05,False,73.08158755302429,7,7,group_A,74.67232036590576,10.408392429351808,74.67232036590576,0.2142539138981117,7,e2137c86,"trainable_e2137c86_89_alignn_layers=4,batch_size=8,gcn_layers=2,hidden_features=192,loss=smoothl1,lr=0.0009,weight_decay=0.0000_2026-07-09_03-05-26",0.1610966895623181,0.6043126268640491,0.5536798304512672,0.8070224569101978,e2137c86,89,7,0.1610966895623181,8,8,85.27947878837585,ASHA-stopped,True,143
4,0.1576589143701962,3,4,3,128,smoothl1,0.0008796180886538,3.041558565439601e-05,False,55.67130422592163,4,4,group_B,57.227561473846436,13.951969861984251,57.227561473846436,0.2730126415941572,4,5e5904f1,"trainable_5e5904f1_55_alignn_layers=3,batch_size=4,gcn_layers=3,hidden_features=128,loss=smoothl1,lr=0.0009,weight_decay=0.0000_2026-07-09_03-05-15",0.1576589143701962,0.5954847198736464,0.579683908302048,0.7831597730237239,5e5904f1,55,4,0.1576589143701962,8,8,113.2443344593048,ASHA-stopped,True,144
7,0.1287303431324227,4,8,2,128,smoothl1,0.0014934827076346,3.550181282274141e-05,False,73.05195903778076,7,7,group_B,74.61462497711182,10.402355194091797,74.61462497711182,0.1935206609995762,7,682b84e0,"trainable_682b84e0_56_alignn_layers=4,batch_size=8,gcn_layers=2,hidden_features=128,loss=smoothl1,lr=0.0015,weight_decay=0.0000_2026-07-09_03-05-38",0.1287303431324227,0.5373710069478832,0.6577889339047793,0.7066581756478212,682b84e0,56,7,0.1287303431324227,8,8,85.21541714668274,ASHA-stopped,True,145
8,0.2771584497242377,3,8,3,64,mse,0.0006396728876467,2.7939804298110763e-06,True,80.2320966720581,8,8,group_B,81.79969930648804,10.017649173736572,81.79969930648804,0.5203561547204332,8,e6b0bae8,"trainable_e6b0bae8_57_alignn_layers=3,batch_size=8,gcn_layers=3,hidden_features=64,loss=mse,lr=0.0006,weight_decay=0.0000_2026-07-09_03-05-49",0.2771584497242377,0.5695512332065373,0.646215291154883,0.7185084703103705,e6b0bae8,57,8,0.2771584497242377,8,8,81.79969930648804,ASHA-stopped,True,146
2,0.1717248471089141,2,8,4,256,smoothl1,0.0011385269545454,1.3548408970564106e-05,False,20.349726915359497,2,2,group_A,21.93545913696289,9.6403706073761,21.93545913696289,0.2498994515062241,2,a093b8d0,"trainable_a093b8d0_90_alignn_layers=2,batch_size=8,gcn_layers=4,hidden_features=256,loss=smoothl1,lr=0.0011,weight_decay=0.0000_2026-07-09_03-05-30",0.1717248471089141,0.6242409012818625,0.535658704322661,0.8231538574217823,a093b8d0,90,2,0.1717248471089141,8,8,80.04157090187073,ASHA-stopped,True,147
11,0.0877513088404186,2,8,1,192,smoothl1,0.0011869643768468,2.150224753688634e-05,False,96.47980856895448,11,11,group_A,98.0788915157318,8.769023180007935,98.0788915157318,0.1709000696431185,11,910e76e7,"trainable_910e76e7_91_alignn_layers=2,batch_size=8,gcn_layers=1,hidden_features=192,loss=smoothl1,lr=0.0012,weight_decay=0.0000_2026-07-09_03-06-06",0.0877513088404186,0.4459215846118934,0.7747658144276911,0.5732967991309935,910e76e7,91,11,0.0877513088404186,16,16,141.95910263061523,ASHA-stopped,True,148
8,0.328695752160259,3,4,1,64,mse,0.000763750150743,1.6244900418768763e-05,True,98.44765949249268,8,8,group_A,100.07253122329712,12.11128306388855,100.07253122329712,0.5913091268221197,8,5bcb871f,"trainable_5bcb871f_92_alignn_layers=3,batch_size=4,gcn_layers=1,hidden_features=64,loss=mse,lr=0.0008,weight_decay=0.0000_2026-07-09_03-06-26",0.328695752160259,0.6059882258892465,0.5804294227540161,0.7824649197132351,5bcb871f,92,8,0.328695752160259,8,8,100.07253122329712,ASHA-stopped,True,149
7,0.154697616343145,4,8,2,256,smoothl1,0.0010453695004822,3.416376058058052e-05,False,72.77412056922913,7,7,group_A,74.33354878425598,10.37790060043335,74.33354878425598,0.2079117609687036,7,eaa78d52,"trainable_eaa78d52_93_alignn_layers=4,batch_size=8,gcn_layers=2,hidden_features=256,loss=smoothl1,lr=0.0010,weight_decay=0.0000_2026-07-09_03-06-44",0.154697616343145,0.596310595588868,0.5822750381723286,0.7807420618470308,eaa78d52,93,7,0.154697616343145,8,8,84.83005881309509,ASHA-stopped,True,150
14,0.1171695761500843,2,8,4,192,smoothl1,0.0012929142186671,3.863087890070106e-05,False,137.0761103630066,14,14,group_A,138.65856385231018,9.831130981445312,138.65856385231018,0.1701554054194488,14,7bf8437d,"trainable_7bf8437d_94_alignn_layers=2,batch_size=8,gcn_layers=4,hidden_features=192,loss=smoothl1,lr=0.0013,weight_decay=0.0000_2026-07-09_03-06-58",0.1171695761500843,0.5210277878018204,0.6967660247775028,0.6651985485267262,7bf8437d,94,14,0.1171695761500843,16,16,158.20756077766418,ASHA-stopped,True,151
30,0.0599071703673828,3,8,2,128,smoothl1,0.0011237387014922,9.451987709152888e-05,False,295.97397232055664,30,30,group_B,297.48622035980225,9.883324384689333,297.48622035980225,0.0971109612996324,30,2f0dcffd,"trainable_2f0dcffd_58_alignn_layers=3,batch_size=8,gcn_layers=2,hidden_features=128,loss=smoothl1,lr=0.0011,weight_decay=0.0001_2026-07-09_03-05-52",0.0599071703673828,0.3403656584047365,0.8373649430229351,0.4871575597340926,2f0dcffd,58,30,0.0599071703673828,32,32,317.17866015434265,ASHA-stopped,True,152
7,0.1632377260891848,2,8,4,256,smoothl1,0.0012479665510063,1.8379089058587491e-06,False,68.31196188926697,7,7,group_B,69.83334708213806,9.601545810699465,69.83334708213806,0.2168583993243888,7,08deb1ec,"trainable_08deb1ec_59_alignn_layers=2,batch_size=8,gcn_layers=4,hidden_features=256,loss=smoothl1,lr=0.0012,weight_decay=0.0000_2026-07-09_03-07-16",0.1632377260891848,0.6087662368978651,0.5639669939367732,0.7976677720825188,08deb1ec,59,7,0.1632377260891848,8,8,79.71587038040161,ASHA-stopped,True,153
15,0.0942683334526404,3,8,1,64,smoothl1,0.0009563027008444,9.666044933069943e-06,False,138.68922472000122,15,15,group_A,140.26106214523315,9.1706645488739,140.26106214523315,0.150588392151901,15,cf65d4e7,"trainable_cf65d4e7_95_alignn_layers=3,batch_size=8,gcn_layers=1,hidden_features=64,loss=smoothl1,lr=0.0010,weight_decay=0.0000_2026-07-09_03-07-01",0.0942683334526404,0.4454736921882429,0.740780717004685,0.6150295969747683,cf65d4e7,95,15,0.0942683334526404,16,16,149.43996286392212,ASHA-stopped,True,154
4,0.148702033691936,3,4,3,192,smoothl1,0.0010060890530692,6.975011981191635e-06,False,55.57582330703735,4,4,group_B,57.130878925323486,14.040186643600464,57.130878925323486,0.2704589131672654,4,1b7ac5e2,"trainable_1b7ac5e2_60_alignn_layers=3,batch_size=4,gcn_layers=3,hidden_features=192,loss=smoothl1,lr=0.0010,weight_decay=0.0000_2026-07-09_03-07-18",0.148702033691936,0.5851234553515907,0.5886065166580527,0.7748025961525674,1b7ac5e2,60,4,0.148702033691936,8,8,112.6304168701172,ASHA-stopped,True,155
6,0.1339578329334183,4,8,1,128,smoothl1,0.0009142419388641,1.625915890127977e-05,False,60.91437911987305,6,6,group_B,62.46756911277771,10.29451608657837,62.46756911277771,0.2026024535347396,6,ed54a431,"trainable_ed54a431_61_alignn_layers=4,batch_size=8,gcn_layers=1,hidden_features=128,loss=smoothl1,lr=0.0009,weight_decay=0.0000_2026-07-09_03-07-34",0.1339578329334183,0.5540912836193531,0.6501725551376807,0.7144787264833649,ed54a431,61,6,0.1339578329334183,8,8,82.94702577590942,ASHA-stopped,True,156
8,0.1595549238106561,4,4,2,64,smoothl1,0.0004750050433415,5.898212835865632e-05,True,116.14163088798524,8,8,group_A,117.72431993484496,14.2888023853302,117.72431993484496,0.2547367196027349,8,41e63807,"trainable_41e63807_96_alignn_layers=4,batch_size=4,gcn_layers=2,hidden_features=64,loss=smoothl1,lr=0.0005,weight_decay=0.0001_2026-07-09_03-07-29",0.1595549238106561,0.6102310033420176,0.5818325702380329,0.7811554461649857,41e63807,96,8,0.1595549238106561,8,8,117.72431993484496,ASHA-stopped,True,157
4,0.2790389347171026,2,8,1,128,mse,0.0008777852896508,2.0009721453004137e-05,False,37.021157026290894,4,4,group_A,38.645527362823486,9.06919002532959,38.645527362823486,0.5816271507951913,4,088e1075,"trainable_088e1075_97_alignn_layers=2,batch_size=8,gcn_layers=1,hidden_features=128,loss=mse,lr=0.0009,weight_decay=0.0000_2026-07-09_03-08-12",0.2790389347171026,0.5716303719829426,0.6438149022734864,0.7209418487325395,088e1075,97,4,0.2790389347171026,8,8,75.06699514389038,ASHA-stopped,True,158
4,0.1576642502079565,2,8,4,256,smoothl1,0.0008195318288939,8.790443925318105e-05,False,39.40562343597412,4,4,group_A,41.00613784790039,9.637131452560425,41.00613784790039,0.2259951834766153,4,72dcbf69,"trainable_72dcbf69_98_alignn_layers=2,batch_size=8,gcn_layers=4,hidden_features=256,loss=smoothl1,lr=0.0008,weight_decay=0.0001_2026-07-09_03-08-26",0.1576642502079565,0.607152066586265,0.5810776445390956,0.781860245682535,72dcbf69,98,4,0.1576642502079565,8,8,80.11499500274658,ASHA-stopped,True,159
15,0.1073739354414914,1,8,1,64,smoothl1,0.0005799338507569,3.055263871751377e-05,False,119.20306873321532,15,15,group_A,120.78765058517456,7.914999723434448,120.78765058517456,0.1500514521876042,15,72b1a3a3,"trainable_72b1a3a3_99_alignn_layers=1,batch_size=8,gcn_layers=1,hidden_features=64,loss=smoothl1,lr=0.0006,weight_decay=0.0000_2026-07-09_03-08-29",0.1073739354414914,0.4724851664357991,0.698061350009547,0.6637762629622199,72b1a3a3,99,15,0.1073739354414914,16,16,128.830171585083,ASHA-stopped,True,160
8,0.2743253322347762,3,8,2,128,mse,0.0007708032192479,1.0799496379006852e-05,True,78.69056987762451,8,8,group_B,80.24261498451233,9.836992502212524,80.24261498451233,0.5215514551325798,8,b8925f59,"trainable_b8925f59_62_alignn_layers=3,batch_size=8,gcn_layers=2,hidden_features=128,loss=mse,lr=0.0008,weight_decay=0.0000_2026-07-09_03-07-41",0.2743253322347762,0.5476318261034178,0.6498316822940498,0.7148267367661495,b8925f59,62,8,0.2743253322347762,8,8,80.24261498451233,ASHA-stopped,True,161
11,0.0924153448570342,1,8,3,192,smoothl1,0.000923492673619,4.3081748032972095e-05,False,95.9571659564972,11,11,group_A,97.57904887199402,8.6187264919281,97.57904887199402,0.1762951793783075,11,5bd81391,"trainable_5bd81391_100_alignn_layers=1,batch_size=8,gcn_layers=3,hidden_features=192,loss=smoothl1,lr=0.0009,weight_decay=0.0000_2026-07-09_03-08-31",0.0924153448570342,0.4611429246147938,0.7637355188631744,0.5871669220033997,5bd81391,100,11,0.0924153448570342,16,16,141.0256986618042,ASHA-stopped,True,162
14,0.1023573380692926,2,8,3,64,smoothl1,0.0003897011623045,2.35661026889673e-05,False,133.66409254074097,14,14,group_B,135.17659068107605,9.609583377838137,135.17659068107605,0.161278609669546,14,bd699920,"trainable_bd699920_63_alignn_layers=2,batch_size=8,gcn_layers=3,hidden_features=64,loss=smoothl1,lr=0.0004,weight_decay=0.0000_2026-07-09_03-08-41",0.1023573380692926,0.4815225282192225,0.7289879999044749,0.6288638409354276,bd699920,63,14,0.1023573380692926,16,16,153.9898681640625,ASHA-stopped,True,163
28,0.0674358087754438,3,8,2,128,smoothl1,0.0016981545609892,4.315684718047045e-06,False,275.92230319976807,28,28,group_B,277.37235736846924,9.75908374786377,277.37235736846924,0.0953394663842043,28,5391a5a6,"trainable_5391a5a6_64_alignn_layers=3,batch_size=8,gcn_layers=2,hidden_features=128,loss=smoothl1,lr=0.0017,weight_decay=0.0000_2026-07-09_03-09-07",0.0674358087754438,0.3817058131765998,0.819180528638245,0.513670897262972,5391a5a6,64,28,0.0674358087754438,32,32,316.7264745235443,ASHA-stopped,True,164
27,0.0758491866487674,3,4,2,64,smoothl1,0.0007258580876798,1.1488262113764022e-05,False,357.716997385025,27,27,group_A,359.2994303703308,13.149936199188232,359.2994303703308,0.1493654948241709,27,8282d277,"trainable_8282d277_101_alignn_layers=3,batch_size=4,gcn_layers=2,hidden_features=64,loss=smoothl1,lr=0.0007,weight_decay=0.0000_2026-07-09_03-08-51",0.0758491866487674,0.3960375845322744,0.8042313346688302,0.5344830699641878,8282d277,101,27,0.0758491866487674,32,32,425.31170296669006,ASHA-stopped,True,165
15,0.1080041513162315,1,8,1,64,smoothl1,0.0005602740976383,2.358072973146513e-05,False,121.514990568161,15,15,group_A,123.0501470565796,8.06196928024292,123.0501470565796,0.150345860555562,15,3c07d648,"trainable_3c07d648_103_alignn_layers=1,batch_size=8,gcn_layers=1,hidden_features=64,loss=smoothl1,lr=0.0006,weight_decay=0.0000_2026-07-09_03-09-42",0.1080041513162315,0.4752037850283367,0.6973666321964227,0.6645394515202183,3c07d648,103,15,0.1080041513162315,16,16,131.23761749267578,ASHA-stopped,True,166
5,0.308257587056942,4,8,3,128,mse,0.0006681820955283,2.7779358900615495e-05,False,55.04789304733277,5,5,group_A,56.66956734657288,10.918720245361328,56.66956734657288,0.5552315951139225,5,986b4625,"trainable_986b4625_102_alignn_layers=4,batch_size=8,gcn_layers=3,hidden_features=128,loss=mse,lr=0.0007,weight_decay=0.0000_2026-07-09_03-09-32",0.308257587056942,0.581396569379227,0.6065181468697461,0.7577478578392705,986b4625,102,5,0.308257587056942,8,8,89.53628659248352,ASHA-stopped,True,167
16,0.109487576695977,2,8,4,128,smoothl1,0.0010236149000515,7.115826357186458e-05,True,157.4833972454071,16,16,group_A,159.06428980827332,9.78295636177063,159.06428980827332,0.1558455000481297,16,a26df154,"trainable_a26df154_104_alignn_layers=2,batch_size=8,gcn_layers=4,hidden_features=128,loss=smoothl1,lr=0.0010,weight_decay=0.0001_2026-07-09_03-09-45",0.109487576695977,0.4718671978836375,0.7017591505888169,0.6596991538539317,a26df154,104,16,0.109487576695977,16,16,159.06428980827332,ASHA-stopped,True,168
16,0.1076495830147039,1,8,3,256,smoothl1,0.0006051245682875,7.2971115638715746e-06,True,141.37143540382385,16,16,group_A,142.9432349205017,8.813185453414917,142.9432349205017,0.1414044358380693,16,1b48a147,"trainable_1b48a147_105_alignn_layers=1,batch_size=8,gcn_layers=3,hidden_features=256,loss=smoothl1,lr=0.0006,weight_decay=0.0000_2026-07-09_03-09-52",0.1076495830147039,0.4585238232923262,0.6900325940477521,0.672543496873494,1b48a147,105,16,0.1076495830147039,16,16,142.9432349205017,ASHA-stopped,True,169
5,0.1756811220415685,3,4,3,256,smoothl1,0.0019978373289193,9.282572275726944e-06,False,70.30267095565796,5,5,group_B,71.84720611572266,14.372249126434326,71.84720611572266,0.2968865837276452,5,d7ef2a66,"trainable_d7ef2a66_65_alignn_layers=3,batch_size=4,gcn_layers=3,hidden_features=256,loss=smoothl1,lr=0.0020,weight_decay=0.0000_2026-07-09_03-09-30",0.1756811220415685,0.620965193545306,0.5068979665587245,0.8482634606985966,d7ef2a66,65,5,0.1756811220415685,8,8,115.14102792739868,ASHA-stopped,True,170
6,0.1615723705402127,1,4,3,64,smoothl1,0.0014662911055894,1.7496486705633637e-05,False,66.69891476631165,6,6,group_A,68.35868763923645,10.939474821090698,68.35868763923645,0.2520540865166376,6,ac291598,"trainable_ac291598_106_alignn_layers=1,batch_size=4,gcn_layers=3,hidden_features=64,loss=smoothl1,lr=0.0015,weight_decay=0.0000_2026-07-09_03-10-02",0.1615723705402127,0.6086304487859079,0.5702577045783749,0.7918928338365521,ac291598,106,6,0.1615723705402127,8,8,90.36791467666626,ASHA-stopped,True,171
8,0.2639612009916356,2,8,1,192,mse,0.0007789414753018,1.420929191919406e-05,True,70.04783320426941,8,8,group_A,71.65069079399109,8.766353368759155,71.65069079399109,0.5103982223579175,8,c2e793c8,"trainable_c2e793c8_107_alignn_layers=2,batch_size=8,gcn_layers=1,hidden_features=192,loss=mse,lr=0.0008,weight_decay=0.0000_2026-07-09_03-10-13",0.2639612009916356,0.5328570066341571,0.6630611831676934,0.7011935079655247,c2e793c8,107,8,0.2639612009916356,8,8,71.65069079399109,ASHA-stopped,True,172
4,0.1618058750869105,4,8,2,128,smoothl1,0.0007429461691022,9.900867280583662e-05,False,41.73263692855835,4,4,group_A,43.40298867225647,10.173649549484251,43.40298867225647,0.224244570647752,4,23da0741,"trainable_23da0741_108_alignn_layers=4,batch_size=8,gcn_layers=2,hidden_features=128,loss=smoothl1,lr=0.0007,weight_decay=0.0001_2026-07-09_03-10-43",0.1618058750869105,0.6170143120148535,0.5709568407585173,0.791248417059255,23da0741,108,4,0.1618058750869105,8,8,84.93515944480896,ASHA-stopped,True,173
13,0.1033564112962238,3,8,3,64,smoothl1,0.0004279593507459,1.222769887404952e-05,False,128.71805834770203,13,13,group_A,130.2886884212494,9.993447303771973,130.2886884212494,0.1720220743825044,13,17a42fe8,"trainable_17a42fe8_109_alignn_layers=3,batch_size=8,gcn_layers=3,hidden_features=64,loss=smoothl1,lr=0.0004,weight_decay=0.0000_2026-07-09_03-11-15",0.1033564112962238,0.4755725827323935,0.7242952444995929,0.6342850741649622,17a42fe8,109,13,0.1033564112962238,16,16,160.0453863143921,ASHA-stopped,True,174
14,0.0981324389576911,3,8,1,256,smoothl1,0.0004092786968326,4.6433206993360184e-05,False,133.25226402282715,14,14,group_B,134.76827907562256,9.575437307357788,134.76827907562256,0.1531188380392544,14,98a1427c,"trainable_98a1427c_66_alignn_layers=3,batch_size=8,gcn_layers=1,hidden_features=256,loss=smoothl1,lr=0.0004,weight_decay=0.0000_2026-07-09_03-10-04",0.0981324389576911,0.4585520980354352,0.7406736669984224,0.6151565785122942,98a1427c,66,14,0.0981324389576911,16,16,153.6214361190796,ASHA-stopped,True,175
35,0.0645943924134212,1,8,3,128,smoothl1,0.0004579399857218,6.665628749625888e-05,False,306.423458814621,35,35,group_A,307.9514286518097,8.852156400680542,307.9514286518097,0.0751999373301873,35,cfbe260f,"trainable_cfbe260f_110_alignn_layers=1,batch_size=8,gcn_layers=3,hidden_features=128,loss=smoothl1,lr=0.0005,weight_decay=0.0001_2026-07-09_03-11-18",0.0645943924134212,0.3448782280164486,0.8249908397452524,0.5053505628246724,cfbe260f,110,35,0.0645943924134212,50,50,438.56028032302856,full-budget,True,176
7,0.1614000823289629,2,4,1,64,smoothl1,0.0003275696972126,5.7712329000180454e-06,False,78.16124081611633,7,7,group_A,79.80374193191528,10.954001426696776,79.80374193191528,0.2570885824710326,7,a4ec49ca,"trainable_a4ec49ca_111_alignn_layers=2,batch_size=4,gcn_layers=1,hidden_features=64,loss=smoothl1,lr=0.0003,weight_decay=0.0000_2026-07-09_03-11-46",0.1614000823289629,0.6015716937096393,0.5753413692771219,0.7871950251096184,a4ec49ca,111,7,0.1614000823289629,8,8,90.87786030769348,ASHA-stopped,True,177
7,0.1278949304232521,1,8,4,64,smoothl1,0.0012239702100503,5.50968083905165e-05,False,64.50855684280396,7,7,group_A,66.1173186302185,9.064409017562866,66.1173186302185,0.2020896830895843,7,b956cb26,"trainable_b956cb26_112_alignn_layers=1,batch_size=8,gcn_layers=4,hidden_features=64,loss=smoothl1,lr=0.0012,weight_decay=0.0001_2026-07-09_03-11-58",0.1278949304232521,0.5397599903491086,0.6701206342669139,0.6938090152299861,b956cb26,112,7,0.1278949304232521,8,8,75.15012526512146,ASHA-stopped,True,178
14,0.1002992211037842,3,8,1,256,smoothl1,0.0004443620182695,6.850716768693096e-05,False,132.82365894317627,14,14,group_B,134.37924790382385,9.52817702293396,134.37924790382385,0.1546723881124508,14,740ace4b,"trainable_740ace4b_67_alignn_layers=3,batch_size=8,gcn_layers=1,hidden_features=256,loss=smoothl1,lr=0.0004,weight_decay=0.0001_2026-07-09_03-11-44",0.1002992211037842,0.4648666632807991,0.7317344428804682,0.6256692652173442,740ace4b,67,14,0.1002992211037842,16,16,153.10856366157532,ASHA-stopped,True,179
6,0.2978563770336448,1,8,3,256,mse,0.001700324294407,8.696210646576572e-06,False,52.63013696670532,6,6,group_A,54.20342779159546,8.895941972732544,54.20342779159546,0.5673100331980905,6,d92e39c9,"trainable_d92e39c9_113_alignn_layers=1,batch_size=8,gcn_layers=3,hidden_features=256,loss=mse,lr=0.0017,weight_decay=0.0000_2026-07-09_03-12-01",0.2978563770336448,0.5812058938842556,0.6197949840251122,0.7448542229184921,d92e39c9,113,6,0.2978563770336448,8,8,71.61362648010254,ASHA-stopped,True,180
49,0.0558947320515043,2,8,1,128,smoothl1,0.0009890018658869,1.9036185510194336e-06,False,433.83542704582214,49,49,group_A,435.3661124706268,8.7445707321167,435.3661124706268,0.0558815383719595,49,a88bc9d2,"trainable_a88bc9d2_114_alignn_layers=2,batch_size=8,gcn_layers=1,hidden_features=128,loss=smoothl1,lr=0.0010,weight_decay=0.0000_2026-07-09_03-12-28",0.0558947320515043,0.3193843419026289,0.8475105465007197,0.4717178030798706,a88bc9d2,114,49,0.0558947320515043,50,50,444.1372203826904,full-budget,True,181
14,0.0927824649427618,3,8,1,256,smoothl1,0.0005830068352328,4.369839342282092e-05,False,133.31948137283325,14,14,group_B,134.83604526519775,9.629746913909912,134.83604526519775,0.1583104708119785,14,25acfd14,"trainable_25acfd14_68_alignn_layers=3,batch_size=8,gcn_layers=1,hidden_features=256,loss=smoothl1,lr=0.0006,weight_decay=0.0000_2026-07-09_03-12-02",0.0927824649427618,0.4559583831108379,0.7579723675105874,0.594285097036301,25acfd14,68,14,0.0927824649427618,16,16,153.74943780899048,ASHA-stopped,True,182
7,0.1480029364111562,1,8,3,64,smoothl1,0.0011008426345937,1.0087051413397846e-05,False,60.55362939834595,7,7,group_A,62.16036105155945,8.592694997787476,62.16036105155945,0.1987374095715842,7,41303144,"trainable_41303144_115_alignn_layers=1,batch_size=8,gcn_layers=3,hidden_features=64,loss=smoothl1,lr=0.0011,weight_decay=0.0000_2026-07-09_03-12-34",0.1480029364111562,0.5796080835722077,0.6067728676174269,0.7575025538354976,41303144,115,7,0.1480029364111562,8,8,70.61886668205261,ASHA-stopped,True,183
26,0.0680071293479866,4,8,2,192,smoothl1,0.0013903536363269,1.522325746497641e-05,False,274.83582401275635,26,26,group_A,276.3419830799103,10.50434637069702,276.3419830799103,0.1150600714602895,26,d6236f6e,"trainable_d6236f6e_116_alignn_layers=4,batch_size=8,gcn_layers=2,hidden_features=192,loss=smoothl1,lr=0.0014,weight_decay=0.0000_2026-07-09_03-12-43",0.0680071293479866,0.3832601855853824,0.8256218917429317,0.5044386377641503,d6236f6e,116,26,0.0680071293479866,32,32,339.71179842948914,ASHA-stopped,True,184
4,0.1467469253394969,3,4,3,128,smoothl1,0.0005365156620814,3.201662978213621e-05,False,56.137282609939575,4,4,group_A,57.75213408470154,14.021750211715698,57.75213408470154,0.281019277843678,4,04326c12,"trainable_04326c12_117_alignn_layers=3,batch_size=4,gcn_layers=3,hidden_features=128,loss=smoothl1,lr=0.0005,weight_decay=0.0000_2026-07-09_03-13-19",0.1467469253394969,0.5788938783669041,0.6099767288363003,0.7544103247867977,04326c12,117,4,0.1467469253394969,8,8,114.03727698326112,ASHA-stopped,True,185
7,0.2917288832721256,1,8,1,64,mse,0.0005144836109114,4.704717086226305e-05,False,56.290985107421875,7,7,group_A,57.86982274055481,7.979261636734009,57.86982274055481,0.6010653431906835,7,c22689af,"trainable_c22689af_118_alignn_layers=1,batch_size=8,gcn_layers=1,hidden_features=64,loss=mse,lr=0.0005,weight_decay=0.0000_2026-07-09_03-13-32",0.2917288832721256,0.56746299360176,0.6276165492668533,0.7371528505535709,c22689af,118,7,0.2917288832721256,8,8,65.68909931182861,ASHA-stopped,True,186
8,0.1612127087813205,2,8,4,64,smoothl1,0.0011774223760527,2.658521461394467e-05,True,76.9124870300293,8,8,group_A,78.5314588546753,9.55871057510376,78.5314588546753,0.2028010474901752,8,8b79a7cc,"trainable_8b79a7cc_119_alignn_layers=2,batch_size=8,gcn_layers=4,hidden_features=64,loss=smoothl1,lr=0.0012,weight_decay=0.0000_2026-07-09_03-13-43",0.1612127087813205,0.5989156569730113,0.5746790667556891,0.7878086451921836,8b79a7cc,119,8,0.1612127087813205,8,8,78.5314588546753,ASHA-stopped,True,187
4,0.1399103826079419,1,8,3,128,smoothl1,0.0006401174164322,2.229813063925539e-05,False,34.80990409851074,4,4,group_A,36.397987365722656,8.57078742980957,36.397987365722656,0.2264085999733527,4,0c743f28,"trainable_0c743f28_120_alignn_layers=1,batch_size=8,gcn_layers=3,hidden_features=128,loss=smoothl1,lr=0.0006,weight_decay=0.0000_2026-07-09_03-13-57",0.1399103826079419,0.5763812856136579,0.6332897117625622,0.7315161362196645,0c743f28,120,4,0.1399103826079419,8,8,70.87173795700073,ASHA-stopped,True,188
14,0.1055650283784541,3,8,1,256,smoothl1,0.0003307299334977,7.86256779770083e-05,False,132.0301525592804,14,14,group_B,133.60295820236206,9.509382963180542,133.60295820236206,0.1503513461129692,14,0cdd49c8,"trainable_0cdd49c8_69_alignn_layers=3,batch_size=8,gcn_layers=1,hidden_features=256,loss=smoothl1,lr=0.0003,weight_decay=0.0001_2026-07-09_03-12-36",0.1055650283784541,0.4828348264787189,0.7195900960231818,0.6396744989158856,0cdd49c8,69,14,0.1055650283784541,16,16,152.30625820159912,ASHA-stopped,True,189
14,0.1083040045051978,3,8,1,256,smoothl1,0.0008269665862184,4.907369734494739e-06,False,133.69681453704834,14,14,group_B,135.2439682483673,9.652410507202148,135.2439682483673,0.1637749405010033,14,447694b4,"trainable_447694b4_70_alignn_layers=3,batch_size=8,gcn_layers=1,hidden_features=256,loss=smoothl1,lr=0.0008,weight_decay=0.0000_2026-07-09_03-14-21",0.1083040045051978,0.4929905854320839,0.7180740700345247,0.6414013565176923,447694b4,70,14,0.1083040045051978,16,16,154.32110261917114,ASHA-stopped,True,190
14,0.097486574577276,3,8,1,256,smoothl1,0.0004720723670233,3.448412402229946e-06,False,131.118168592453,14,14,group_B,132.60485982894895,9.467190504074097,132.60485982894895,0.1535010715459741,14,36914e2b,"trainable_36914e2b_71_alignn_layers=3,batch_size=8,gcn_layers=1,hidden_features=256,loss=smoothl1,lr=0.0005,weight_decay=0.0000_2026-07-09_03-14-38",0.097486574577276,0.4489520539889781,0.7336387236160734,0.6234446564125928,36914e2b,71,14,0.097486574577276,16,16,151.18754053115845,ASHA-stopped,True,191
14,0.1124074847373382,2,8,3,256,smoothl1,0.0006766720010279,1.904544328578132e-05,False,132.63315749168396,14,14,group_A,134.2023389339447,9.643127918243408,134.2023389339447,0.1602527137215471,14,295e2598,"trainable_295e2598_121_alignn_layers=2,batch_size=8,gcn_layers=3,hidden_features=256,loss=smoothl1,lr=0.0007,weight_decay=0.0000_2026-07-09_03-14-01",0.1124074847373382,0.4905220869315398,0.6943076554895076,0.6678895441966699,295e2598,121,14,0.1124074847373382,16,16,153.10949325561523,ASHA-stopped,True,192
12,0.11477426636629,3,8,1,256,smoothl1,0.000712842445362,2.4720049354895325e-06,False,114.16897130012512,12,12,group_B,115.66967511177064,9.635929346084597,115.66967511177064,0.1707379174338429,12,46e31f03,"trainable_46e31f03_72_alignn_layers=3,batch_size=8,gcn_layers=1,hidden_features=256,loss=smoothl1,lr=0.0007,weight_decay=0.0000_2026-07-09_03-14-50",0.11477426636629,0.5054671025306813,0.6923449396611219,0.6700302258164695,46e31f03,72,12,0.11477426636629,16,16,153.65873670578003,ASHA-stopped,True,193
7,0.144369609220318,1,4,1,64,smoothl1,0.0007080907448323,2.913763313731746e-06,False,70.07218670845032,7,7,group_A,71.67141699790955,9.800007581710815,71.67141699790955,0.256378002601496,7,ca5d94dd,"trainable_ca5d94dd_122_alignn_layers=1,batch_size=4,gcn_layers=1,hidden_features=64,loss=smoothl1,lr=0.0007,weight_decay=0.0000_2026-07-09_03-14-52",0.144369609220318,0.5650122221486246,0.6236001595835587,0.7411175173882452,ca5d94dd,122,7,0.144369609220318,8,8,81.56694388389587,ASHA-stopped,True,194
8,0.2405534352338503,3,8,2,192,mse,0.0009128792790382,8.403266343721628e-05,True,79.66925501823425,8,8,group_A,81.26470136642456,10.05244755744934,81.26470136642456,0.5231184652167139,8,fda52fc4,"trainable_fda52fc4_123_alignn_layers=3,batch_size=8,gcn_layers=2,hidden_features=192,loss=mse,lr=0.0009,weight_decay=0.0001_2026-07-09_03-15-15",0.2405534352338503,0.4991529008268894,0.6929405276779708,0.6693813574121688,fda52fc4,123,8,0.2405534352338503,8,8,81.26470136642456,ASHA-stopped,True,195
7,0.1436205939562232,4,8,3,128,smoothl1,0.000796581886756,3.886657462611114e-05,False,75.2757420539856,7,7,group_A,76.89086318016052,10.800806760787964,76.89086318016052,0.1899600354678698,7,f2f532bf,"trainable_f2f532bf_124_alignn_layers=4,batch_size=8,gcn_layers=3,hidden_features=128,loss=smoothl1,lr=0.0008,weight_decay=0.0000_2026-07-09_03-15-19",0.1436205939562232,0.5820412631547514,0.6234479561140458,0.7412673437755822,f2f532bf,124,7,0.1436205939562232,8,8,88.33072972297668,ASHA-stopped,True,196
15,0.0987769720691537,1,8,1,64,smoothl1,0.0008411135959821,1.736211217579171e-05,False,120.81438779830933,15,15,group_A,122.38792371749878,7.988434791564941,122.38792371749878,0.1489819541053602,15,32af354e,"trainable_32af354e_125_alignn_layers=1,batch_size=8,gcn_layers=1,hidden_features=64,loss=smoothl1,lr=0.0008,weight_decay=0.0000_2026-07-09_03-15-29",0.0987769720691537,0.4452906320305653,0.7200661235537132,0.6391313083768133,32af354e,125,15,0.0987769720691537,16,16,130.55120754241943,ASHA-stopped,True,197
14,0.0990533650749259,2,8,3,64,smoothl1,0.0005907676612004,6.102463816842104e-05,False,130.1964235305786,14,14,group_A,131.7763741016388,9.388118028640749,131.7763741016388,0.1596653568579853,14,dba07131,"trainable_dba07131_126_alignn_layers=2,batch_size=8,gcn_layers=3,hidden_features=64,loss=smoothl1,lr=0.0006,weight_decay=0.0001_2026-07-09_03-16-40",0.0990533650749259,0.4649574215908043,0.7376318014829815,0.6187539151288637,dba07131,126,14,0.0990533650749259,16,16,150.22552061080933,ASHA-stopped,True,198
7,0.1837029601373369,1,4,4,128,smoothl1,0.0008849058446563,4.687908868424546e-06,False,84.50564432144165,7,7,group_A,86.13552069664001,12.244462966918944,86.13552069664001,0.2635460862542862,7,45d2993d,"trainable_45d2993d_127_alignn_layers=1,batch_size=4,gcn_layers=4,hidden_features=128,loss=smoothl1,lr=0.0009,weight_decay=0.0000_2026-07-09_03-16-43",0.1837029601373369,0.6393188857930183,0.4927695438672843,0.8603299154241921,45d2993d,127,7,0.1837029601373369,8,8,98.16110467910768,ASHA-stopped,True,199
30,0.0646040834851129,1,8,1,256,smoothl1,0.0004325976086104,2.1939624973063367e-05,False,245.401291847229,30,30,group_B,246.89253306388855,8.28255844116211,246.89253306388855,0.0912405786308667,30,5ddff008,"trainable_5ddff008_73_alignn_layers=1,batch_size=8,gcn_layers=1,hidden_features=256,loss=smoothl1,lr=0.0004,weight_decay=0.0000_2026-07-09_03-15-13",0.0646040834851129,0.3458250855502676,0.8266171540709626,0.5029970371241681,5ddff008,73,30,0.0646040834851129,32,32,263.1416823863983,ASHA-stopped,True,200
8,0.3255564058741564,2,8,3,256,mse,0.0004853605303631,4.1548335176356135e-06,True,75.65806317329407,8,8,group_A,77.2151472568512,9.445109128952026,77.2151472568512,0.5332164978259013,8,c0723704,"trainable_c0723704_128_alignn_layers=2,batch_size=8,gcn_layers=3,hidden_features=256,loss=mse,lr=0.0005,weight_decay=0.0000_2026-07-09_03-16-46",0.3255564058741564,0.6026364307406585,0.5844366996871848,0.7787193324360554,c0723704,128,8,0.3255564058741564,8,8,77.2151472568512,ASHA-stopped,True,201
4,0.1333036559520575,3,8,1,128,smoothl1,0.0004998876042418,2.1235702074399154e-06,False,37.65500044822693,4,4,group_B,39.213534116744995,9.105269432067873,39.213534116744995,0.2284082673499857,4,4ac11e41,"trainable_4ac11e41_74_alignn_layers=3,batch_size=8,gcn_layers=1,hidden_features=128,loss=smoothl1,lr=0.0005,weight_decay=0.0000_2026-07-09_03-16-56",0.1333036559520575,0.5419339013349785,0.651123246658821,0.7135072318403394,4ac11e41,74,4,0.1333036559520575,8,8,76.49275541305542,ASHA-stopped,True,202
5,0.1692734855823416,4,8,4,192,smoothl1,0.0006527529808836,6.346215118399888e-06,False,56.649009466171265,5,5,group_B,58.23457050323486,11.164356708526611,58.23457050323486,0.2145913959412766,5,b7a391bc,"trainable_b7a391bc_75_alignn_layers=4,batch_size=8,gcn_layers=4,hidden_features=192,loss=smoothl1,lr=0.0007,weight_decay=0.0000_2026-07-09_03-17-15",0.1692734855823416,0.6226101584270224,0.543385945678521,0.8162759491873418,b7a391bc,75,5,0.1692734855823416,8,8,92.04966402053832,ASHA-stopped,True,203
15,0.1061345939992596,1,8,1,64,smoothl1,0.0006081514117616,4.946396639358978e-05,False,119.4876446723938,15,15,group_A,121.02411842346191,7.893911361694336,121.02411842346191,0.1496743944481535,15,9ec27c41,"trainable_9ec27c41_129_alignn_layers=1,batch_size=8,gcn_layers=1,hidden_features=64,loss=smoothl1,lr=0.0006,weight_decay=0.0000_2026-07-09_03-17-00",0.1061345939992596,0.4681361698649486,0.7007556375475079,0.6608080910708278,9ec27c41,129,15,0.1061345939992596,16,16,129.07235598564148,ASHA-stopped,True,204
31,0.0706510118568542,3,8,2,128,smoothl1,0.0005338332059081,1.2102825331398871e-05,False,303.1929349899292,31,31,group_B,304.68405055999756,9.740384578704834,304.68405055999756,0.0851022953767184,31,0166e523,"trainable_0166e523_76_alignn_layers=3,batch_size=8,gcn_layers=2,hidden_features=128,loss=smoothl1,lr=0.0005,weight_decay=0.0000_2026-07-09_03-17-24",0.0706510118568542,0.3702707525305752,0.808960884650766,0.5279873439150847,0166e523,76,31,0.0706510118568542,32,32,314.5409724712372,ASHA-stopped,True,205
14,0.118613247104265,3,8,2,192,smoothl1,0.0003731187745289,4.2521201620759505e-05,False,138.41453742980957,14,14,group_A,139.98661994934082,9.929364919662476,139.98661994934082,0.1510235902051968,14,a9e52a25,"trainable_a9e52a25_130_alignn_layers=3,batch_size=8,gcn_layers=2,hidden_features=192,loss=smoothl1,lr=0.0004,weight_decay=0.0000_2026-07-09_03-17-28",0.118613247104265,0.5204940078284986,0.6903121850920084,0.6722401108455386,a9e52a25,130,14,0.118613247104265,16,16,159.8596544265747,ASHA-stopped,True,206
5,0.1548074807912584,4,8,3,128,smoothl1,0.0012548114509271,3.531956671018321e-05,False,54.432531118392944,5,5,group_A,56.08664894104004,10.669403553009031,56.08664894104004,0.2155410733326553,5,edb44d28,"trainable_edb44d28_131_alignn_layers=4,batch_size=8,gcn_layers=3,hidden_features=128,loss=smoothl1,lr=0.0013,weight_decay=0.0000_2026-07-09_03-18-20",0.1548074807912584,0.596845845512557,0.5889949237524328,0.7744367543224988,edb44d28,131,5,0.1548074807912584,8,8,88.64991664886475,ASHA-stopped,True,207
8,0.2534276374748775,1,8,3,256,mse,0.0005966721940026,1.6268262681579607e-05,True,69.77695894241333,8,8,group_B,71.33411693572998,8.649286031723022,71.33411693572998,0.5327895640777552,8,8e1b05df,"trainable_8e1b05df_77_alignn_layers=1,batch_size=8,gcn_layers=3,hidden_features=256,loss=mse,lr=0.0006,weight_decay=0.0000_2026-07-09_03-17-50",0.2534276374748775,0.5212980540715894,0.6765069775814061,0.6870602483755293,8e1b05df,77,8,0.2534276374748775,8,8,71.33411693572998,ASHA-stopped,True,208
15,0.121112359579278,1,4,1,64,smoothl1,0.0009454173627288,7.612977540463394e-05,False,146.78233551979065,15,15,group_A,148.36989545822144,9.777053356170654,148.36989545822144,0.2005962780379421,15,229d37a1,"trainable_229d37a1_132_alignn_layers=1,batch_size=4,gcn_layers=1,hidden_features=64,loss=smoothl1,lr=0.0009,weight_decay=0.0001_2026-07-09_03-18-27",0.121112359579278,0.5246966474778797,0.6772936659788441,0.6862243241138576,229d37a1,132,15,0.121112359579278,16,16,157.98408722877502,ASHA-stopped,True,209
15,0.106200719301505,3,8,1,128,smoothl1,0.0003003704575015,5.0674525426229594e-05,False,141.5273106098175,15,15,group_B,143.0499222278595,9.37075400352478,143.0499222278595,0.1509493732232651,15,46ef33ae,"trainable_46ef33ae_78_alignn_layers=3,batch_size=8,gcn_layers=1,hidden_features=128,loss=smoothl1,lr=0.0003,weight_decay=0.0001_2026-07-09_03-18-35",0.106200719301505,0.4793588296939097,0.7171317512804921,0.6424723830882808,46ef33ae,78,15,0.106200719301505,16,16,152.53844094276428,ASHA-stopped,True,210
8,0.2543466024928623,2,8,3,64,mse,0.0010789203384413,1.189716814672804e-05,True,75.7939727306366,8,8,group_A,77.39747595787048,9.230673551559448,77.39747595787048,0.4976657951070416,8,806e8f13,"trainable_806e8f13_133_alignn_layers=2,batch_size=8,gcn_layers=3,hidden_features=64,loss=mse,lr=0.0011,weight_decay=0.0000_2026-07-09_03-18-54",0.2543466024928623,0.5392606619092126,0.6753339531202205,0.6883048025639019,806e8f13,133,8,0.2543466024928623,8,8,77.39747595787048,ASHA-stopped,True,211
5,0.1259977427266893,1,8,4,128,smoothl1,0.0007650846292807,1.3448464537959773e-05,False,45.65354251861572,5,5,group_A,47.274834871292114,8.903632164001465,47.274834871292114,0.2048648440716218,5,fc301f2f,"trainable_fc301f2f_134_alignn_layers=1,batch_size=8,gcn_layers=4,hidden_features=128,loss=smoothl1,lr=0.0008,weight_decay=0.0000_2026-07-09_03-19-02",0.1259977427266893,0.5275941070704572,0.6614546866975166,0.7028631365565717,fc301f2f,134,5,0.1259977427266893,8,8,74.9674940109253,ASHA-stopped,True,212
12,0.087446926427739,2,8,3,256,smoothl1,0.0010172192062056,7.700459000201792e-06,False,115.54401421546936,12,12,group_A,117.13446879386902,9.689353942871094,117.13446879386902,0.1835908808250659,12,9059c1b1,"trainable_9059c1b1_135_alignn_layers=2,batch_size=8,gcn_layers=3,hidden_features=256,loss=smoothl1,lr=0.0010,weight_decay=0.0000_2026-07-09_03-19-08",0.087446926427739,0.4291662477347103,0.7648749152133643,0.5857493911384318,9059c1b1,135,12,0.087446926427739,16,16,155.66557574272156,ASHA-stopped,True,213
15,0.1051766823523889,1,8,1,64,smoothl1,0.0006300050290787,5.578196771392237e-06,False,119.62464952468872,15,15,group_A,121.22399926185608,8.086487293243408,121.22399926185608,0.1493472216590758,15,916bb2cb,"trainable_916bb2cb_136_alignn_layers=1,batch_size=8,gcn_layers=1,hidden_features=64,loss=smoothl1,lr=0.0006,weight_decay=0.0000_2026-07-09_03-19-16",0.1051766823523889,0.4650985758894917,0.7037064945150302,0.6575418956434803,916bb2cb,136,15,0.1051766823523889,16,16,129.11825513839722,ASHA-stopped,True,214
46,0.0587542743062373,2,8,2,64,smoothl1,0.0010583933301865,1.1288010604483895e-06,False,411.0389151573181,46,46,group_B,412.45627212524414,8.978357553482056,412.45627212524414,0.0617149434861107,46,1d3783ce,"trainable_1d3783ce_79_alignn_layers=2,batch_size=8,gcn_layers=2,hidden_features=64,loss=smoothl1,lr=0.0011,weight_decay=0.0000_2026-07-09_03-18-59",0.0587542743062373,0.3269237004268535,0.8345743561337107,0.4913192498487316,1d3783ce,79,46,0.0587542743062373,50,50,448.02135491371155,full-budget,True,215
5,0.3065786412153294,4,8,3,128,mse,0.0005453855417929,3.4829769106529923e-06,False,54.83558964729309,5,5,group_A,56.432326793670654,10.765717029571531,56.432326793670654,0.5596975039855048,5,49fa37bd,"trainable_49fa37bd_138_alignn_layers=4,batch_size=8,gcn_layers=3,hidden_features=128,loss=mse,lr=0.0005,weight_decay=0.0000_2026-07-09_03-19-59",0.3065786412153294,0.5838321801538101,0.6086612683940846,0.7556814817128461,49fa37bd,138,5,0.3065786412153294,8,8,89.04143357276917,ASHA-stopped,True,216
6,0.1558160859125631,3,4,2,192,smoothl1,0.0004045764840024,2.502859380690213e-05,False,78.85651755332947,6,6,group_A,80.46132349967957,13.1128511428833,80.46132349967957,0.2427281097749921,6,af10ff27,"trainable_af10ff27_137_alignn_layers=3,batch_size=4,gcn_layers=2,hidden_features=192,loss=smoothl1,lr=0.0004,weight_decay=0.0000_2026-07-09_03-19-40",0.1558160859125631,0.6001920571659126,0.5849219060517413,0.7782645883205286,af10ff27,137,6,0.1558160859125631,8,8,106.79063177108765,ASHA-stopped,True,217
15,0.1090499450841908,1,8,1,64,smoothl1,0.0004523631619795,1.0341147614497902e-05,False,119.61798286437988,15,15,group_A,121.24157547950745,7.93417763710022,121.24157547950745,0.1530600962197804,15,37a98cd9,"trainable_37a98cd9_139_alignn_layers=1,batch_size=8,gcn_layers=1,hidden_features=64,loss=smoothl1,lr=0.0005,weight_decay=0.0000_2026-07-09_03-20-02",0.1090499450841908,0.4830144169299672,0.6966194150894534,0.6653593365230321,37a98cd9,139,15,0.1090499450841908,16,16,129.29078364372253,ASHA-stopped,True,218
14,0.0962736676176073,2,8,3,64,smoothl1,0.0008203596048452,2.4018489996509376e-06,False,129.7309091091156,14,14,group_A,131.28765869140625,9.358411073684692,131.28765869140625,0.1609575864297924,14,ffc6eeef,"trainable_ffc6eeef_140_alignn_layers=2,batch_size=8,gcn_layers=3,hidden_features=64,loss=smoothl1,lr=0.0008,weight_decay=0.0000_2026-07-09_03-20-23",0.0962736676176073,0.4547114930291968,0.7455455516719345,0.6093508019391988,ffc6eeef,140,14,0.0962736676176073,16,16,149.69628262519836,ASHA-stopped,True,219
5,0.1199310687641618,1,8,4,128,smoothl1,0.0005708748568785,2.91109523622306e-05,False,45.142454624176025,5,5,group_A,46.792842864990234,8.756309270858765,46.792842864990234,0.2058731505771151,5,142d36e3,"trainable_142d36e3_141_alignn_layers=1,batch_size=8,gcn_layers=4,hidden_features=128,loss=smoothl1,lr=0.0006,weight_decay=0.0000_2026-07-09_03-20-26",0.1199310687641618,0.508481109755564,0.6809152729237453,0.6823628460109712,142d36e3,141,5,0.1199310687641618,8,8,73.81327748298645,ASHA-stopped,True,220
5,0.1728510518395711,3,4,3,128,smoothl1,0.0013846557924275,5.221546015203922e-06,False,69.48903441429138,5,5,group_B,71.0391595363617,13.93812084197998,71.0391595363617,0.2678262574991813,5,87d577cd,"trainable_87d577cd_80_alignn_layers=3,batch_size=4,gcn_layers=3,hidden_features=128,loss=smoothl1,lr=0.0014,weight_decay=0.0000_2026-07-09_03-19-49",0.1728510518395711,0.6428953998099937,0.5441824682687164,0.8155636780460473,87d577cd,80,5,0.1728510518395711,8,8,112.95793652534483,ASHA-stopped,True,221
7,0.3159240052182838,1,8,1,64,mse,0.0011369657928473,1.9625708469481675e-05,False,56.27036166191101,7,7,group_A,57.90670680999756,7.940048694610596,57.90670680999756,0.543609893973365,7,a470874b,"trainable_a470874b_143_alignn_layers=1,batch_size=8,gcn_layers=1,hidden_features=64,loss=mse,lr=0.0011,weight_decay=0.0000_2026-07-09_03-21-34",0.3159240052182838,0.5886010602563047,0.596732183554013,0.7671126510685836,a470874b,143,7,0.3159240052182838,8,8,65.71512460708618,ASHA-stopped,True,222
15,0.1135346101468833,3,8,4,256,smoothl1,0.0003485590850746,3.227469725504588e-05,False,157.8092381954193,15,15,group_B,159.31122136116028,10.58969497680664,159.31122136116028,0.1620883443702436,15,d20a91e1,"trainable_d20a91e1_81_alignn_layers=3,batch_size=8,gcn_layers=4,hidden_features=256,loss=smoothl1,lr=0.0003,weight_decay=0.0000_2026-07-09_03-21-22",0.1135346101468833,0.51736471215681,0.7055700257980035,0.6554708366172679,d20a91e1,81,15,0.1135346101468833,16,16,169.7416479587555,ASHA-stopped,True,223
16,0.117608017293076,2,4,3,256,smoothl1,0.0007021745162855,7.148113222685977e-06,True,201.81581020355225,16,16,group_A,203.3936185836792,12.658041954040527,203.3936185836792,0.2241228764399719,16,427fe7b8,"trainable_427fe7b8_142_alignn_layers=2,batch_size=4,gcn_layers=3,hidden_features=256,loss=smoothl1,lr=0.0007,weight_decay=0.0000_2026-07-09_03-21-03",0.117608017293076,0.4999862518604333,0.6852765234652936,0.6776835335712483,427fe7b8,142,16,0.117608017293076,16,16,203.3936185836792,ASHA-stopped,True,224
15,0.1128406383530803,3,8,2,192,smoothl1,0.0018734384564073,1.4646713083160687e-05,False,146.80420517921448,15,15,group_A,148.37571048736572,9.74205446243286,148.37571048736572,0.1687485186617338,15,5ec9c37c,"trainable_5ec9c37c_144_alignn_layers=3,batch_size=8,gcn_layers=2,hidden_features=192,loss=smoothl1,lr=0.0019,weight_decay=0.0000_2026-07-09_03-21-37",0.1128406383530803,0.512839831740193,0.7048478325052674,0.6562742309010309,5ec9c37c,144,15,0.1128406383530803,16,16,158.2581000328064,ASHA-stopped,True,225
6,0.1592837767232032,4,8,3,128,smoothl1,0.001351899395387,8.754279068861869e-06,False,64.68783664703369,6,6,group_A,66.32359004020691,10.740725755691528,66.32359004020691,0.2135503686832079,6,751b9b39,"trainable_751b9b39_145_alignn_layers=4,batch_size=8,gcn_layers=3,hidden_features=128,loss=smoothl1,lr=0.0014,weight_decay=0.0000_2026-07-09_03-21-49",0.1592837767232032,0.5949775797403609,0.5606671838679104,0.8006803777393131,751b9b39,145,6,0.1592837767232032,8,8,88.07422351837158,ASHA-stopped,True,226
50,0.0561936210801519,1,8,3,64,smoothl1,0.0006566152061114,4.843583916499229e-06,True,432.6337707042694,50,50,group_A,434.17891478538513,8.62140417098999,434.17891478538513,0.0693903683615484,50,944d8f98,"trainable_944d8f98_146_alignn_layers=1,batch_size=8,gcn_layers=3,hidden_features=64,loss=smoothl1,lr=0.0007,weight_decay=0.0000_2026-07-09_03-21-52",0.0561936210801519,0.3293552579010457,0.8499677894739699,0.4679016937491139,944d8f98,146,50,0.0561936210801519,50,50,434.17891478538513,full-budget,True,227
7,0.1416834859305588,1,8,3,64,smoothl1,0.0007376473650009,6.216004373584359e-06,False,61.99765944480896,7,7,group_A,63.60176753997803,8.803788900375366,63.60176753997803,0.2026533329463303,7,2c33e2c9,"trainable_2c33e2c9_147_alignn_layers=1,batch_size=8,gcn_layers=3,hidden_features=64,loss=smoothl1,lr=0.0007,weight_decay=0.0000_2026-07-09_03-21-55",0.1416834859305588,0.5686932785598584,0.6306284830531446,0.7341656564116046,2c33e2c9,147,7,0.1416834859305588,8,8,72.26858901977539,ASHA-stopped,True,228
7,0.1428550391916244,1,8,3,64,smoothl1,0.0008592069915867,2.639384108602472e-06,False,60.33546161651611,7,7,group_A,61.841402530670166,8.579779148101807,61.841402530670166,0.2004042230031457,7,aa5e1b4b,"trainable_aa5e1b4b_148_alignn_layers=1,batch_size=8,gcn_layers=3,hidden_features=64,loss=smoothl1,lr=0.0009,weight_decay=0.0000_2026-07-09_03-22-20",0.1428550391916244,0.5684871566723108,0.6255094221432695,0.7392354936743628,aa5e1b4b,148,7,0.1428550391916244,8,8,70.28962874412537,ASHA-stopped,True,229
47,0.0577778012821914,1,8,3,64,smoothl1,0.0006727388310944,6.588304591447295e-06,False,408.0482966899872,47,47,group_A,409.5610816478729,8.74093222618103,409.5610816478729,0.0665716377618508,47,5be4fe28,"trainable_5be4fe28_149_alignn_layers=1,batch_size=8,gcn_layers=3,hidden_features=64,loss=smoothl1,lr=0.0007,weight_decay=0.0000_2026-07-09_03-22-36",0.0577778012821914,0.338552177577083,0.8448221692960122,0.4758578098917004,5be4fe28,149,47,0.0577778012821914,50,50,435.7597172260285,full-budget,True,230
47,0.0570804187141004,1,8,3,64,smoothl1,0.0006216454095156,4.069229641401696e-06,False,404.2758719921112,47,47,group_A,405.77069664001465,8.529363632202148,405.77069664001465,0.0675499311919919,47,42b0fb2a,"trainable_42b0fb2a_150_alignn_layers=1,batch_size=8,gcn_layers=3,hidden_features=64,loss=smoothl1,lr=0.0006,weight_decay=0.0000_2026-07-09_03-22-46",0.0570804187141004,0.3359850044321654,0.8470697113534928,0.472399160733093,42b0fb2a,150,47,0.0570804187141004,50,50,431.4763703346253,full-budget,True,231
7,0.2481285071089154,4,8,2,192,mse,0.0003818719533603,3.793464452470674e-05,False,73.17680168151855,7,7,group_B,74.68458843231201,10.432202100753784,74.68458843231201,0.5372499846721496,7,d8bec001,"trainable_d8bec001_82_alignn_layers=4,batch_size=8,gcn_layers=2,hidden_features=192,loss=mse,lr=0.0004,weight_decay=0.0000_2026-07-09_03-21-35",0.2481285071089154,0.5287492594524292,0.6832711663305923,0.6798391394641989,d8bec001,82,7,0.2481285071089154,8,8,85.2869131565094,ASHA-stopped,True,232
41,0.0610819141129179,1,8,3,128,smoothl1,0.0009289510094649,8.18544377095422e-06,False,357.9898989200592,41,41,group_B,359.5104148387909,8.67105770111084,359.5104148387909,0.0535807769434125,41,d1a2b258,"trainable_d1a2b258_83_alignn_layers=1,batch_size=8,gcn_layers=3,hidden_features=128,loss=smoothl1,lr=0.0009,weight_decay=0.0000_2026-07-09_03-23-08",0.0610819141129179,0.3366850965994227,0.8347186696224589,0.4911048953391294,d1a2b258,83,41,0.0610819141129179,50,50,438.06535267829895,full-budget,True,233
7,0.1419113108089991,1,8,3,64,smoothl1,0.0007892239534158,3.077373537316662e-06,False,60.79048013687134,7,7,group_A,62.425902366638184,8.634046077728271,62.425902366638184,0.2015553446213142,7,0923a9c6,"trainable_0923a9c6_151_alignn_layers=1,batch_size=8,gcn_layers=3,hidden_features=64,loss=smoothl1,lr=0.0008,weight_decay=0.0000_2026-07-09_03-22-59",0.1419113108089991,0.5673747894173579,0.6292787173682485,0.735505835507074,0923a9c6,151,7,0.1419113108089991,8,8,70.91983723640442,ASHA-stopped,True,234
7,0.1417084073342343,1,8,3,64,smoothl1,0.000757168443887,5.35493210392629e-06,False,60.66925382614136,7,7,group_A,62.2729926109314,8.575834035873413,62.2729926109314,0.2022105001889223,7,3a57ef73,"trainable_3a57ef73_152_alignn_layers=1,batch_size=8,gcn_layers=3,hidden_features=64,loss=smoothl1,lr=0.0008,weight_decay=0.0000_2026-07-09_03-23-23",0.1417084073342343,0.5680199890500869,0.6302893754440946,0.7345025855391399,3a57ef73,152,7,0.1417084073342343,8,8,70.6827666759491,ASHA-stopped,True,235
7,0.1453211508573047,1,8,3,64,smoothl1,0.0009725530968753,1.6724174082468256e-05,False,60.4111647605896,7,7,group_A,62.03600096702576,8.558204174041748,62.03600096702576,0.1992073378490726,7,a7313385,"trainable_a7313385_153_alignn_layers=1,batch_size=8,gcn_layers=3,hidden_features=64,loss=smoothl1,lr=0.0010,weight_decay=0.0000_2026-07-09_03-23-35",0.1453211508573047,0.572648067157632,0.61646118940615,0.7481126903507113,a7313385,153,7,0.1453211508573047,8,8,70.45845818519592,ASHA-stopped,True,236
4,0.1393728994582065,3,8,1,128,smoothl1,0.0007988420651639,4.160190236508848e-06,False,37.51271605491638,4,4,group_B,39.03168535232544,9.106313467025757,39.03168535232544,0.2190551941281207,4,2e5806b9,"trainable_2e5806b9_84_alignn_layers=3,batch_size=8,gcn_layers=1,hidden_features=128,loss=smoothl1,lr=0.0008,weight_decay=0.0000_2026-07-09_03-23-18",0.1393728994582065,0.5524250955738803,0.6245488796699366,0.7401829305341401,2e5806b9,84,4,0.1393728994582065,8,8,76.35757517814636,ASHA-stopped,True,237
27,0.0736615253444859,1,8,3,64,smoothl1,0.0005181432261394,8.128007224637107e-06,False,232.3747968673706,27,27,group_A,233.88367080688477,8.57153844833374,233.88367080688477,0.0978619901216917,27,a13f7f0b,"trainable_a13f7f0b_154_alignn_layers=1,batch_size=8,gcn_layers=3,hidden_features=64,loss=smoothl1,lr=0.0005,weight_decay=0.0000_2026-07-09_03-23-50",0.0736615253444859,0.3853906345446417,0.8057919013257745,0.5323484960750025,a13f7f0b,154,27,0.0736615253444859,32,32,277.0310814380646,ASHA-stopped,True,238
47,0.0563804109595597,1,8,3,64,smoothl1,0.000649627850859,1.0807758506195971e-05,False,413.787624835968,47,47,group_A,415.2736291885376,8.74294400215149,415.2736291885376,0.0667027703120353,47,d28e5325,"trainable_d28e5325_155_alignn_layers=1,batch_size=8,gcn_layers=3,hidden_features=64,loss=smoothl1,lr=0.0006,weight_decay=0.0000_2026-07-09_03-24-30",0.0563804109595597,0.3410282595643036,0.8501934640320338,0.46754965852538,d28e5325,155,47,0.0563804109595597,50,50,441.718309879303,full-budget,True,239
24,0.0757157879649962,3,4,2,64,smoothl1,0.0006155776012094,1.7614390276016708e-06,False,309.72504353523254,24,24,group_B,311.18366956710815,12.89806866645813,311.18366956710815,0.1645022804178714,24,42e66fa6,"trainable_42e66fa6_85_alignn_layers=3,batch_size=4,gcn_layers=2,hidden_features=64,loss=smoothl1,lr=0.0006,weight_decay=0.0000_2026-07-09_03-24-28",0.0757157879649962,0.3953190373534609,0.7997476758315354,0.5405690115795599,42e66fa6,85,24,0.0757157879649962,32,32,414.16186785697937,ASHA-stopped,True,240
7,0.1417230811541673,1,8,3,64,smoothl1,0.0007238644061477,9.605666777814105e-06,False,60.33421063423157,7,7,group_A,61.92742729187012,8.562036752700806,61.92742729187012,0.2029862855318897,7,c9a651c4,"trainable_c9a651c4_156_alignn_layers=1,batch_size=8,gcn_layers=3,hidden_features=64,loss=smoothl1,lr=0.0007,weight_decay=0.0000_2026-07-09_03-24-37",0.1417230811541673,0.5691862307093043,0.6306900607697723,0.7341044576902747,c9a651c4,156,7,0.1417230811541673,8,8,70.37626075744629,ASHA-stopped,True,241
27,0.0751557559878737,1,8,3,64,smoothl1,0.0004847940491288,3.691095393920768e-06,False,234.1099874973297,27,27,group_A,235.65801119804385,8.597057819366455,235.65801119804385,0.0982897336704508,27,73bf078f,"trainable_73bf078f_157_alignn_layers=1,batch_size=8,gcn_layers=3,hidden_features=64,loss=smoothl1,lr=0.0005,weight_decay=0.0000_2026-07-09_03-24-49",0.0751557559878737,0.3895265117428566,0.8042080185115444,0.5345148976324879,73bf078f,157,27,0.0751557559878737,32,32,278.8925220966339,ASHA-stopped,True,242
15,0.1075403596121798,1,8,1,64,smoothl1,0.0005755946675707,2.170372260698349e-06,False,119.27167677879332,15,15,group_A,120.85996794700624,7.85265588760376,120.85996794700624,0.1501129310286265,15,44d90142,"trainable_44d90142_158_alignn_layers=1,batch_size=8,gcn_layers=1,hidden_features=64,loss=smoothl1,lr=0.0006,weight_decay=0.0000_2026-07-09_03-25-01",0.1075403596121798,0.4730790387115774,0.6977796204302915,0.6640858652695011,44d90142,158,15,0.1075403596121798,16,16,128.85691785812378,ASHA-stopped,True,243
6,0.3371788818566572,2,8,3,256,mse,0.0004030464955572,2.9722649716075356e-06,False,56.70691657066345,6,6,group_B,58.2554771900177,9.623459339141846,58.2554771900177,0.5721246830486325,6,faf4363f,"trainable_faf4363f_86_alignn_layers=2,batch_size=8,gcn_layers=3,hidden_features=256,loss=mse,lr=0.0004,weight_decay=0.0000_2026-07-09_03-24-36",0.3371788818566572,0.6104476635805797,0.5696009518783145,0.792497707050209,faf4363f,86,6,0.3371788818566572,8,8,77.23280334472656,ASHA-stopped,True,244
14,0.0927351469361277,2,8,3,64,smoothl1,0.0008972573163458,2.2427782555836484e-05,False,130.83940887451172,14,14,group_A,132.4025480747223,9.401165962219238,132.4025480747223,0.1659250882521046,14,7fa923fb,"trainable_7fa923fb_159_alignn_layers=2,batch_size=8,gcn_layers=3,hidden_features=64,loss=smoothl1,lr=0.0009,weight_decay=0.0000_2026-07-09_03-25-04",0.0927351469361277,0.4450144414922063,0.7563525093986101,0.596270515310803,7fa923fb,159,14,0.0927351469361277,16,16,150.80093598365784,ASHA-stopped,True,245
7,0.1734688408554546,3,8,4,128,smoothl1,0.00055842473845,8.785367710423428e-05,False,73.09498429298401,7,7,group_B,74.66507124900818,10.40347146987915,74.66507124900818,0.1908108689052796,7,3e26c559,"trainable_3e26c559_87_alignn_layers=3,batch_size=8,gcn_layers=4,hidden_features=128,loss=smoothl1,lr=0.0006,weight_decay=0.0001_2026-07-09_03-25-47",0.1734688408554546,0.6297253965174862,0.5321790730792667,0.8262323321613447,3e26c559,87,7,0.1734688408554546,8,8,85.2857940196991,ASHA-stopped,True,246
5,0.1296949001058699,1,8,4,128,smoothl1,0.0008145962864006,1.2821142112264835e-05,False,44.910353660583496,5,5,group_A,46.492840051651,8.754996299743652,46.492840051651,0.2051115297541326,5,270b8b03,"trainable_270b8b03_160_alignn_layers=1,batch_size=8,gcn_layers=4,hidden_features=128,loss=smoothl1,lr=0.0008,weight_decay=0.0000_2026-07-09_03-26-03",0.1296949001058699,0.5378465784321074,0.6509663300145594,0.7136676732753935,270b8b03,160,5,0.1296949001058699,8,8,73.67558526992798,ASHA-stopped,True,247
7,0.1523774013751083,4,8,2,192,smoothl1,0.0006603605158465,1.36536353853673e-05,False,74.42501401901245,7,7,group_B,75.92019820213318,10.520048141479492,75.92019820213318,0.2095368942901874,7,d5fc0474,"trainable_d5fc0474_88_alignn_layers=4,batch_size=8,gcn_layers=2,hidden_features=192,loss=smoothl1,lr=0.0007,weight_decay=0.0000_2026-07-09_03-27-07",0.1523774013751083,0.583896320779999,0.5723663722461534,0.7899476072750644,d5fc0474,88,7,0.1523774013751083,8,8,86.56058263778687,ASHA-stopped,True,248
12,0.1058946913157505,2,8,3,256,smoothl1,0.0006893027852663,1.4602348491955023e-06,False,113.9391541481018,12,12,group_A,115.47625398635864,9.385897636413574,115.47625398635864,0.1739616797325876,12,38e1df3a,"trainable_38e1df3a_161_alignn_layers=2,batch_size=8,gcn_layers=3,hidden_features=256,loss=smoothl1,lr=0.0007,weight_decay=0.0000_2026-07-09_03-27-16",0.1058946913157505,0.4799294141818113,0.7231445886364312,0.6356072927841727,38e1df3a,161,12,0.1058946913157505,16,16,153.1487798690796,ASHA-stopped,True,249
15,0.1063174173708946,1,8,1,64,smoothl1,0.0006042324407897,6.255033953166096e-06,False,120.73266768455504,15,15,group_A,122.34158396720886,7.950844764709473,122.34158396720886,0.1497291458416252,15,ce22f089,"trainable_ce22f089_162_alignn_layers=1,batch_size=8,gcn_layers=1,hidden_features=64,loss=smoothl1,lr=0.0006,weight_decay=0.0000_2026-07-09_03-28-33",0.1063174173708946,0.4688934811749592,0.700376152298094,0.6612269585632075,ce22f089,162,15,0.1063174173708946,16,16,130.43549299240112,ASHA-stopped,True,250
13,0.125339125061319,3,4,1,128,smoothl1,0.001567280058449,9.585189250180968e-06,False,167.49766373634338,13,13,group_B,168.9982659816742,12.982341289520264,168.9982659816742,0.2322079081142258,13,4baaadc6,"trainable_4baaadc6_89_alignn_layers=3,batch_size=4,gcn_layers=1,hidden_features=128,loss=smoothl1,lr=0.0016,weight_decay=0.0000_2026-07-09_03-27-20",0.125339125061319,0.5332824448233127,0.6713346041615116,0.6925312154268014,4baaadc6,89,13,0.125339125061319,16,16,207.47586369514465,ASHA-stopped,True,251
6,0.2713794824938295,1,8,3,128,mse,0.0012149588373291,7.150138878105659e-06,False,52.47498869895935,6,6,group_B,54.0692675113678,8.856576204299927,54.0692675113678,0.5381850994402363,6,f44b3c16,"trainable_f44b3c16_90_alignn_layers=1,batch_size=8,gcn_layers=3,hidden_features=128,loss=mse,lr=0.0012,weight_decay=0.0000_2026-07-09_03-28-35",0.2713794824938295,0.5323867457006427,0.6535919676086278,0.7109782908878788,f44b3c16,90,6,0.2713794824938295,8,8,71.59647846221924,ASHA-stopped,True,252
15,0.1133349050605107,1,4,3,192,smoothl1,0.0003426304049889,1.7787538314632982e-06,False,169.0094437599182,15,15,group_A,170.6135048866272,11.242257833480837,170.6135048866272,0.2048700315420411,15,91425a22,"trainable_91425a22_163_alignn_layers=1,batch_size=4,gcn_layers=3,hidden_features=192,loss=smoothl1,lr=0.0003,weight_decay=0.0000_2026-07-09_03-28-37",0.1133349050605107,0.495962398407317,0.7003514016027947,0.6612542686206947,91425a22,163,15,0.1133349050605107,16,16,182.00985097885132,ASHA-stopped,True,253
47,0.051437143916412,3,8,3,64,smoothl1,0.0008624061985369,4.984826029779249e-06,False,465.8329908847809,47,47,group_A,467.30511689186096,9.88425064086914,467.30511689186096,0.0550212255038978,47,1da1807c,"trainable_1da1807c_164_alignn_layers=3,batch_size=8,gcn_layers=3,hidden_features=64,loss=smoothl1,lr=0.0009,weight_decay=0.0000_2026-07-09_03-29-10",0.051437143916412,0.3248804320709462,0.8659392847035461,0.4422961198185569,1da1807c,164,47,0.051437143916412,50,50,497.0730366706848,full-budget,True,254
7,0.3197093352911964,4,8,2,128,mse,0.000661915962248,2.1333289811339332e-06,False,73.98413157463074,7,7,group_A,75.61851644515991,10.59163761138916,75.61851644515991,0.4886093016436729,7,4e7d0b09,"trainable_4e7d0b09_165_alignn_layers=4,batch_size=8,gcn_layers=2,hidden_features=128,loss=mse,lr=0.0007,weight_decay=0.0000_2026-07-09_03-29-13",0.3197093352911964,0.6044448202511973,0.5919003180346054,0.7716946536104035,4e7d0b09,165,7,0.3197093352911964,8,8,86.36024856567383,ASHA-stopped,True,255
12,0.0968878545931407,1,8,1,64,smoothl1,0.0010371861085153,3.111887260319696e-06,False,95.5431945323944,12,12,group_A,97.11823415756226,7.949148178100586,97.11823415756226,0.1735000427446921,12,61203f1c,"trainable_61203f1c_166_alignn_layers=1,batch_size=8,gcn_layers=1,hidden_features=64,loss=smoothl1,lr=0.0010,weight_decay=0.0000_2026-07-09_03-29-43",0.0968878545931407,0.4664279871910136,0.7486750368468307,0.605592066411327,61203f1c,166,12,0.0968878545931407,16,16,129.1382908821106,ASHA-stopped,True,256
11,0.1224891561127844,3,8,2,256,smoothl1,0.0003203182233107,3.531625673462389e-06,False,109.4060516357422,11,11,group_B,110.942636013031,10.178184270858765,110.942636013031,0.1703679097118622,11,0591a3c6,"trainable_0591a3c6_91_alignn_layers=3,batch_size=8,gcn_layers=2,hidden_features=256,loss=smoothl1,lr=0.0003,weight_decay=0.0000_2026-07-09_03-28-50",0.1224891561127844,0.5161764752018408,0.6731988558256361,0.6905643389762396,0591a3c6,91,11,0.1224891561127844,16,16,160.0763783454895,ASHA-stopped,True,257
14,0.1008781073861336,2,8,3,64,smoothl1,0.0005516716920011,9.135277723172045e-05,False,129.60780501365662,14,14,group_A,131.193870306015,9.367868900299072,131.193870306015,0.1595096625215996,14,9a8f9451,"trainable_9a8f9451_167_alignn_layers=2,batch_size=8,gcn_layers=3,hidden_features=64,loss=smoothl1,lr=0.0006,weight_decay=0.0001_2026-07-09_03-30-05",0.1008781073861336,0.4670885343321237,0.7325301187636072,0.624740708379908,9a8f9451,167,14,0.1008781073861336,16,16,149.60310816764832,ASHA-stopped,True,258
14,0.1008862511565287,2,8,3,64,smoothl1,0.0007242981690277,1.3843675210373883e-06,False,130.37531757354736,14,14,group_B,131.88697338104248,9.374835968017578,131.88697338104248,0.160280813058989,14,868efccf,"trainable_868efccf_92_alignn_layers=2,batch_size=8,gcn_layers=3,hidden_features=64,loss=smoothl1,lr=0.0007,weight_decay=0.0000_2026-07-09_03-30-05",0.1008862511565287,0.4668341983879353,0.7334913934678513,0.623617052897998,868efccf,92,14,0.1008862511565287,16,16,150.60621452331543,ASHA-stopped,True,259
5,0.1378326670675681,1,8,4,128,smoothl1,0.0009311527576111,4.507450204197096e-06,False,45.192891359329224,5,5,group_A,46.78543519973755,8.830238580703735,46.78543519973755,0.2062190770906708,5,c38b52b6,"trainable_c38b52b6_168_alignn_layers=1,batch_size=8,gcn_layers=4,hidden_features=128,loss=smoothl1,lr=0.0009,weight_decay=0.0000_2026-07-09_03-30-14",0.1378326670675681,0.5611282071958386,0.6286379962489743,0.7361411519857194,c38b52b6,168,5,0.1378326670675681,8,8,74.14715027809143,ASHA-stopped,True,260
7,0.2925728740830901,1,8,1,64,mse,0.0004991756980499,1.304543722907329e-06,False,55.93557238578797,7,7,group_A,57.54417896270752,7.9950110912323,57.54417896270752,0.6038123660765642,7,acea26d3,"trainable_acea26d3_170_alignn_layers=1,batch_size=8,gcn_layers=1,hidden_features=64,loss=mse,lr=0.0005,weight_decay=0.0000_2026-07-09_03-31-09",0.2925728740830901,0.567456635287809,0.6265392324851404,0.7382183833952437,acea26d3,170,7,0.2925728740830901,8,8,65.38095712661743,ASHA-stopped,True,261
15,0.1270577729576164,2,4,3,256,smoothl1,0.0004645495591188,8.093235951743414e-06,False,187.3005187511444,15,15,group_A,188.8687036037445,12.428515672683716,188.8687036037445,0.2032227542429458,15,da43d9b9,"trainable_da43d9b9_169_alignn_layers=2,batch_size=4,gcn_layers=3,hidden_features=256,loss=smoothl1,lr=0.0005,weight_decay=0.0000_2026-07-09_03-30-51",0.1270577729576164,0.5359973887988524,0.6619999946167662,0.7022968441231124,da43d9b9,169,15,0.1270577729576164,16,16,201.40675449371335,ASHA-stopped,True,262
41,0.0598846244497628,1,8,3,128,smoothl1,0.0009663211678865,8.293767407308444e-06,False,358.58195781707764,41,41,group_B,360.0255243778229,8.664674282073975,360.0255243778229,0.0530629951367062,41,e7af1fb4,"trainable_e7af1fb4_93_alignn_layers=1,batch_size=8,gcn_layers=3,hidden_features=128,loss=smoothl1,lr=0.0010,weight_decay=0.0000_2026-07-09_03-30-39",0.0598846244497628,0.3352611710529636,0.8382238715708059,0.485869438102382,e7af1fb4,93,41,0.0598846244497628,50,50,438.6151559352875,full-budget,True,263
12,0.0987849557604739,1,8,3,192,smoothl1,0.0007765321943192,3.3230393164033474e-05,False,107.71008396148682,12,12,group_A,109.32482624053956,9.116621017456056,109.32482624053956,0.1761523438390734,12,ed0a4fbf,"trainable_ed0a4fbf_171_alignn_layers=1,batch_size=8,gcn_layers=3,hidden_features=192,loss=smoothl1,lr=0.0008,weight_decay=0.0000_2026-07-09_03-31-13",0.0987849557604739,0.4425379916660014,0.7267439996912993,0.6314619942898885,ed0a4fbf,171,12,0.0987849557604739,16,16,145.2113962173462,ASHA-stopped,True,264
15,0.1205124687896203,1,4,3,128,smoothl1,0.0009196632507418,1.120692523491536e-05,False,169.83890628814697,15,15,group_B,171.42459964752197,11.229074478149414,171.42459964752197,0.2022630133818763,15,0d0a7121,"trainable_0d0a7121_94_alignn_layers=1,batch_size=4,gcn_layers=3,hidden_features=128,loss=smoothl1,lr=0.0009,weight_decay=0.0000_2026-07-09_03-31-33",0.1205124687896203,0.5142187233924067,0.6727368352783611,0.6910523149699814,0d0a7121,94,15,0.1205124687896203,16,16,182.6588897705078,ASHA-stopped,True,265
31,0.0699134842546844,3,8,2,64,smoothl1,0.0015584029811918,3.584039174840586e-05,False,301.4981269836426,31,31,group_A,303.05726885795593,9.648165941238403,303.05726885795593,0.0849085405071641,31,d3544ea2,"trainable_d3544ea2_172_alignn_layers=3,batch_size=8,gcn_layers=2,hidden_features=64,loss=smoothl1,lr=0.0016,weight_decay=0.0000_2026-07-09_03-32-02",0.0699134842546844,0.3702876791462846,0.8001013419562537,0.5400914504971351,d3544ea2,172,31,0.0699134842546844,32,32,312.83513474464417,ASHA-stopped,True,266
5,0.1490982894701932,4,8,3,128,smoothl1,0.0004377553819094,1.5603561022156685e-05,False,53.924696922302246,5,5,group_A,55.56973695755005,10.63332223892212,55.56973695755005,0.2144987333695931,5,36fde590,"trainable_36fde590_173_alignn_layers=4,batch_size=8,gcn_layers=3,hidden_features=128,loss=smoothl1,lr=0.0004,weight_decay=0.0000_2026-07-09_03-32-08",0.1490982894701932,0.5865037352428124,0.6084172430357835,0.7559170534709979,36fde590,173,5,0.1490982894701932,8,8,87.92114639282227,ASHA-stopped,True,267
44,0.0505784095373379,2,8,1,64,smoothl1,0.0007033122173895,2.721437009764781e-06,False,379.1270241737366,44,44,group_A,380.63613080978394,8.567682266235352,380.63613080978394,0.0665413595005193,44,f0c92e93,"trainable_f0c92e93_174_alignn_layers=2,batch_size=8,gcn_layers=1,hidden_features=64,loss=smoothl1,lr=0.0007,weight_decay=0.0000_2026-07-09_03-32-15",0.0505784095373379,0.3203641356881956,0.870374833010399,0.4349176449536633,f0c92e93,174,44,0.0505784095373379,50,50,432.2853524684906,full-budget,True,268
6,0.1642759742717894,1,4,3,64,smoothl1,0.0008346170426053,2.450086978290691e-05,False,66.08942008018494,6,6,group_A,67.69377446174622,10.776450157165527,67.69377446174622,0.2598890551191787,6,3523a4c1,"trainable_3523a4c1_175_alignn_layers=1,batch_size=4,gcn_layers=3,hidden_features=64,loss=smoothl1,lr=0.0008,weight_decay=0.0000_2026-07-09_03-32-18",0.1642759742717894,0.6203581688813344,0.5663701687629074,0.7954665812777191,3523a4c1,175,6,0.1642759742717894,8,8,89.39187049865723,ASHA-stopped,True,269
5,0.2773116047262515,1,8,3,128,mse,0.001119068890036,5.435229981903025e-06,False,43.5842387676239,5,5,group_B,45.14788627624512,8.455337285995483,45.14788627624512,0.5532483065340219,5,dc0c5c89,"trainable_dc0c5c89_95_alignn_layers=1,batch_size=8,gcn_layers=3,hidden_features=128,loss=mse,lr=0.0011,weight_decay=0.0000_2026-07-09_03-32-06",0.2773116047262515,0.5610180821772628,0.6460197931126329,0.7187069633429329,dc0c5c89,95,5,0.2773116047262515,8,8,71.30957245826721,ASHA-stopped,True,270
5,0.2738238562036443,1,8,4,128,mse,0.000590549447657,2.0836985814908897e-05,False,45.32253909111023,5,5,group_A,46.95849370956421,8.887957334518433,46.95849370956421,0.5451706523484035,5,dc864037,"trainable_dc864037_176_alignn_layers=1,batch_size=8,gcn_layers=4,hidden_features=128,loss=mse,lr=0.0006,weight_decay=0.0000_2026-07-09_03-32-22",0.2738238562036443,0.5256386357948014,0.6504717969576612,0.7141730791440727,dc864037,176,5,0.2738238562036443,8,8,74.48157405853271,ASHA-stopped,True,271
42,0.0588751435279846,1,8,3,128,smoothl1,0.0013963012589916,4.650069182264482e-06,False,368.13764667510986,42,42,group_B,369.6297559738159,8.683855533599854,369.6297559738159,0.050060924301396,42,f482cfe7,"trainable_f482cfe7_96_alignn_layers=1,batch_size=8,gcn_layers=3,hidden_features=128,loss=smoothl1,lr=0.0014,weight_decay=0.0000_2026-07-09_03-32-48",0.0588751435279846,0.3229381727705675,0.8400440309120447,0.4831284237054781,f482cfe7,96,42,0.0588751435279846,50,50,439.54643869400024,full-budget,True,272
28,0.0706906060653704,2,8,1,256,smoothl1,0.0006346477570021,4.2396711736265056e-05,False,247.35263586044312,28,28,group_A,248.84300422668457,8.756417274475098,248.84300422668457,0.0928943323669188,28,06b4c249,"trainable_06b4c249_177_alignn_layers=2,batch_size=8,gcn_layers=1,hidden_features=256,loss=smoothl1,lr=0.0006,weight_decay=0.0000_2026-07-09_03-32-47",0.0706906060653704,0.3707612277430707,0.8043439690161831,0.5343292920006893,06b4c249,177,28,0.0706906060653704,32,32,284.2777874469757,ASHA-stopped,True,273
7,0.1432769389221908,1,8,3,64,smoothl1,0.0008775272318098,1.2382030120681647e-05,False,61.0396032333374,7,7,group_A,62.634770154953,8.647250890731812,62.634770154953,0.200151132852565,7,b54fb2db,"trainable_b54fb2db_178_alignn_layers=1,batch_size=8,gcn_layers=3,hidden_features=64,loss=smoothl1,lr=0.0009,weight_decay=0.0000_2026-07-09_03-33-46",0.1432769389221908,0.5692784582467163,0.6239947808058579,0.7407289181328374,b54fb2db,178,7,0.1432769389221908,8,8,71.14215636253357,ASHA-stopped,True,274
40,0.0664766215812907,1,8,3,128,smoothl1,0.001025322210026,2.735999773728892e-06,False,354.0283601284027,40,40,group_B,355.4603900909424,8.808772087097168,355.4603900909424,0.0563312892638357,40,41baf062,"trainable_41baf062_97_alignn_layers=1,batch_size=8,gcn_layers=3,hidden_features=128,loss=smoothl1,lr=0.0010,weight_decay=0.0000_2026-07-09_03-33-13",0.0664766215812907,0.3379732916555648,0.81758431620437,0.5159331710638914,41baf062,97,40,0.0664766215812907,50,50,443.8520324230194,full-budget,True,275
3,0.1569678173375823,3,8,3,192,smoothl1,0.0005403050662634,9.65394736144562e-06,False,30.749853134155273,3,3,group_A,32.344778060913086,10.090723514556885,32.344778060913086,0.2349705291057276,3,d938f50a,"trainable_d938f50a_179_alignn_layers=3,batch_size=8,gcn_layers=3,hidden_features=192,loss=smoothl1,lr=0.0005,weight_decay=0.0000_2026-07-09_03-33-55",0.1569678173375823,0.5900532017574079,0.5847140454763695,0.7784594315077554,d938f50a,179,3,0.1569678173375823,8,8,83.24453592300415,ASHA-stopped,True,276
4,0.1616935470589885,4,8,2,128,smoothl1,0.0007350272713582,3.756242784122383e-06,False,41.709874391555786,4,4,group_A,43.324055910110474,10.142453670501707,43.324055910110474,0.2243595979592767,4,e000e4c9,"trainable_e000e4c9_180_alignn_layers=4,batch_size=8,gcn_layers=2,hidden_features=128,loss=smoothl1,lr=0.0007,weight_decay=0.0000_2026-07-09_03-34-05",0.1616935470589885,0.6166356309620746,0.5712503007285865,0.7909777689312357,e000e4c9,180,4,0.1616935470589885,8,8,84.76025319099426,ASHA-stopped,True,277
7,0.1573472003299723,1,4,1,64,smoothl1,0.0003878183533843,6.912054541172645e-06,False,67.61820197105408,7,7,group_A,69.21276044845581,9.481184720993042,69.21276044845581,0.2695016229109516,7,83ea36c7,"trainable_83ea36c7_181_alignn_layers=1,batch_size=4,gcn_layers=1,hidden_features=64,loss=smoothl1,lr=0.0004,weight_decay=0.0000_2026-07-09_03-34-30",0.1573472003299723,0.59520489677442,0.5843415023116858,0.7788085219669656,83ea36c7,181,7,0.1573472003299723,8,8,78.856374502182,ASHA-stopped,True,278
8,0.2493865917284022,2,8,3,64,mse,0.000975950953218,5.5355958601817785e-05,True,75.5810079574585,8,8,group_A,77.22179937362671,9.219916582107544,77.22179937362671,0.4969711575345666,8,a5aef4ce,"trainable_a5aef4ce_182_alignn_layers=2,batch_size=8,gcn_layers=3,hidden_features=64,loss=mse,lr=0.0010,weight_decay=0.0001_2026-07-09_03-34-34",0.2493865917284022,0.5384464243933538,0.6816652615425682,0.6815604487221045,a5aef4ce,182,8,0.2493865917284022,8,8,77.22179937362671,ASHA-stopped,True,279
49,0.0599084499503963,1,8,3,128,smoothl1,0.0008371236347495,8.618252623177232e-06,False,425.91601371765137,49,49,group_B,427.3745160102844,8.913196563720703,427.3745160102844,0.0564290711440396,49,60bc8312,"trainable_60bc8312_98_alignn_layers=1,batch_size=8,gcn_layers=3,hidden_features=128,loss=smoothl1,lr=0.0008,weight_decay=0.0000_2026-07-09_03-34-02",0.0599084499503963,0.3343471527159558,0.8316239707792699,0.4956812542114793,60bc8312,98,49,0.0599084499503963,50,50,436.2530035972595,full-budget,True,280
5,0.1252170056893081,1,8,4,128,smoothl1,0.0007536095915793,2.850739755826555e-05,False,45.91810655593872,5,5,group_A,47.53165149688721,8.98647665977478,47.53165149688721,0.2048329505738339,5,36bb6a6c,"trainable_36bb6a6c_183_alignn_layers=1,batch_size=8,gcn_layers=4,hidden_features=128,loss=smoothl1,lr=0.0008,weight_decay=0.0000_2026-07-09_03-35-09",0.1252170056893081,0.5253499897114655,0.6636966363646062,0.7005319843938128,36bb6a6c,183,5,0.1252170056893081,8,8,75.16835021972656,ASHA-stopped,True,281
7,0.1418926873140865,1,8,3,64,smoothl1,0.000788657103848,5.885034191781458e-06,False,60.7346396446228,7,7,group_A,62.36101317405701,8.651127815246582,62.36101317405701,0.2015661617656378,7,48dd3081,"trainable_48dd3081_184_alignn_layers=1,batch_size=8,gcn_layers=3,hidden_features=64,loss=smoothl1,lr=0.0008,weight_decay=0.0000_2026-07-09_03-35-31",0.1418926873140865,0.5672829399849706,0.6293641872557698,0.7354210450894476,48dd3081,184,7,0.1418926873140865,8,8,70.86976838111877,ASHA-stopped,True,282
31,0.0661288183773793,2,8,1,256,smoothl1,0.0006554384964282,1.8992353265438224e-05,False,275.1096315383911,31,31,group_A,276.62417936325073,8.759196996688843,276.62417936325073,0.0761206272812934,31,6f1f00b0,"trainable_6f1f00b0_185_alignn_layers=2,batch_size=8,gcn_layers=1,hidden_features=256,loss=smoothl1,lr=0.0007,weight_decay=0.0000_2026-07-09_03-35-56",0.0661288183773793,0.3485629442693836,0.817352813964005,0.5162604505267715,6f1f00b0,185,31,0.0661288183773793,32,32,285.55195140838623,ASHA-stopped,True,283
7,0.1478026421770217,1,8,3,64,smoothl1,0.001088412888843,6.359658906087704e-05,False,60.98058366775513,7,7,group_A,62.55822134017944,8.68897294998169,62.55822134017944,0.1987613733266826,7,6b241595,"trainable_6b241595_186_alignn_layers=1,batch_size=8,gcn_layers=3,hidden_features=64,loss=smoothl1,lr=0.0011,weight_decay=0.0001_2026-07-09_03-35-59",0.1478026421770217,0.5790225370921364,0.6075058192552609,0.7567962550403334,6b241595,186,7,0.1478026421770217,8,8,71.11062717437744,ASHA-stopped,True,284
4,0.1547768086825729,3,4,3,192,smoothl1,0.0011502409686868,1.3729302644084647e-05,False,55.73000526428223,4,4,group_A,57.3515739440918,13.988699913024902,57.3515739440918,0.2735562583598982,4,18d9c21d,"trainable_18d9c21d_187_alignn_layers=3,batch_size=4,gcn_layers=3,hidden_features=192,loss=smoothl1,lr=0.0012,weight_decay=0.0000_2026-07-09_03-36-29",0.1547768086825729,0.5944511649599696,0.5751093934317799,0.787410004020485,18d9c21d,187,4,0.1547768086825729,8,8,113.10616064071657,ASHA-stopped,True,285
7,0.3203558879239218,4,8,2,128,mse,0.0005203538155208,1.1715132737020088e-05,False,72.43065619468689,7,7,group_A,74.03632497787476,10.291182279586792,74.03632497787476,0.4829628233496808,7,edb6f4d4,"trainable_edb6f4d4_188_alignn_layers=4,batch_size=8,gcn_layers=2,hidden_features=128,loss=mse,lr=0.0005,weight_decay=0.0000_2026-07-09_03-36-49",0.3203558879239218,0.6031768777623656,0.5910750201890256,0.7724745565356459,edb6f4d4,188,7,0.3203558879239218,8,8,84.42250370979309,ASHA-stopped,True,286
15,0.1056347690798618,1,8,1,64,smoothl1,0.000618263325877,9.851968221056812e-05,False,122.56057095527648,15,15,group_A,124.12046551704408,8.090910911560059,124.12046551704408,0.1495332578816368,15,5c0fce6d,"trainable_5c0fce6d_189_alignn_layers=1,batch_size=8,gcn_layers=1,hidden_features=64,loss=smoothl1,lr=0.0006,weight_decay=0.0001_2026-07-09_03-37-10",0.1056347690798618,0.4666005843940595,0.7022065048905459,0.659204201526007,5c0fce6d,189,15,0.1056347690798618,16,16,132.3067708015442,ASHA-stopped,True,287
14,0.0938631621775803,2,8,3,64,smoothl1,0.0010079432120308,1.1082799605144406e-06,False,132.61701083183289,14,14,group_A,134.25147557258606,9.53605341911316,134.25147557258606,0.164586906863954,14,c5365f4e,"trainable_c5365f4e_190_alignn_layers=2,batch_size=8,gcn_layers=3,hidden_features=64,loss=smoothl1,lr=0.0010,weight_decay=0.0000_2026-07-09_03-37-24",0.0938631621775803,0.4376720971628153,0.7462310414119238,0.608529465499159,c5365f4e,190,14,0.0938631621775803,16,16,153.07922101020813,ASHA-stopped,True,288
39,0.056259797496731,1,8,3,128,smoothl1,0.0012793035292721,4.876976638943077e-05,False,341.52710032463074,39,39,group_A,343.059894323349,8.794389963150024,343.059894323349,0.0592886223258491,39,3812e210,"trainable_3812e210_191_alignn_layers=1,batch_size=8,gcn_layers=3,hidden_features=128,loss=smoothl1,lr=0.0013,weight_decay=0.0000_2026-07-09_03-37-33",0.056259797496731,0.3318340093613902,0.8513474459873925,0.4657453749752024,3812e210,191,39,0.056259797496731,50,50,439.2355239391327,full-budget,True,289
5,0.1358463940797028,1,8,4,64,smoothl1,0.0009248642532683,5.087213395297619e-06,False,45.05707621574402,5,5,group_A,46.68191623687744,8.789432287216187,46.68191623687744,0.22120105136257,5,fa309e95,"trainable_fa309e95_192_alignn_layers=1,batch_size=8,gcn_layers=4,hidden_features=64,loss=smoothl1,lr=0.0009,weight_decay=0.0000_2026-07-09_03-37-43",0.1358463940797028,0.5500575062308434,0.6497063726664207,0.7149546276337876,fa309e95,192,5,0.1358463940797028,8,8,73.25539088249207,ASHA-stopped,True,290
5,0.145583832468936,2,4,1,256,smoothl1,0.0004190504312262,3.2606486800088063e-06,False,58.5849666595459,5,5,group_A,60.161667585372925,11.672470092773438,60.161667585372925,0.2467755587664852,5,2014b15d,"trainable_2014b15d_193_alignn_layers=2,batch_size=4,gcn_layers=1,hidden_features=256,loss=smoothl1,lr=0.0004,weight_decay=0.0000_2026-07-09_03-38-33",0.145583832468936,0.5769382114547507,0.6169319579923547,0.7476534198908866,2014b15d,193,5,0.145583832468936,8,8,95.58058214187622,ASHA-stopped,True,291
7,0.2992460703250592,1,8,3,64,mse,0.00056492501663,2.6024263926133396e-05,False,60.72654700279236,7,7,group_A,62.36662745475769,8.836119413375854,62.36662745475769,0.5523116133807913,7,ce0437ab,"trainable_ce0437ab_194_alignn_layers=1,batch_size=8,gcn_layers=3,hidden_features=64,loss=mse,lr=0.0006,weight_decay=0.0000_2026-07-09_03-38-38",0.2992460703250592,0.5840583226089344,0.6180210827614838,0.7465898131925401,ce0437ab,194,7,0.2992460703250592,8,8,70.91842794418335,ASHA-stopped,True,292
13,0.1269878093448896,1,4,3,128,smoothl1,0.0018499711650206,6.134832229797887e-06,False,148.57022309303284,13,13,group_B,150.07166838645935,11.391425848007202,150.07166838645935,0.2354940458999761,13,7bc42d7a,"trainable_7bc42d7a_99_alignn_layers=1,batch_size=4,gcn_layers=3,hidden_features=128,loss=smoothl1,lr=0.0018,weight_decay=0.0000_2026-07-09_03-35-12",0.1269878093448896,0.5408617607100527,0.6650845630540452,0.6990849392885976,7bc42d7a,99,13,0.1269878093448896,16,16,184.3728382587433,ASHA-stopped,True,293
4,0.1503884678795224,3,8,3,192,smoothl1,0.0006855943721561,7.821253230666728e-05,False,40.70711636543274,4,4,group_A,42.33233618736267,10.061920642852783,42.33233618736267,0.2075562479269983,4,18a72bbe,"trainable_18a72bbe_195_alignn_layers=3,batch_size=8,gcn_layers=3,hidden_features=192,loss=smoothl1,lr=0.0007,weight_decay=0.0001_2026-07-09_03-38-45",0.1503884678795224,0.5920567689713947,0.6024507251600248,0.7616542084121165,18a72bbe,195,4,0.1503884678795224,8,8,83.55348038673401,ASHA-stopped,True,294
49,0.0597564395561459,2,8,1,128,smoothl1,0.0007027809757054,2.687038536132206e-06,False,427.0672082901001,49,49,group_A,428.5953261852264,8.65976095199585,428.5953261852264,0.0577481779722966,49,bcf64bb8,"trainable_bcf64bb8_196_alignn_layers=2,batch_size=8,gcn_layers=1,hidden_features=128,loss=smoothl1,lr=0.0007,weight_decay=0.0000_2026-07-09_03-39-33",0.0597564395561459,0.3350127764939168,0.8380484996809798,0.4861327178665663,bcf64bb8,196,49,0.0597564395561459,50,50,437.42472553253174,full-budget,True,295
4,0.1505588768887772,2,8,1,64,smoothl1,0.0012083113519356,3.0932277867986834e-05,False,35.28063201904297,4,4,group_A,36.86920356750488,8.68250846862793,36.86920356750488,0.2361710324559736,4,bf49d729,"trainable_bf49d729_197_alignn_layers=2,batch_size=8,gcn_layers=1,hidden_features=64,loss=smoothl1,lr=0.0012,weight_decay=0.0000_2026-07-09_03-39-40",0.1505588768887772,0.5859291052725819,0.6020547972114287,0.7620333880033493,bf49d729,197,4,0.1505588768887772,8,8,70.94427132606506,ASHA-stopped,True,296
50,0.0496761531214274,2,8,1,64,smoothl1,0.0008350182411692,1.3314703565427604e-06,True,433.0261583328247,50,50,group_A,434.5272927284241,8.632415533065796,434.5272927284241,0.0673378688271615,50,f770353c,"trainable_f770353c_198_alignn_layers=2,batch_size=8,gcn_layers=1,hidden_features=64,loss=smoothl1,lr=0.0008,weight_decay=0.0000_2026-07-09_03-39-49",0.0496761531214274,0.3194884380553493,0.8721669432239992,0.4319007420957333,f770353c,198,50,0.0496761531214274,50,50,434.5272927284241,full-budget,True,297
6,0.162279103168104,2,4,1,64,smoothl1,0.0007214038437598,1.6547144418697823e-06,False,66.09610414505005,6,6,group_A,67.72145342826843,10.762112140655518,67.72145342826843,0.2611009230931645,6,6982e1d0,"trainable_6982e1d0_199_alignn_layers=2,batch_size=4,gcn_layers=1,hidden_features=64,loss=smoothl1,lr=0.0007,weight_decay=0.0000_2026-07-09_03-39-59",0.162279103168104,0.6119889169077953,0.5738375057964161,0.7885876585392271,6982e1d0,199,6,0.162279103168104,8,8,89.51164102554321,ASHA-stopped,True,298
5,0.2530771111527448,2,8,1,128,mse,0.001475054777525,1.768067955417348e-05,False,43.65750026702881,5,5,group_A,45.24283766746521,8.609610795974731,45.24283766746521,0.5366718358629389,5,cbe65091,"trainable_cbe65091_200_alignn_layers=2,batch_size=8,gcn_layers=1,hidden_features=128,loss=mse,lr=0.0015,weight_decay=0.0000_2026-07-09_03-40-09",0.2530771111527448,0.5296410301838033,0.6769544186350418,0.686584928483375,cbe65091,200,5,0.2530771111527448,8,8,71.36909365653992,ASHA-stopped,True,299
4,0.2834542840719223,1,8,3,128,mse,0.0007436567579191,3.2096941760692932e-06,False,35.81992173194885,4,4,group_B,37.41827058792114,8.838364362716675,37.41827058792114,0.588705312095244,4,981fb2d3,"trainable_981fb2d3_100_alignn_layers=1,batch_size=8,gcn_layers=3,hidden_features=128,loss=mse,lr=0.0007,weight_decay=0.0000_2026-07-09_03-38-55",0.2834542840719223,0.5723361749608937,0.6381788371518817,0.7266233433219872,981fb2d3,100,4,0.2834542840719223,8,8,72.81351065635681,ASHA-stopped,True,300
